tree
version=v4
num_class=1
num_tree_per_iteration=1
label_index=0
max_feature_idx=8
objective=regression
feature_names=task_type machine_type planned_quantity baseline_cycle_time_sec ground_softness rain slope_deg avg_load_pct is_night
feature_infos=[0:3] [0:2] [20:1197] [24.59:64.409999999999997] [0.02:1] [0:1] [0:13] [30.960000000000001:98] [0:1]
tree_sizes=2017 2169 2332 2246 2169 2178 2016 2178 1928 2009 2172 2338 2350 2418 2421 2101 2009 2105 1935 2019 2172 2187 2179 2182 2027 2029 2110 2108 2112 2192 2186 2281 2202 2109 2189 2115 2022 2358 2209 2196 2208 2102 2181 2015 2291 2218 2045 2203 2046 2304 2373 2303 2292 2298 2222 2140 2127 2301 2291 2296 2213 2133 2215 2109 2132 2130 2050 2229 2213 2151 2066 2072 2069 2157 1986 2229 2071 2314 2213 2067 2228 2305 2303 2227 2303 2237 2306 2410 2396 2133 2145 2149 2060 2221 2228 2250 2161

Tree=0
num_leaves=24
num_cat=0
split_feature=1 4 3 0 4 3 4 4 7 4 4 3 5 7 5 6 3 7 7 7 0 7 4
split_gain=475022 51132.2 14810.2 11156.2 7310.04 6499.5 4684.28 3965.45 3123.92 1870.78 1188.11 781.093 681.779 681.74 573.987 620.982 540.666 373.89 274.608 161.996 116.977 42.3902 24.8189
threshold=1.0000000180025095e-35 0.45200000000000007 42.525000000000013 1.5000000000000002 0.37050000000000005 44.080000000000005 0.55550000000000022 0.56050000000000011 61.510000000000005 0.28050000000000008 0.26050000000000006 26.235000000000003 1.0000000180025095e-35 70.450000000000003 1.0000000180025095e-35 5.3800000000000017 33.260000000000012 68.670000000000016 73.250000000000014 77.045000000000002 2.5000000000000004 65.00500000000001 0.22000000000000003
decision_type=2 2 2 2 2 2 2 2 2 2 2 2 2 2 2 2 2 2 2 2 2 2 2
left_child=1 4 -3 7 5 8 9 10 -1 18 17 13 -8 -12 15 19 -14 -2 21 20 -11 -5 -20
right_child=3 2 -4 6 -6 -7 12 -9 -10 14 11 -13 16 -15 -16 -17 -18 -19 22 -21 -22 -23 -24
leaf_value=45.87807295862747 43.493205225231748 46.837529486961984 48.43727253091641 43.16594254882439 46.737639768975122 46.380780271291734 43.621046900093553 44.46685981369788 45.085098763174479 43.197066900491713 43.968287421142733 44.156953787762546 43.770071904659268 43.611604033254444 43.643276307302365 43.577544192269045 44.137721899226307 43.785921894386412 43.244580218394596 43.421608967164467 43.353312111056368 43.078561192069735 43.319996896982197
leaf_weight=23 24 23 39 23 28 30 25 31 27 25 37 29 20 21 34 37 20 20 24 29 23 35 20
leaf_count=23 24 23 39 23 28 30 25 31 27 25 37 29 20 21 34 37 20 20 24 29 23 35 20
internal_value=44.4299 46.6993 47.8438 43.6211 46.0423 45.799 43.4477 43.9583 45.4499 43.3494 43.838 43.9451 43.8259 43.8391 43.463 43.4092 43.9539 43.6263 43.1847 43.3283 43.2719 43.1132 43.2789
internal_weight=647 170 62 477 108 80 315 162 50 250 131 87 65 58 148 114 40 44 102 77 48 58 44
internal_count=647 170 62 477 108 80 315 162 50 250 131 87 65 58 148 114 40 44 102 77 48 58 44
is_linear=0
shrinkage=1


Tree=1
num_leaves=25
num_cat=0
split_feature=2 2 4 0 2 2 4 5 4 5 3 2 3 2 3 4 2 2 4 2 2 4 4 4
split_gain=567477 68464.5 33069.6 16057 10514.6 6513.01 3314.72 2906.22 2833.6 2028.29 1861.55 1566.5 1689.64 1026.41 660.142 641.124 636.478 467.935 231.945 225.044 158.506 150.059 97.9493 69.8797
threshold=654.00000000000011 357.50000000000006 0.50600000000000012 1.0000000180025095e-35 1057.5000000000002 92.000000000000014 0.5465000000000001 1.0000000180025095e-35 0.37750000000000006 1.0000000180025095e-35 37.315000000000005 226.00000000000003 41.45000000000001 473.00000000000006 30.375000000000004 0.32550000000000007 63.500000000000007 120.50000000000001 0.32150000000000006 158.00000000000003 178.00000000000003 0.32950000000000007 0.32950000000000007 0.31500000000000006
decision_type=2 2 2 2 2 2 2 2 2 2 2 2 2 2 2 2 2 2 2 2 2 2 2 2
left_child=1 5 4 7 -2 9 11 13 -5 16 -8 12 15 -3 21 19 22 -14 -19 -7 -17 -13 -1 -18
right_child=2 3 -4 8 -6 6 10 -9 -10 -11 -12 14 17 -15 -16 20 23 18 -20 -21 -22 -23 -24 -25
leaf_value=-1.5624977692313817 2.5039624239269056 -0.41174159901482721 5.0153114134265531 0.72204358904134658 3.9203221130371091 -1.334053439185733 -0.69060566578155913 0.47052620215260466 1.509884937286377 -0.88994516134262092 -0.14441394313023642 -0.88886387443542481 -0.94212240758149512 -0.0029439607087303615 -0.50734506802212809 -1.0284007877111436 -1.2836721467971803 -0.78724671125411994 -0.55442823223445725 -1.1220636275506788 -0.84896659851074219 -0.70511590242385869 -1.4112022686004639 -1.1530812535967145
leaf_weight=23 38 28 31 21 20 21 39 23 25 32 26 25 23 34 31 32 20 20 23 31 20 20 20 21
leaf_count=23 38 28 31 21 20 21 39 23 25 32 26 25 23 34 31 32 20 20 23 31 20 20 20 21
internal_value=-0.0107972 -0.602182 3.69699 0.397735 2.99236 -0.908948 -0.789688 -0.00949126 1.15022 -1.22869 -0.472129 -0.873595 -0.957958 -0.187562 -0.68489 -1.08353 -1.35773 -0.760085 -0.662716 -1.20767 -0.959388 -0.807198 -1.49213 -1.21678
internal_weight=647 558 89 131 58 427 311 85 46 116 65 246 170 62 76 104 84 66 43 52 52 45 43 41
internal_count=647 558 89 131 58 427 311 85 46 116 65 246 170 62 76 104 84 66 43 52 52 45 43 41
is_linear=0
shrinkage=0.05


Tree=2
num_leaves=27
num_cat=0
split_feature=2 2 4 0 2 2 3 4 2 4 5 5 2 2 2 2 2 2 4 7 4 4 3 4 4 4
split_gain=512148 61789.2 29845.4 14491.4 9772.59 5889.25 3207.05 2731.36 2595.21 2403.81 1768.04 1761.92 1671.01 1355.89 995.031 495.486 472.208 399.354 315.942 315.374 296.342 255.637 235.865 180.158 88.3992 41.3515
threshold=654.00000000000011 357.50000000000006 0.50600000000000012 1.0000000180025095e-35 848.50000000000011 106.50000000000001 41.45000000000001 0.37750000000000006 531.00000000000011 0.5465000000000001 1.0000000180025095e-35 1.0000000180025095e-35 220.00000000000003 484.00000000000006 63.500000000000007 150.50000000000003 484.00000000000006 128.50000000000003 0.42450000000000004 71.290000000000006 0.35150000000000003 0.33250000000000007 60.32500000000001 0.29950000000000004 0.32950000000000007 0.29350000000000004
decision_type=2 2 2 2 2 2 2 2 2 2 2 2 2 2 2 2 2 2 2 2 2 2 2 2 2 2
left_child=1 5 4 7 -2 10 11 16 -5 17 14 12 15 -9 24 -7 -3 -8 -13 -12 -14 -19 25 -17 -1 -16
right_child=2 3 -4 8 -6 6 9 13 -10 -11 19 18 20 -15 22 23 -18 21 -20 -21 -22 -23 -24 -25 -26 -27
leaf_value=-1.4843728687452233 1.9812507924579439 -0.4620489497482777 4.7645457667689177 0.74850214438140394 3.3316999590074694 -1.2567073125105639 -0.80704541683197029 -0.010033289790153504 1.5024753525143577 0.0056978577189147478 -0.98605115981329061 -0.73411592364311229 -0.83311666780047955 0.56520818216460089 -1.2233225393295291 -1.0837811691420418 -0.13308940976858138 -0.65507349682890847 -0.47579609484508123 -0.71202748843601782 -0.6183468619297291 -0.41666979029436002 -0.9621881556510925 -0.90597113576428656 -1.3406421518325806 -1.121647243499756
leaf_weight=23 21 20 31 25 37 26 20 20 21 20 21 20 36 21 20 28 24 23 29 21 29 22 20 29 20 20
leaf_count=23 21 20 31 25 37 26 20 20 21 20 21 20 36 21 20 28 24 23 29 21 29 22 20 29 20 20
internal_value=-0.0102573 -0.572073 3.51214 0.377848 2.84274 -0.8635 -0.730349 -0.00901669 1.09271 -0.473651 -1.12246 -0.841107 -0.927147 0.284603 -1.23395 -1.07582 -0.282616 -0.621144 -0.581233 -0.849039 -0.737296 -0.538521 -1.10239 -0.993316 -1.41752 -1.17248
internal_weight=647 558 89 131 58 427 282 85 46 85 145 197 148 41 103 83 44 65 49 42 65 45 60 57 43 40
internal_count=647 558 89 131 58 427 282 85 46 85 145 197 148 41 103 83 44 65 49 42 65 45 60 57 43 40
is_linear=0
shrinkage=0.05


Tree=3
num_leaves=26
num_cat=0
split_feature=2 2 2 0 2 3 5 2 7 5 5 2 2 2 2 3 6 2 6 7 2 2 2 3 2
split_gain=462214 55764.8 22272.2 13078.5 5329.58 3156.66 2506.6 2342.18 1821.93 1625.12 1516.23 1405.45 1044.41 848.254 506.838 421.198 376.262 365.566 297.339 291.914 230.216 173.436 156.951 94.5238 11.1651
threshold=654.00000000000011 357.50000000000006 930.50000000000011 1.0000000180025095e-35 112.50000000000001 41.45000000000001 1.0000000180025095e-35 531.00000000000011 59.185000000000009 1.0000000180025095e-35 1.0000000180025095e-35 220.00000000000003 63.500000000000007 473.00000000000006 140.50000000000003 51.845000000000006 4.4250000000000007 150.50000000000003 4.6000000000000005 70.905000000000015 183.50000000000003 92.000000000000014 191.50000000000003 29.610000000000003 43.500000000000007
decision_type=2 2 2 2 2 2 2 2 2 2 2 2 2 2 2 2 2 2 2 2 2 2 2 2 2
left_child=1 4 16 6 9 10 13 -5 -4 12 11 17 24 -3 -7 -14 -2 -6 -13 -11 -12 -17 -16 -19 -1
right_child=2 3 8 7 5 14 -8 -9 -10 19 20 18 15 -15 22 21 -18 23 -20 -21 -22 -23 -24 -25 -26
leaf_value=-1.3704037210215694 2.3077419161796571 -0.37773812285491398 3.7524444351196289 0.71107703495025643 -1.1762736082077028 -0.58201732805797035 0.43722873692927156 1.4273515905652729 4.3623444477717079 -0.93124284267425539 -0.67731489908127562 -0.79943850789751325 -1.2274853801727295 -0.0061085771111881034 -0.39075297120559432 -1.0352338264728416 2.6144430494308475 -1.0191519518693288 -0.5849232826630274 -0.6700548949448959 -0.45831329779965541 -0.8465581485203334 -0.20736174909397961 -0.88874055833527543 -1.3193231153488161
leaf_weight=23 20 28 25 25 24 28 23 21 24 20 21 35 20 34 28 29 20 24 30 23 28 21 20 33 20
leaf_count=23 20 28 25 25 24 28 23 21 24 20 21 35 20 34 28 29 20 24 30 23 28 21 20 33 20
internal_value=-0.00974448 -0.543469 3.33653 0.358956 -0.820325 -0.686302 -0.00856586 1.03807 4.05117 -1.05315 -0.792836 -0.873608 -1.1527 -0.173941 -0.412958 -1.03356 2.46109 -1.01258 -0.700431 -0.791538 -0.552171 -0.95599 -0.31434 -0.943651 -1.34665
internal_weight=647 558 89 131 427 271 85 46 49 156 195 146 113 62 76 70 40 81 65 43 49 50 48 57 43
internal_count=647 558 89 131 427 271 85 46 49 156 195 146 113 62 76 70 40 81 65 43 49 50 48 57 43
is_linear=0
shrinkage=0.05


Tree=4
num_leaves=25
num_cat=0
split_feature=2 2 2 0 2 3 5 2 7 5 2 5 2 2 2 2 2 6 6 2 2 3 3 7
split_gain=417148 50327.7 20100.7 11803.4 4815.71 2278.92 2262.2 2117.23 1644.29 1504.19 1300.5 1271.21 1451.11 765.549 460.259 425.745 402.846 339.577 268.349 168.022 139.893 86.9154 85.3077 5.25037
threshold=654.00000000000011 357.50000000000006 930.50000000000011 1.0000000180025095e-35 92.000000000000014 41.45000000000001 1.0000000180025095e-35 539.50000000000011 59.185000000000009 1.0000000180025095e-35 135.50000000000003 1.0000000180025095e-35 220.00000000000003 473.00000000000006 58.000000000000007 148.50000000000003 150.50000000000003 4.4250000000000007 4.6000000000000005 191.50000000000003 112.50000000000001 57.245000000000005 29.610000000000003 70.320000000000007
decision_type=2 2 2 2 2 2 2 2 2 2 2 2 2 2 2 2 2 2 2 2 2 2 2 2
left_child=1 4 17 6 9 11 13 -5 -4 14 20 12 16 -3 23 -13 -6 -2 -14 -12 -7 -16 -18 -1
right_child=2 3 8 7 5 10 -8 -9 -10 -11 19 15 18 -15 21 -17 22 -19 -20 -21 -22 -23 -24 -25
leaf_value=-1.3026991548992339 2.1923548340797425 -0.35885121364678657 3.5648222885131839 0.68865701510356025 -1.1181457966566086 -0.74815595425092263 0.41536729206209605 1.3729330897331238 4.1442272583643591 -0.7625353239476681 -0.38065557854645182 -0.74198142006283718 -0.75946658202580053 -0.0058031416991177727 -1.1173810875934105 -0.45564467924482682 -0.96819431781768805 2.4837208843231204 -0.5556771077712378 -0.1969936591386795 -0.57887199339659323 -0.97486174821853633 -0.84430352702285316 -1.2669033288955689
leaf_weight=21 20 28 25 26 32 26 23 20 24 32 33 21 35 34 23 34 24 20 30 20 23 20 33 20
leaf_count=21 20 28 25 26 32 26 23 20 24 32 33 21 35 34 23 34 24 20 30 20 23 20 33 20
internal_value=-0.00925725 -0.516296 3.1697 0.341008 -0.779309 -0.676759 -0.00813757 0.986168 3.84861 -1.05425 -0.483016 -0.771313 -0.845006 -0.165244 -1.16538 -0.564973 -0.976172 2.33804 -0.66541 -0.311349 -0.668696 -1.05109 -0.896468 -1.28524
internal_weight=647 558 89 131 427 311 85 46 49 116 102 209 154 62 84 55 89 40 65 53 49 43 57 41
internal_count=647 558 89 131 427 311 85 46 49 116 102 209 154 62 84 55 89 40 65 53 49 43 57 41
is_linear=0
shrinkage=0.05


Tree=5
num_leaves=25
num_cat=0
split_feature=2 2 2 0 4 4 2 5 5 4 3 5 2 2 3 4 4 2 4 2 2 3 4 6
split_gain=357452 43560.8 19023 10195.7 6565.06 5126.16 3485.44 2805.8 2759.43 1952.53 1334.78 1052.93 1031.41 973.465 816.321 776.587 606.23 418.438 350.411 336.549 254.218 278.239 169.785 17.5447
threshold=654.00000000000011 333.50000000000006 961.00000000000011 1.0000000180025095e-35 0.34450000000000003 0.47050000000000003 92.000000000000014 1.0000000180025095e-35 1.0000000180025095e-35 0.39650000000000007 32.405000000000008 1.0000000180025095e-35 418.50000000000006 193.50000000000003 41.45000000000001 0.41450000000000004 0.24450000000000002 59.500000000000007 0.38250000000000006 178.00000000000003 191.50000000000003 57.245000000000005 0.29950000000000004 4.1650000000000009
decision_type=2 2 2 2 2 2 2 2 2 2 2 2 2 2 2 2 2 2 2 2 2 2 2 2
left_child=1 6 4 7 -2 -4 11 12 10 -5 13 17 -3 22 19 -14 -12 -1 23 -10 21 -18 -8 -15
right_child=2 3 5 9 -6 -7 8 -9 14 -11 16 -13 15 18 -16 -17 20 -19 -20 -21 -22 -23 -24 -25
leaf_value=-1.2170618340775774 1.5917703819274902 -0.44554674964059482 3.1958576202392579 0.56636245861649515 2.786972632231536 4.3279090404510496 -1.0862342296108123 0.47371199671988906 -0.66338577270507815 1.2489641590551896 -0.80951317589858496 -0.75837543986060407 -0.18990136183565484 -0.84600677251815792 -0.15612158328294756 0.20726901844143866 -0.73364148302511734 -0.98233680969629544 -0.56796635332638801 -0.3965014117183509 -0.39246024730659668 -0.49953765432039898 -0.91792218931790071 -0.77977856874465945
leaf_weight=37 20 22 20 20 27 20 31 23 21 22 29 33 32 20 24 20 22 39 23 27 21 30 29 20
leaf_count=37 20 22 20 20 27 20 31 23 21 22 29 33 32 20 24 20 22 39 23 27 21 30 29 20
internal_value=-0.0157322 -0.490829 2.96045 0.273139 2.27838 3.76188 -0.752384 -0.00864037 -0.663634 0.923916 -0.749848 -0.994209 -0.158561 -0.860747 -0.394216 -0.0371435 -0.616116 -1.09661 -0.723475 -0.513263 -0.539286 -0.598582 -1.00488 -0.812893
internal_weight=632 545 87 139 47 40 406 97 297 42 225 109 74 123 72 52 102 76 63 48 73 52 60 40
internal_count=632 545 87 139 47 40 406 97 297 42 225 109 74 123 72 52 102 76 63 48 73 52 60 40
is_linear=0
shrinkage=0.05


Tree=6
num_leaves=23
num_cat=0
split_feature=2 2 4 2 0 2 4 5 3 4 5 3 2 4 2 3 2 2 2 6 2 7
split_gain=322601 39430.7 17651.6 11169.8 8778.55 3796.12 3008.4 2232.97 1154.13 1086.23 950.268 781.829 1025.17 645.988 497.341 399.319 377.641 209.81 179.497 138.926 111.427 48.3629
threshold=654.00000000000011 374.50000000000006 0.32550000000000007 987.50000000000011 1.0000000180025095e-35 92.000000000000014 0.55550000000000022 1.0000000180025095e-35 41.45000000000001 0.26050000000000006 1.0000000180025095e-35 41.45000000000001 214.50000000000003 0.47050000000000003 236.50000000000003 33.260000000000012 59.500000000000007 139.50000000000003 511.00000000000006 2.9950000000000006 140.50000000000003 73.915000000000006
decision_type=2 2 2 2 2 2 2 2 2 2 2 2 2 2 2 2 2 2 2 2 2 2
left_child=1 5 -2 -4 7 10 9 13 21 14 16 12 20 18 15 -7 -1 -13 -3 -14 -11 -8
right_child=2 4 3 -5 -6 6 8 -9 -10 11 -12 17 19 -15 -16 -17 -18 -19 -20 -21 -22 -23
leaf_value=-1.1562087342545793 1.8052219522410426 -0.31991496890783311 2.668469450550695 4.0595207567568181 0.99361048655377504 -0.99431396561699958 -0.51043131425976751 0.5016809855188642 -0.010950104697890905 -0.90742428541183484 -0.72045667103745725 -0.52976387416323023 -0.60168277337437592 0.12846089090619769 -0.63859898169835416 -0.75311334244906902 -0.9332199732462565 -0.31843343221622966 -0.10807957142591476 -0.43281852041595975 -0.76226498897259054 -0.4004734828323126
leaf_weight=37 29 20 31 27 36 37 20 21 23 20 33 24 21 21 30 32 39 23 20 29 39 20
leaf_count=37 29 20 31 27 36 37 20 21 23 20 33 24 21 21 30 32 39 23 20 29 39 20
internal_value=-0.0149456 -0.466287 2.81243 3.31603 0.342738 -0.689859 -0.602577 0.0569889 -0.293174 -0.679017 -0.944499 -0.596809 -0.670311 -0.0961018 -0.808558 -0.882453 -1.04178 -0.426347 -0.213997 -0.503742 -0.811472 -0.455452
internal_weight=632 545 87 58 118 427 318 82 63 255 109 156 109 61 99 69 76 47 40 50 59 40
internal_count=632 545 87 58 118 427 318 82 63 255 109 156 109 61 99 69 76 47 40 50 59 40
is_linear=0
shrinkage=0.05


Tree=7
num_leaves=25
num_cat=0
split_feature=2 2 2 0 4 4 5 5 2 4 2 3 2 2 4 3 7 2 4 2 2 7 2 7
split_gain=291147 35682.6 15980.8 8351.52 5548.26 4090.89 2846.17 2288.9 2185.23 1732.98 1444.29 1100.42 866.695 808.325 489.652 470.255 427.893 340.821 294.49 234.416 220.894 315.076 164.075 22.7656
threshold=654.00000000000011 333.50000000000006 961.00000000000011 1.0000000180025095e-35 0.34450000000000003 0.47050000000000003 1.0000000180025095e-35 1.0000000180025095e-35 92.000000000000014 0.39650000000000007 135.50000000000003 32.405000000000008 503.50000000000006 193.50000000000003 0.24450000000000002 32.405000000000008 70.450000000000003 59.500000000000007 0.38250000000000006 418.50000000000006 191.50000000000003 78.840000000000018 153.50000000000003 68.670000000000016
decision_type=2 2 2 2 2 2 2 2 2 2 2 2 2 2 2 2 2 2 2 2 2 2 2 2
left_child=1 6 4 7 -2 -4 8 12 17 -5 16 13 19 22 -13 -12 -8 -1 23 -3 21 -16 -10 -15
right_child=2 3 5 9 -6 -7 10 -9 11 -11 15 14 -14 18 20 -17 -18 -19 -20 -21 -22 -23 -24 -25
leaf_value=-1.0983983130068393 1.4154464149475099 -0.40395392491058868 2.9007176685333254 0.50060538913123309 2.5142005355269821 3.9120151042938236 -0.79917205312977668 0.42910380405576332 -0.99159769088991223 1.1436847052790904 -0.39176694050431254 -0.73197418163562644 0.054070683754980566 -0.77488937973976135 -0.66746484683110163 -0.083269486824671432 -0.51453604380930629 -0.88655897409487994 -0.51263487209444469 -0.16743734553456308 -0.35225063037304655 -0.42131144106388096 -0.82614015053058498 -0.69944795727729803
leaf_weight=37 20 22 20 20 27 20 23 23 31 22 30 29 32 20 26 21 31 39 23 20 21 26 29 20
leaf_count=37 20 22 20 20 27 20 23 23 31 22 30 29 32 20 26 21 31 39 23 20 21 26 29 20
internal_value=-0.0141983 -0.442973 2.6718 0.248468 2.04665 3.40637 -0.679698 -0.00655757 -0.757888 0.837456 -0.455555 -0.67959 -0.141966 -0.780284 -0.558164 -0.264739 -0.63577 -0.989691 -0.655196 -0.291327 -0.489116 -0.544388 -0.911627 -0.737169
internal_weight=632 545 87 139 47 40 406 97 301 42 105 225 74 123 102 51 54 76 63 42 73 52 60 40
internal_count=632 545 87 139 47 40 406 97 301 42 105 225 74 123 102 51 54 76 63 42 73 52 60 40
is_linear=0
shrinkage=0.05


Tree=8
num_leaves=22
num_cat=0
split_feature=2 2 4 2 0 2 4 4 3 4 3 2 2 3 2 4 4 6 4 6 4
split_gain=262760 32281.7 14880 9215.68 7231.28 3174.46 2514.87 1989.33 978.934 945.183 888.295 810.97 668.289 626.158 578.764 387.463 276.029 190.606 172.747 95.9567 17.5514
threshold=654.00000000000011 374.50000000000006 0.32550000000000007 987.50000000000011 1.0000000180025095e-35 131.50000000000003 0.5465000000000001 0.5465000000000001 32.405000000000008 0.56050000000000011 41.45000000000001 216.50000000000003 78.500000000000014 51.845000000000006 539.50000000000011 0.31500000000000006 0.29950000000000004 3.9600000000000004 0.28250000000000003 4.6000000000000005 0.34050000000000008
decision_type=2 2 2 2 2 2 2 2 2 2 2 2 2 2 2 2 2 2 2 2 2
left_child=1 5 -2 -4 7 9 10 14 -8 12 11 16 18 -14 -3 19 -7 -15 -1 -13 -12
right_child=2 4 3 -5 -6 6 8 -9 -10 -11 20 15 13 17 -16 -17 -18 -19 -20 -21 -22
leaf_value=-1.042372952738116 1.6134587871617285 -0.24404449092619346 2.4123979537717761 3.6759261731748225 0.9019295454025269 -0.85248265140934998 -0.3806208033528593 0.43469515281418963 0.074551361799240115 -0.55274140338102984 -0.40957441677649814 -0.70348884748375939 -0.92570466830812659 -0.73943739973980449 0.074894521057605745 -0.41620505635554972 -0.66062236412151443 -0.54356290996074674 -0.88029184068952293 -0.55374020695686343 -0.34412693737074734
leaf_weight=31 29 33 31 27 36 38 27 24 21 36 21 23 29 23 25 39 37 27 35 20 20
leaf_count=31 29 33 31 27 36 38 27 24 21 36 21 23 29 23 25 39 37 27 35 20 20
internal_value=-0.0134884 -0.420824 2.53821 3.00059 0.311195 -0.623116 -0.506176 0.0518485 -0.181483 -0.782051 -0.584889 -0.639009 -0.838983 -0.74087 -0.106571 -0.53033 -0.757832 -0.633665 -0.956421 -0.633838 -0.377649
internal_weight=632 545 87 58 118 427 246 82 48 181 198 157 145 79 58 82 75 50 66 43 41
internal_count=632 545 87 58 118 427 246 82 48 181 198 157 145 79 58 82 75 50 66 43 41
is_linear=0
shrinkage=0.05


Tree=9
num_leaves=23
num_cat=0
split_feature=2 2 4 0 2 2 4 4 4 3 2 2 2 3 2 4 2 0 4 2 4 2
split_gain=237141 29213.8 13614.3 6824.99 4130.64 2331.38 1934.96 1740.81 1540.77 1227.73 904.671 763.506 553.688 485.336 411.486 399.053 267.442 192.644 136.585 116.884 115.513 83.0124
threshold=654.00000000000011 333.50000000000006 0.45200000000000007 1.0000000180025095e-35 917.00000000000011 81.500000000000014 0.49000000000000005 0.31150000000000005 0.39650000000000007 41.45000000000001 178.00000000000003 539.50000000000011 140.50000000000003 32.405000000000008 226.00000000000003 0.29350000000000004 50.500000000000007 2.5000000000000004 0.24350000000000002 220.00000000000003 0.56050000000000011 158.00000000000003
decision_type=2 2 2 2 2 2 2 2 2 2 2 2 2 2 2 2 2 2 2 2 2 2
left_child=1 5 4 6 -2 15 11 13 -5 10 20 -3 -11 14 21 -1 -17 -12 -15 -19 -9 -7
right_child=2 3 -4 8 -6 7 -8 9 -10 12 17 -13 -14 18 -16 16 -18 19 -20 -21 -22 -23
leaf_value=-0.97133986949920659 1.420849706576421 -0.30529129487963824 3.1052026235140286 0.44067533385008578 2.3517464464361018 -0.94360342025756838 0.29929332649883106 -0.73679555842750954 1.0470452124422247 -0.4100563732140205 -0.52514501380920409 0.053142154340942709 -0.1126608026438746 -0.64407729264348745 -0.62410178361115642 -0.88339469730854037 -0.66539604804095109 -0.43143312100853237 -0.47997113693328136 -0.26253893431276082 -0.59283000108870598 -0.80748012065887453
leaf_weight=34 26 39 39 20 22 21 34 38 22 34 25 24 29 32 27 24 34 21 21 20 22 24
leaf_count=34 26 39 39 20 22 21 34 38 22 34 25 24 29 32 27 24 34 21 21 20 22 24
internal_value=-0.012814 -0.399783 2.4113 0.225853 1.84751 -0.613979 -0.00469047 -0.549124 0.758298 -0.453381 -0.543492 -0.168745 -0.27316 -0.693886 -0.778416 -0.835331 -0.755602 -0.41575 -0.579054 -0.349046 -0.684008 -0.871004
internal_weight=632 545 87 139 48 406 97 314 42 189 126 63 63 125 72 92 58 66 53 41 60 45
internal_count=632 545 87 139 48 406 97 314 42 189 126 63 63 125 72 92 58 66 53 41 60 45
is_linear=0
shrinkage=0.05


Tree=10
num_leaves=25
num_cat=0
split_feature=2 2 4 2 2 4 2 0 3 4 4 6 4 4 3 2 2 2 3 2 7 4 6 2
split_gain=240015 27814.8 18259.6 8653.94 4514.4 3446.6 2323.51 1527.54 1267.4 1014.67 887.027 688.557 626.612 495.943 472.502 369.05 351.157 284.607 256.532 258.357 125.067 94.5602 123.717 47.6054
threshold=654.00000000000011 466.00000000000006 0.52950000000000019 831.50000000000011 296.50000000000006 0.37750000000000006 92.000000000000014 1.0000000180025095e-35 37.315000000000005 0.5465000000000001 0.35850000000000004 3.9900000000000007 0.39650000000000007 0.52450000000000008 27.005000000000006 230.50000000000003 169.00000000000003 120.50000000000001 51.845000000000006 44.500000000000007 70.665000000000006 0.23400000000000001 4.6950000000000012 216.50000000000003
decision_type=2 2 2 2 2 2 2 2 2 2 2 2 2 2 2 2 2 2 2 2 2 2 2 2
left_child=1 4 3 -2 6 11 13 -7 12 17 -6 -3 15 18 -12 21 -14 -10 -1 -20 -19 -8 -23 -18
right_child=2 5 -4 -5 10 7 8 -9 9 -11 14 -13 16 -15 -16 -17 23 20 19 -21 -22 22 -24 -25
leaf_value=-0.99641515690347426 1.0118462146818639 -0.078458067588508137 3.3277033574653396 2.3027637172389674 -0.37637134805835526 0.46838360927425904 -0.82484471886246302 1.0496079778671266 -0.61991606276968259 -0.094775456999954974 -0.18502810955047611 0.31877531443722545 -0.61856857074631588 -0.61738854726155612 0.15866562667302789 -0.55280139173780174 -0.46557116054353265 -0.4935170902655675 -0.93038904269536349 -0.72188613353631448 -0.3458807812887244 -0.78982347141612663 -0.62214082804593174 -0.36345427119731905
leaf_weight=23 20 24 33 37 29 26 27 20 23 23 20 20 36 30 20 35 21 26 24 39 32 22 22 25
leaf_count=23 20 24 33 37 29 26 27 20 23 23 20 20 36 30 20 35 21 26 24 39 32 22 22 25
internal_value=-0.00700077 -0.387748 2.3917 1.84981 -0.539865 0.418474 -0.603121 0.72109 -0.527916 -0.387861 -0.165826 0.102103 -0.605393 -0.792432 -0.0131812 -0.68568 -0.501608 -0.471083 -0.853494 -0.801316 -0.412063 -0.751183 -0.705982 -0.410073
internal_weight=657 567 90 57 477 90 408 46 292 104 69 44 188 116 40 106 82 81 86 63 58 71 44 46
internal_count=657 567 90 57 477 90 408 46 292 104 69 44 188 116 40 106 82 81 86 63 58 71 44 46
is_linear=0
shrinkage=0.05


Tree=11
num_leaves=27
num_cat=0
split_feature=2 2 4 2 4 2 5 5 0 2 4 3 4 3 4 2 3 2 3 2 4 4 2 4 6 6
split_gain=216614 25102.9 16542.7 4654.74 4410.63 4074.25 3629.91 2390.47 1773.5 1665.17 800.542 694.823 615.75 636 530.64 430.529 426.433 343.12 315.732 293.143 210.949 193.647 65.6579 54.4552 12.461 7.50933
threshold=654.00000000000011 466.00000000000006 0.45200000000000007 987.50000000000011 0.23950000000000002 296.50000000000006 1.0000000180025095e-35 1.0000000180025095e-35 1.0000000180025095e-35 120.50000000000001 0.35850000000000004 42.525000000000013 0.54250000000000009 33.260000000000012 0.32550000000000007 59.500000000000007 27.005000000000006 153.50000000000003 32.405000000000008 140.50000000000003 0.32150000000000006 0.44850000000000007 230.50000000000003 0.26250000000000007 5.4200000000000008 4.2200000000000015
decision_type=2 2 2 2 2 2 2 2 2 2 2 2 2 2 2 2 2 2 2 2 2 2 2 2 2 2
left_child=1 5 4 -4 -2 7 8 9 14 15 -7 17 19 -14 -3 25 -12 -11 -17 -9 -13 22 24 -20 -19 -1
right_child=2 6 3 -5 -6 10 -8 12 -10 11 16 20 13 -15 -16 18 -18 21 23 -21 -22 -23 -24 -25 -26 -27
leaf_value=-0.93982019424438479 1.1042798357350487 -0.16169477715378716 2.4672787857055667 3.5331011908394951 2.0628622821399145 -0.35755277951087416 0.95581456395712783 -0.58617909817860048 0.54147616243706309 -0.78739444992759022 -0.17577670373022558 -0.50618120658965349 -0.43387153089046482 -0.052099474193528297 0.1937525314944131 -0.86839124298095705 0.15073234889656306 -0.68239166628230707 -0.71780463565479635 -0.36828291650974387 -0.29654414118932831 -0.47202060792307537 -0.55971597989400235 -0.61795627872149161 -0.62854496637980151 -0.8970109235672723
leaf_weight=20 21 21 20 21 28 29 22 29 26 22 20 21 20 24 21 25 20 22 22 33 28 34 30 36 21 21
leaf_count=20 21 21 20 21 28 29 22 29 26 22 20 21 20 24 21 25 20 22 22 33 28 34 30 36 21 21
internal_value=-0.00665074 -0.36836 2.27212 3.01319 1.65204 -0.512872 0.39755 -0.572965 0.216935 -0.644667 -0.157535 -0.546674 -0.368683 -0.225632 0.0160289 -0.785335 -0.0125222 -0.607558 -0.719854 -0.470202 -0.386389 -0.570582 -0.616487 -0.65583 -0.656094 -0.917893
internal_weight=657 567 90 41 49 477 90 408 68 302 69 178 106 44 42 124 40 129 83 62 49 107 73 58 43 41
internal_count=657 567 90 41 49 477 90 408 68 302 69 178 106 44 42 124 40 129 83 62 49 107 73 58 43 41
is_linear=0
shrinkage=0.05


Tree=12
num_leaves=27
num_cat=0
split_feature=2 2 4 2 2 5 5 0 2 4 4 4 0 2 4 2 2 0 2 2 4 2 7 4 4 7
split_gain=195494 22655.3 15094.8 7832.16 3677.01 3276 2157.4 1600.59 1510.36 727.956 555.714 478.902 428.381 349.057 335.818 264.562 233.007 194.895 327.766 234.918 178.609 138.076 78.0617 60.4143 55.4389 11.9451
threshold=654.00000000000011 466.00000000000006 0.53650000000000009 831.50000000000011 296.50000000000006 1.0000000180025095e-35 1.0000000180025095e-35 1.0000000180025095e-35 92.000000000000014 0.33250000000000007 0.54250000000000009 0.32550000000000007 1.0000000180025095e-35 115.00000000000001 0.23650000000000002 140.50000000000003 59.500000000000007 2.5000000000000004 211.50000000000003 123.50000000000001 0.48450000000000004 220.00000000000003 73.250000000000014 0.29350000000000004 0.39650000000000007 70.75500000000001
decision_type=2 2 2 2 2 2 2 2 2 2 2 2 2 2 2 2 2 2 2 2 2 2 2 2 2 2
left_child=1 4 3 -2 6 7 8 11 16 -6 15 -3 21 -12 22 -8 25 19 24 -16 -11 -10 -14 -18 -19 -1
right_child=2 5 -4 -5 9 -7 10 -9 12 20 13 -13 14 -15 17 -17 23 18 -20 -21 -22 -23 -24 -25 -26 -27
leaf_value=-0.89833650361923945 0.87664576709270481 -0.1536100400345666 3.0302824139595033 2.0990587585850764 -0.36511215251684193 0.90802384398200298 -0.55687014686650238 0.5144023682062443 -0.77985965371131893 -0.11920245755463839 -0.36173326021415142 0.18406490335861844 -0.67148458148751944 -0.079783854536388241 -0.51818379272114157 -0.34986877035010949 -0.77731059551239012 -0.63542952979052514 -0.34722745262086391 -0.30725245520924083 0.083112059682607653 -0.59406660079956053 -0.54214969396591195 -0.66435076121626235 -0.52850380052219748 -0.84434423923492441
leaf_weight=21 20 21 32 38 25 22 29 26 20 24 21 21 28 23 22 33 20 27 20 33 20 20 20 29 22 20
leaf_count=21 20 21 32 38 25 22 29 26 20 24 21 21 28 23 22 33 20 27 20 33 20 20 20 29 22 20
internal_value=-0.0063182 -0.349942 2.15851 1.67754 -0.487228 0.377673 -0.544317 0.206088 -0.612434 -0.149658 -0.350248 0.0152274 -0.539579 -0.214351 -0.505303 -0.446692 -0.784048 -0.461836 -0.5178 -0.391625 -0.0272413 -0.686963 -0.617595 -0.710457 -0.587422 -0.871999
internal_weight=657 567 90 58 477 90 408 68 302 69 106 42 212 44 172 62 90 124 69 55 44 40 48 49 49 41
internal_count=657 567 90 58 477 90 408 68 302 69 106 42 212 44 172 62 90 124 69 55 44 40 48 49 49 41
is_linear=0
shrinkage=0.05


Tree=13
num_leaves=28
num_cat=0
split_feature=2 2 4 2 4 2 5 5 3 0 2 3 2 3 4 4 4 2 3 2 2 2 3 2 2 7 7
split_gain=176433 20446.4 13729.4 4102.41 3904.62 3348.84 2956.59 1794.92 1540.35 1444.53 1104.08 621.475 596.7 530.447 432.93 432.209 234.555 210.288 178.005 171.853 105.616 101.252 94.9833 94.5682 60.9817 28.045 10.7804
threshold=654.00000000000011 466.00000000000006 0.45200000000000007 987.50000000000011 0.23950000000000002 239.00000000000003 1.0000000180025095e-35 1.0000000180025095e-35 37.315000000000005 1.0000000180025095e-35 92.000000000000014 37.315000000000005 105.00000000000001 29.610000000000003 0.35150000000000003 0.32550000000000007 0.23950000000000002 59.500000000000007 57.245000000000005 135.50000000000003 335.00000000000006 155.50000000000003 57.245000000000005 186.50000000000003 296.50000000000006 71.290000000000006 70.75500000000001
decision_type=2 2 2 2 2 2 2 2 2 2 2 2 2 2 2 2 2 2 2 2 2 2 2 2 2 2 2
left_child=1 5 4 -4 -2 7 9 10 14 15 17 19 -13 21 24 -3 25 26 23 -9 -16 -12 -19 -18 -7 -15 -1
right_child=2 6 3 -5 -6 8 -8 11 -10 -11 13 12 -14 16 20 -17 18 22 -20 -21 -22 -23 -24 -25 -26 -27 -28
leaf_value=-0.85341966946919767 0.97030746425901138 -0.14592953700394859 2.2132091450691225 3.2138008117675785 1.8722292797906057 -0.48304696964180993 0.86262265227057711 -0.55804493904113772 0.15035805878314107 0.48868224872992594 -0.76177441120147715 -0.39318083240872337 -0.016257168991225108 -0.62402951955795294 -0.28712294006889522 0.17486165653736818 -0.54188916782538099 -0.73777235172413014 -0.35021004254619281 -0.37444296868947835 -0.13545409387443216 -0.6121342952434834 -0.59781415137377658 -0.41209555812503984 -0.36660736115141351 -0.5402962863445282 -0.80212702035903938
leaf_weight=21 21 21 20 21 28 23 22 25 22 26 20 21 21 20 22 21 36 27 36 26 24 26 22 23 22 20 20
leaf_count=21 21 21 20 21 28 23 22 25 22 26 20 21 21 20 22 21 36 27 36 26 24 26 22 23 22 20 20
internal_value=-0.00600229 -0.332445 2.05059 2.72571 1.48569 -0.462867 0.358789 -0.536682 -0.22509 0.195784 -0.601725 -0.347149 -0.204719 -0.530559 -0.315858 0.0144661 -0.480595 -0.744846 -0.437829 -0.464444 -0.207991 -0.677195 -0.674934 -0.491292 -0.426121 -0.582163 -0.828399
internal_weight=657 567 90 41 49 477 90 364 113 68 271 93 42 181 91 42 135 90 95 51 46 46 49 59 45 40 41
internal_count=657 567 90 41 49 477 90 364 113 68 271 93 42 181 91 42 135 90 95 51 46 46 49 59 45 40 41
is_linear=0
shrinkage=0.05


Tree=14
num_leaves=28
num_cat=0
split_feature=2 2 2 4 2 5 5 1 4 0 2 3 2 3 4 4 4 2 2 3 2 4 3 2 2 0 6
split_gain=159231 18452.9 12864.9 6081.9 3022.32 2668.32 1619.92 1390.17 1308.51 1303.69 996.432 563.707 590.667 478.729 390.72 390.069 212.403 189.785 165.158 160.396 95.3183 92.9104 85.7224 55.4113 49.0145 96.5455 6.819
threshold=654.00000000000011 466.00000000000006 917.00000000000011 0.41050000000000003 239.00000000000003 1.0000000180025095e-35 1.0000000180025095e-35 1.0000000180025095e-35 0.37550000000000006 1.0000000180025095e-35 92.000000000000014 41.45000000000001 102.00000000000001 29.610000000000003 0.35150000000000003 0.32550000000000007 0.22000000000000003 59.500000000000007 135.50000000000003 60.32500000000001 335.00000000000006 0.34350000000000008 57.245000000000005 310.00000000000006 186.50000000000003 2.5000000000000004 4.2200000000000015
decision_type=2 2 2 2 2 2 2 2 2 2 2 2 2 2 2 2 2 2 2 2 2 2 2 2 2 2 2
left_child=1 4 8 -4 6 9 10 -6 -2 15 17 18 -13 21 23 -3 -15 26 -8 24 -16 -12 -19 -9 25 -18 -1
right_child=2 5 3 -5 7 -7 11 14 -10 -11 13 12 -14 16 20 -17 19 22 -20 -21 -22 -23 -24 -25 -26 -27 -28
leaf_value=-0.80787348508834844 0.99372778631746772 -0.13863306325815974 1.8073589277267457 2.9329976463317871 0.14284015961668708 0.81949150941588655 -0.53014268684387211 -0.45444075155258185 1.565678472518921 0.46424814210488247 -0.71755488135597922 -0.38023068904876711 0.0040435457229614259 -0.55863437459275533 -0.27276679412885146 0.16611857155692722 -0.41267385703546033 -0.70088374173199686 -0.35333165920206477 -0.29913753244009883 -0.12868138820243377 -0.5753009875615438 -0.56792344288392504 -0.34278257826343178 -0.39149078700853435 -0.54766505498152518 -0.76707934652056009
leaf_weight=20 20 21 20 30 22 22 25 25 20 26 22 20 20 37 22 21 27 27 28 22 24 24 22 20 23 26 21
leaf_count=20 20 21 20 30 22 22 25 25 20 26 22 20 20 37 22 21 27 27 28 22 24 24 22 20 23 26 21
internal_value=-0.00570217 -0.315823 1.94806 2.48274 -0.439723 0.34085 -0.509848 -0.213835 1.2797 0.185995 -0.571638 -0.329791 -0.188094 -0.504032 -0.300065 0.0137428 -0.456565 -0.707603 -0.436733 -0.418029 -0.197592 -0.643335 -0.641187 -0.404815 -0.452444 -0.478896 -0.786979
internal_weight=657 567 90 50 477 90 364 113 40 68 271 93 40 181 91 42 135 90 53 98 46 46 49 45 76 53 41
internal_count=657 567 90 50 477 90 364 113 40 68 271 93 40 181 91 42 135 90 53 98 46 46 49 45 76 53 41
is_linear=0
shrinkage=0.05


Tree=15
num_leaves=24
num_cat=0
split_feature=2 2 5 0 2 4 4 2 2 4 3 5 4 3 2 4 2 2 4 6 4 4 7
split_gain=133058 21559 9842.77 4718.01 2160.11 1811.15 1264.25 1122.27 1063.61 1013.99 538.073 410.445 377.057 355.432 261.623 195.151 156.219 143.744 142.097 70.5325 70.3852 45.2805 20.1923
threshold=754.50000000000011 380.50000000000006 1.0000000180025095e-35 1.0000000180025095e-35 996.50000000000011 0.55550000000000022 0.32350000000000007 120.50000000000001 200.00000000000003 0.47050000000000003 37.315000000000005 1.0000000180025095e-35 0.26600000000000007 57.245000000000005 539.50000000000011 0.29150000000000004 222.50000000000003 226.00000000000003 0.24450000000000002 3.8950000000000005 0.29150000000000004 0.41950000000000004 70.905000000000015
decision_type=2 2 2 2 2 2 2 2 2 2 2 2 2 2 2 2 2 2 2 2 2 2 2
left_child=1 5 4 9 -2 7 -5 13 11 14 12 -7 17 15 -3 -1 21 -9 -12 -18 -15 -14 -20
right_child=2 3 -4 6 -6 8 -8 10 -10 -11 18 -13 16 20 -16 -17 19 -19 22 -21 -22 -23 -24
leaf_value=-0.7777142611416904 1.3206112052713124 -0.21991989462031053 2.9235903739929201 0.31787848800420759 1.9474103380132606 -0.52833074867725383 0.81368779113723166 -0.64367509308983306 0.063711602579463608 0.28474175295233728 -0.41268778067259559 -0.24438869987747502 -0.53579555749893193 -0.57892173698970251 0.013745527509498694 -0.61250578929216437 -0.4139881432056427 -0.48749923018308783 -0.28596332461937618 -0.2856014463564624 -0.46869548956553148 -0.42939948916435244 -0.21726942092180251
leaf_weight=33 28 25 20 20 27 20 36 34 22 25 21 35 20 28 23 39 20 26 23 23 30 20 20
leaf_count=33 28 25 20 20 27 20 36 34 22 25 21 35 20 28 23 39 20 26 23 23 30 20 20
internal_value=-0.000367198 -0.273031 1.97372 0.291372 1.62831 -0.448896 0.636613 -0.498885 -0.230111 0.02653 -0.426577 -0.34764 -0.480507 -0.614023 -0.107955 -0.688226 -0.411476 -0.575999 -0.306078 -0.345316 -0.521908 -0.482598 -0.254013
internal_weight=618 543 75 129 55 414 56 337 77 73 207 55 143 130 48 72 83 60 64 43 58 40 43
internal_count=618 543 75 129 55 414 56 337 77 73 207 55 143 130 48 72 83 60 64 43 58 40 43
is_linear=0
shrinkage=0.05


Tree=16
num_leaves=23
num_cat=0
split_feature=2 2 4 0 4 2 4 7 2 2 3 4 2 6 4 3 2 3 6 4 2 0
split_gain=120085 19502.6 8628.42 4969.5 1639.47 1109.82 1042.18 1018.37 759.302 595.06 541.807 510.786 479.649 340.483 283.341 239.49 225.842 192.007 135.431 113.259 100.454 87.6633
threshold=754.50000000000011 310.00000000000006 0.45650000000000007 1.0000000180025095e-35 0.5465000000000001 578.00000000000011 0.29150000000000004 58.95000000000001 581.50000000000011 112.50000000000001 45.370000000000005 0.48650000000000004 80.500000000000014 4.5050000000000008 0.63150000000000006 57.245000000000005 178.00000000000003 29.610000000000003 3.8550000000000004 0.23050000000000004 144.00000000000003 2.5000000000000004
decision_type=2 2 2 2 2 2 2 2 2 2 2 2 2 2 2 2 2 2 2 2 2 2
left_child=1 6 7 5 8 11 12 -2 -5 15 14 13 -1 -3 16 18 -11 -14 -8 20 -19 -18
right_child=2 3 -4 4 -6 -7 9 -9 -10 10 -12 -13 17 -15 -16 -17 21 19 -20 -21 -22 -23
leaf_value=-0.70669569480113503 1.1649095101789995 -0.34119195849807177 2.480058187426943 0.19937705945755757 0.9070283696427941 0.29002165913349021 -0.64372973243395493 1.6578810453414918 0.59710555928094056 -0.5292668453852335 -0.15272592205022062 0.067192425307902426 -0.60093407385489517 -0.072752340253265144 -0.21338786965324763 -0.39139447110263925 -0.41675768401473762 -0.58865541100502017 -0.48316051805841509 -0.3733413242376768 -0.44299621499817948 -0.29442341901637892
leaf_weight=39 22 27 33 28 20 20 24 20 21 30 35 22 34 21 21 38 32 20 29 26 29 27
leaf_count=39 22 27 33 28 20 20 24 20 21 30 35 22 34 21 21 38 32 20 29 26 29 27
internal_value=-0.000348837 -0.25938 1.87503 0.206296 0.525541 -0.0384591 -0.452198 1.39966 0.369832 -0.386968 -0.324071 -0.132311 -0.556215 -0.22375 -0.378589 -0.487189 -0.417569 -0.502373 -0.555871 -0.457692 -0.502449 -0.360774
internal_weight=618 543 75 159 69 90 384 42 49 236 145 70 148 48 110 91 89 109 53 75 49 59
internal_count=618 543 75 159 69 90 384 42 49 236 145 70 148 48 110 91 89 109 53 75 49 59
is_linear=0
shrinkage=0.05


Tree=17
num_leaves=24
num_cat=0
split_feature=2 2 5 0 2 5 4 2 4 2 3 3 3 2 4 2 3 4 6 2 2 3 2
split_gain=108377 17760.9 8438.87 3884.71 1931.32 1588.97 1112.98 941.948 865.968 663.365 611.88 494.708 381.247 337.072 307.391 226.942 226.893 162.78 167.862 115.975 78.6405 66.8788 39.6464
threshold=754.50000000000011 380.50000000000006 1.0000000180025095e-35 1.0000000180025095e-35 996.50000000000011 1.0000000180025095e-35 0.32350000000000007 120.50000000000001 0.49000000000000005 137.50000000000003 32.405000000000008 41.45000000000001 57.245000000000005 161.50000000000003 0.35850000000000004 539.50000000000011 51.845000000000006 0.25050000000000006 4.3150000000000004 70.500000000000014 78.500000000000014 29.610000000000003 239.00000000000003
decision_type=2 2 2 2 2 2 2 2 2 2 2 2 2 2 2 2 2 2 2 2 2 2 2
left_child=1 5 4 8 -2 7 -5 12 15 16 -11 13 19 -9 -13 -3 -7 21 -19 -1 -14 -15 -20
right_child=2 3 -4 6 -6 9 -8 11 -10 10 -12 14 20 17 -16 -17 -18 18 22 -21 -22 -23 -24
leaf_value=-0.73731810863201441 1.1705048765454975 -0.19776997286081316 2.6608067131042485 0.28008385305292904 1.7631815760223954 -0.47150094985961916 0.74528589961636404 -0.60666229999982402 0.27946210124570392 -0.26290324433096529 0.082432769433311792 -0.38309906384459252 -0.53377755559407747 -0.55226978182792663 -0.14222780420229986 0.015275778830051424 -0.26053666270409642 -0.44453472670386818 -0.34320345580577855 -0.60098836421966562 -0.40957755780220034 -0.42593802213668824 -0.24364644506480546
leaf_weight=26 28 25 20 20 27 25 36 26 23 29 23 27 26 20 26 25 26 34 20 39 25 22 20
leaf_count=26 28 25 20 20 27 25 36 26 23 29 23 27 26 20 26 25 26 34 20 39 25 22 20
internal_value=-0.000331394 -0.246411 1.78128 0.26587 1.46146 -0.406034 0.579142 -0.462407 0.0255517 -0.235822 -0.110158 -0.395292 -0.575228 -0.443947 -0.264936 -0.0912471 -0.363951 -0.407476 -0.362854 -0.65552 -0.472895 -0.486096 -0.293425
internal_weight=618 543 75 129 55 414 56 311 73 103 52 195 116 142 53 50 51 116 74 65 51 42 40
internal_count=618 543 75 129 55 414 56 311 73 103 52 195 116 142 53 50 51 116 74 65 51 42 40
is_linear=0
shrinkage=0.05


Tree=18
num_leaves=22
num_cat=0
split_feature=2 2 4 5 4 2 5 3 2 2 2 3 4 3 3 2 3 6 2 2 7
split_gain=97857.4 12894.2 9680.26 3303.03 2985.42 1361.78 1091.73 795.353 648.931 406.763 346.517 446.522 330.712 218.743 201.258 289.369 128.328 104.018 86.1203 70.4156 40.3492
threshold=654.00000000000011 310.00000000000006 0.53650000000000009 1.0000000180025095e-35 0.25450000000000006 578.00000000000011 1.0000000180025095e-35 41.45000000000001 86.500000000000014 418.50000000000006 105.00000000000001 32.405000000000008 0.26250000000000007 57.245000000000005 45.370000000000005 161.50000000000003 29.610000000000003 4.870000000000001 122.50000000000001 144.00000000000003 69.180000000000021
decision_type=2 2 2 2 2 2 2 2 2 2 2 2 2 2 2 2 2 2 2 2 2
left_child=1 6 4 5 -2 7 8 9 13 -3 -8 -12 16 20 15 -14 -10 -17 -16 -18 -1
right_child=2 3 -4 -5 -6 -7 10 -9 12 -11 11 -13 14 -15 18 17 19 -19 -20 -21 -22
leaf_value=-0.70977972269058232 0.700613268126141 -0.32242604047060014 2.2548600212220222 0.55898661125037408 1.443914020402091 0.34024146638500197 -0.38952165944235667 0.17363040680912409 -0.57605721099036078 -0.067186512042944499 -0.3067714755733808 -0.034846361898458925 -0.55201059480508163 -0.48519277423620227 -0.34439724598079924 -0.41465096144840641 -0.5120383486151695 -0.28291022354556666 -0.19942326162542617 -0.40084191731044228 -0.6126744384350985
leaf_weight=20 22 27 31 36 35 24 35 22 28 37 36 26 24 32 20 29 24 31 21 35 23
leaf_count=20 22 27 31 36 35 24 35 22 28 37 36 26 24 32 20 29 24 31 21 35 23
internal_value=-0.000314826 -0.25669 1.54376 0.143272 1.15703 0.00722055 -0.408759 -0.0857155 -0.457772 -0.174866 -0.263743 -0.192738 -0.413053 -0.584177 -0.360953 -0.405278 -0.487908 -0.346585 -0.270142 -0.446074 -0.65784
internal_weight=618 530 88 146 57 110 384 86 287 64 97 62 212 75 125 84 87 60 41 59 43
internal_count=618 530 88 146 57 110 384 86 287 64 97 62 212 75 125 84 87 60 41 59 43
is_linear=0
shrinkage=0.05


Tree=19
num_leaves=23
num_cat=0
split_feature=2 2 5 5 2 5 2 0 2 3 3 2 2 3 6 2 2 2 3 7 2 7
split_gain=88955.5 14426 7217.37 3231.75 1741.91 1726.91 1269.55 922.008 831.92 407.378 316.722 312.123 252.917 272.513 139.912 138.183 105.363 96.0188 94.2136 92.955 68.1945 40.5503
threshold=754.50000000000011 418.50000000000006 1.0000000180025095e-35 1.0000000180025095e-35 996.50000000000011 1.0000000180025095e-35 257.50000000000006 1.0000000180025095e-35 120.50000000000001 37.315000000000005 57.245000000000005 222.50000000000003 105.00000000000001 32.405000000000008 4.3950000000000005 549.00000000000011 191.50000000000003 70.500000000000014 29.610000000000003 77.695000000000007 78.500000000000014 69.300000000000011
decision_type=2 2 2 2 2 2 2 2 2 2 2 2 2 2 2 2 2 2 2 2 2 2
left_child=1 5 4 7 -2 8 12 15 10 11 17 18 -7 -14 21 -3 19 -1 -10 -11 -12 -13
right_child=2 3 -4 -5 -6 6 -8 -9 9 16 20 14 13 -15 -16 -17 -18 -19 -20 -21 -22 -23
leaf_value=-0.66701736450195315 1.0417138078383037 -0.094417438369530898 2.4271875524520876 0.7496813213186605 1.6045776005144472 -0.37004557762827195 0.16685222117673784 0.31889314879145891 -0.5434786915779114 -0.37093243949115279 -0.48282905175135693 -0.43548961498520589 -0.29424215156224465 -0.067090591010840042 -0.24997492861002685 0.07802719899586269 -0.15546288866316901 -0.54297046539111016 -0.42424398209597619 -0.22354457274727199 -0.36717173519730567 -0.33835363558360509
leaf_weight=26 28 26 20 28 27 35 21 36 30 20 26 22 31 23 32 21 21 39 37 23 25 21
leaf_count=26 28 26 20 28 27 35 21 36 30 20 26 22 31 23 32 21 21 39 37 23 25 21
internal_value=-0.000299085 -0.223242 1.6138 0.28518 1.31803 -0.353878 -0.182839 0.12848 -0.412307 -0.351998 -0.519406 -0.399203 -0.26535 -0.197492 -0.329139 -0.0173677 -0.247264 -0.592589 -0.477633 -0.292097 -0.426134 -0.388051
internal_weight=618 543 75 111 55 432 110 83 322 206 116 142 89 54 75 47 64 65 67 43 51 43
internal_count=618 543 75 111 55 432 110 83 322 206 116 142 89 54 75 47 64 65 67 43 51 43
is_linear=0
shrinkage=0.05


Tree=20
num_leaves=25
num_cat=0
split_feature=2 2 4 2 4 4 4 5 2 0 2 2 3 3 4 7 7 4 3 3 2 2 2 2
split_gain=81614.9 12437.3 6555.9 2311.56 2090.1 1327.32 1165.85 1104.68 649.029 585.538 546.825 486.258 422.125 420.23 235.913 158.08 146.708 141.706 127.61 115.697 172.071 98.3291 95.1445 23.7577
threshold=754.50000000000011 466.00000000000006 0.45200000000000007 237.50000000000003 0.38250000000000006 0.25600000000000006 0.5465000000000001 1.0000000180025095e-35 561.50000000000011 1.0000000180025095e-35 102.00000000000001 78.500000000000014 41.45000000000001 29.610000000000003 0.35150000000000003 65.875000000000014 70.450000000000003 0.23950000000000002 57.245000000000005 45.370000000000005 123.50000000000001 178.00000000000003 155.50000000000003 140.50000000000003
decision_type=2 2 2 2 2 2 2 2 2 2 2 2 2 2 2 2 2 2 2 2 2 2 2 2
left_child=1 3 5 7 9 -2 14 11 -6 -3 16 18 -12 22 15 -5 -9 23 -1 21 -21 -19 -13 -15
right_child=2 4 -4 6 8 -7 -8 10 -10 -11 12 13 -14 17 -16 -17 -18 19 -20 20 -22 -23 -24 -25
leaf_value=-0.61978417055947443 0.87513675093650822 -0.077812364945809051 2.1318941423969888 -0.19307322728413123 0.3656831772485748 1.4511834883689883 0.14299594422181447 -0.46602363765239718 0.7513461135948698 0.28850146159529688 -0.23807048676535489 -0.59248957236607869 0.054750610813498503 -0.46432260672251391 -0.11607884248304699 -0.36119420199558655 -0.27891417497938331 -0.45756579467228486 -0.47354715145551246 -0.34837961603076228 -0.17005201500530046 -0.30792027737783351 -0.45443377128014206 -0.39218342351913454
leaf_weight=35 20 24 31 27 20 20 30 20 24 20 32 24 20 21 36 29 22 21 26 31 24 23 26 25
leaf_count=35 20 24 31 27 20 20 30 20 24 20 32 24 20 21 36 29 22 21 26 31 24 23 26 25
internal_value=-0.0108715 -0.213348 1.58613 -0.315092 0.332369 1.16316 -0.127677 -0.38042 0.576045 0.0886939 -0.233828 -0.434247 -0.125447 -0.395705 -0.21594 -0.280136 -0.368014 -0.352603 -0.557454 -0.31891 -0.270564 -0.379342 -0.520701 -0.425117
internal_weight=631 560 71 472 88 40 122 350 44 44 94 256 52 195 92 56 42 145 61 99 55 44 50 46
internal_count=631 560 71 472 88 40 122 350 44 44 94 256 52 195 92 56 42 145 61 99 55 44 50 46
is_linear=0
shrinkage=0.05


Tree=21
num_leaves=25
num_cat=0
split_feature=2 2 4 2 0 4 4 2 5 5 2 3 3 2 5 2 2 4 6 6 3 3 2 4
split_gain=73657.5 11264.8 5931.83 4192.35 2911.51 1463.48 1141.3 851.398 608.795 432.694 329.706 265.469 259.327 249.73 202.695 167.665 152.851 112.529 102.172 96.6589 88.8418 74.3405 62.4633 30.0145
threshold=754.50000000000011 355.00000000000006 0.28050000000000008 1011.5000000000001 1.0000000180025095e-35 0.32350000000000007 0.64350000000000007 131.50000000000003 1.0000000180025095e-35 1.0000000180025095e-35 141.50000000000003 41.45000000000001 57.245000000000005 70.500000000000014 1.0000000180025095e-35 222.50000000000003 473.00000000000006 0.33250000000000007 3.8200000000000003 2.9950000000000006 29.610000000000003 31.200000000000003 78.500000000000014 0.31500000000000006
decision_type=2 2 2 2 2 2 2 2 2 2 2 2 2 2 2 2 2 2 2 2 2 2 2 2
left_child=1 6 -2 -4 8 -6 7 12 16 11 -8 15 13 -1 21 20 -3 -13 -14 -17 -9 -15 -20 -21
right_child=2 4 3 -5 5 -7 10 9 -10 -11 -12 17 18 14 -16 19 -18 -19 22 23 -22 -23 -24 -25
leaf_value=-0.60963995903730395 0.82476314983584664 -0.18211454770394736 1.3599087066650393 2.2850774904092153 0.12678764750334351 0.63921836551867039 -0.22708812093734743 -0.4898847158138569 0.21090960086069327 -0.13304262223343055 0.035225176422492316 -0.30188587408512835 -0.45727784832318624 -0.5580691536267598 -0.30654802739620213 -0.39195911996066574 -0.016903319422687805 -0.13801575225185267 -0.38528931924590359 -0.30064719825983049 -0.36859148012267218 -0.43082295222715894 -0.2756081459820271 -0.21402366042137144
leaf_weight=32 22 28 25 24 22 38 25 26 22 36 23 20 24 24 20 20 28 22 27 20 36 22 25 20
leaf_count=32 22 28 25 24 22 38 25 26 22 36 23 20 24 24 20 20 28 22 27 20 36 22 25 20
internal_value=-0.0103279 -0.202681 1.50682 1.81305 0.189472 0.451327 -0.33092 -0.360378 -0.011955 -0.290012 -0.101396 -0.324469 -0.441258 -0.495012 -0.439435 -0.361794 -0.0995089 -0.216049 -0.371943 -0.30221 -0.419456 -0.497212 -0.332558 -0.257335
internal_weight=631 560 71 49 138 60 422 374 78 200 48 164 174 98 66 122 56 42 76 60 62 46 52 40
internal_count=631 560 71 49 138 60 422 374 78 200 48 164 174 98 66 122 56 42 76 60 62 46 52 40
is_linear=0
shrinkage=0.05


Tree=22
num_leaves=25
num_cat=0
split_feature=2 2 4 2 4 0 4 4 5 2 2 3 3 4 6 4 6 3 2 3 4 3 2 2
split_gain=66475.9 10247.6 5479.71 1879.55 1759.37 1074.03 1037.49 979.041 917.946 448.804 399.965 382.084 341.772 297.174 325.775 119.802 105.623 100.818 140.752 100.331 87.8327 87.52 85.4006 19.6818
threshold=754.50000000000011 466.00000000000006 0.45200000000000007 237.50000000000003 0.34750000000000003 1.0000000180025095e-35 0.25600000000000006 0.61650000000000016 1.0000000180025095e-35 102.00000000000001 78.500000000000014 41.45000000000001 29.610000000000003 0.35150000000000003 6.6550000000000011 0.23950000000000002 4.2750000000000012 45.370000000000005 123.50000000000001 57.245000000000005 0.29950000000000004 27.715000000000007 178.00000000000003 140.50000000000003
decision_type=2 2 2 2 2 2 2 2 2 2 2 2 2 2 2 2 2 2 2 2 2 2 2 2
left_child=1 3 6 8 -3 -6 -2 13 10 16 19 -11 20 21 -15 23 -10 22 -19 -1 -12 -5 -17 -14
right_child=2 4 -4 7 5 -7 -8 -9 9 11 12 -13 15 14 -16 17 -18 18 -20 -21 -22 -23 -24 -25
leaf_value=-0.55988491739545554 0.79014175280928622 0.046359199795283773 1.930444262489196 -0.3308464032152425 0.23627651245756584 0.70312099850603516 1.2994270789623261 0.20396770745515824 -0.41490680381655692 -0.21914086071774364 -0.54852136884416847 0.059446301832795145 -0.42140878041585283 -0.20116056564908763 0.067253963612020018 -0.41738306908380418 -0.25614456236362459 -0.31331845512313228 -0.15203439587106307 -0.43021736328418436 -0.41425273788386385 -0.20378994694487618 -0.27792189958626812 -0.35574872326850893
leaf_weight=35 20 38 31 23 22 28 20 20 20 32 21 20 21 26 20 21 22 31 24 26 29 33 23 25
leaf_count=35 20 38 31 23 22 28 20 20 20 32 21 20 21 26 20 21 22 31 24 26 29 33 23 25
internal_value=-0.0098115 -0.192547 1.43148 -0.284901 0.302808 0.497709 1.04478 -0.115904 -0.343809 -0.21018 -0.392876 -0.111992 -0.357921 -0.178624 -0.0844586 -0.31905 -0.331746 -0.28807 -0.24294 -0.504617 -0.470646 -0.255974 -0.344483 -0.385724
internal_weight=631 560 71 472 88 50 40 122 350 94 256 52 195 102 46 145 42 99 55 61 50 56 44 46
internal_count=631 560 71 472 88 50 40 122 350 94 256 52 195 102 46 145 42 99 55 61 50 56 44 46
is_linear=0
shrinkage=0.05


Tree=23
num_leaves=25
num_cat=0
split_feature=2 2 4 2 3 4 4 3 5 2 2 3 4 3 6 7 4 3 3 2 2 2 7 6
split_gain=59994.5 9248.45 4945.43 1696.29 1613.42 1443.61 936.331 910.295 828.446 405.046 360.968 344.831 309.283 308.449 144.028 131.21 108.968 90.5485 82.5702 137.945 80.8089 77.0741 71.4949 23.0632
threshold=754.50000000000011 466.00000000000006 0.45200000000000007 237.50000000000003 27.005000000000006 0.30400000000000005 0.25600000000000006 41.45000000000001 1.0000000180025095e-35 102.00000000000001 78.500000000000014 41.45000000000001 0.35150000000000003 29.610000000000003 3.7050000000000005 70.450000000000003 0.23050000000000004 57.245000000000005 45.370000000000005 123.50000000000001 155.50000000000003 178.00000000000003 65.875000000000014 4.4250000000000007
decision_type=2 2 2 2 2 2 2 2 2 2 2 2 2 2 2 2 2 2 2 2 2 2 2 2
left_child=1 3 6 8 -3 -6 -2 12 10 15 17 -11 22 20 -14 -10 23 -1 21 -20 -12 -18 -5 -15
right_child=2 4 -4 7 5 -7 -8 -9 9 11 13 -13 14 16 -16 -17 18 -19 19 -21 -22 -23 -24 -25
leaf_value=-0.53189067397798817 0.75063467370346193 -0.010016700426737468 1.8339220533447884 -0.19649975668816341 0.097801296813413499 0.62261157184839255 1.2344557178020477 0.18107682209123266 -0.40784664511680602 -0.20818381700664759 -0.51327331066131598 0.05647398658096791 -0.18685884678905662 -0.33211571902036668 -0.018427669356266659 -0.23089626069096003 -0.3965139218739101 -0.40870649264408992 -0.30006834034408847 -0.14443267453461886 -0.38604249083078823 -0.26402580180893775 -0.31950865065058076 -0.40630270730365403
leaf_weight=35 20 30 31 21 20 38 20 22 20 32 24 20 22 20 30 22 21 26 35 24 26 23 27 22
leaf_count=35 20 30 31 21 20 38 20 22 20 32 24 20 22 20 30 22 21 26 35 24 26 23 27 22
internal_value=-0.00932092 -0.182919 1.35991 -0.270656 0.287668 0.441643 0.992545 -0.110109 -0.326618 -0.199671 -0.373232 -0.106392 -0.17417 -0.340025 -0.089687 -0.315158 -0.303097 -0.479386 -0.275419 -0.236759 -0.447113 -0.327259 -0.265692 -0.370976
internal_weight=631 560 71 472 88 58 40 122 350 94 256 52 100 195 52 42 145 61 103 59 50 44 48 42
internal_count=631 560 71 472 88 58 40 122 350 94 256 52 100 195 52 42 145 61 103 59 50 44 48 42
is_linear=0
shrinkage=0.05


Tree=24
num_leaves=23
num_cat=0
split_feature=2 2 5 0 4 4 4 5 2 2 0 5 2 6 4 7 4 7 7 6 2 6
split_gain=54145 8377.77 4513.96 2630.77 1664.14 1120.53 785.776 532.841 491.525 354.845 202.267 211.898 171.38 160.519 128.472 123.579 102.342 98.9421 56.8281 49.3868 31.624 22.8652
threshold=754.50000000000011 333.50000000000006 1.0000000180025095e-35 1.0000000180025095e-35 0.32850000000000007 0.32350000000000007 0.55550000000000022 1.0000000180025095e-35 78.500000000000014 135.50000000000003 1.0000000180025095e-35 1.0000000180025095e-35 236.50000000000003 4.9500000000000011 0.31500000000000006 73.625000000000014 0.23050000000000004 70.450000000000003 80.520000000000024 5.3000000000000007 134.50000000000003 4.2750000000000012
decision_type=2 2 2 2 2 2 2 2 2 2 2 2 2 2 2 2 2 2 2 2 2 2
left_child=1 6 4 7 -2 -5 8 13 17 -8 14 12 16 -3 -10 -11 21 -1 19 20 -18 -12
right_child=2 3 -4 5 -6 -7 9 -9 10 15 11 -13 -14 -15 -16 -17 18 -19 -20 -21 -22 -23
leaf_value=-0.50816966872061453 0.70197204310785644 -0.1731127901494296 1.8868971542878583 0.11532541478730061 1.2878000012702413 0.56160141108796391 -0.25870014404018343 0.17286069560796025 -0.46603992918263315 -0.1350194173909369 -0.33561192621355473 -0.14822501420013365 -0.17470594967405004 -0.01183675108132539 -0.31475855215556092 0.036513906717300419 -0.3872088208794594 -0.38849660219290322 -0.22370025412789707 -0.25523226713692704 -0.2982931382954121 -0.40469059848785405
leaf_weight=31 22 36 22 22 27 39 39 24 23 21 23 31 27 27 36 21 20 39 29 27 20 25
leaf_count=31 22 36 22 22 27 39 39 24 23 21 23 31 27 27 36 21 20 39 29 27 20 25
internal_value=-0.00885488 -0.173773 1.29191 0.148896 1.02478 0.400649 -0.289684 -0.0276206 -0.323842 -0.150098 -0.292288 -0.2685 -0.290304 -0.103994 -0.373733 -0.0492528 -0.311979 -0.441495 -0.282173 -0.307482 -0.342751 -0.37159
internal_weight=631 560 71 148 49 61 412 87 331 81 261 202 171 63 59 42 144 70 96 67 40 48
internal_count=631 560 71 148 49 61 412 87 331 81 261 202 171 63 59 42 144 70 96 67 40 48
is_linear=0
shrinkage=0.05


Tree=25
num_leaves=23
num_cat=0
split_feature=2 5 2 2 5 4 3 2 4 2 0 3 4 2 2 3 0 4 6 4 3 3
split_gain=53175.6 7300.45 3509.61 2228.95 1254.36 842.407 522.408 497.682 418.806 301.929 248.329 210.499 149.085 133.205 127.393 121.994 86.5401 67.8076 66.2482 33.6182 31.2431 23.9003
threshold=614.00000000000011 1.0000000180025095e-35 333.50000000000006 961.00000000000011 1.0000000180025095e-35 0.55550000000000022 32.405000000000008 131.50000000000003 0.32850000000000007 131.50000000000003 1.0000000180025095e-35 42.525000000000013 0.26050000000000006 50.500000000000007 216.50000000000003 30.375000000000004 2.5000000000000004 0.44850000000000007 5.1000000000000005 0.25450000000000006 58.730000000000011 30.375000000000004
decision_type=2 2 2 2 2 2 2 2 2 2 2 2 2 2 2 2 2 2 2 2 2 2
left_child=2 3 5 8 10 7 -7 12 -2 -8 17 14 20 -14 19 -15 -16 -4 -17 -9 -1 -21
right_child=1 -3 4 -5 -6 6 9 11 -10 -11 -12 -13 13 15 16 18 -18 -19 -20 21 -22 -23
leaf_value=-0.46565995523423864 0.35152998011381853 1.5901690617203714 -0.14911778360605241 1.0803388384836061 0.33304759335928952 -0.26780791021883488 -0.12747037420895965 -0.36373787647872063 0.64924831616657752 0.14095302857458591 0.088862372319335525 -0.14081566088685865 -0.44347704876036875 -0.40765893757343297 -0.27988590099143262 -0.30686848955495022 -0.16448653806000949 -0.038601746118586994 -0.19614264098080725 -0.25590758377855477 -0.3876451123328436 -0.32880337989848596
leaf_weight=33 21 36 35 28 29 32 22 27 27 20 23 38 21 20 33 35 32 23 22 22 21 23
leaf_count=33 21 36 35 28 29 32 22 27 27 20 23 38 21 20 33 35 32 23 22 22 21 23
internal_value=0.0169411 1.00364 -0.199321 0.725807 0.0508659 -0.267951 -0.11561 -0.302426 0.518997 0.000350294 -0.0501621 -0.244938 -0.368612 -0.331854 -0.273819 -0.301412 -0.223074 -0.105292 -0.264132 -0.31963 -0.435321 -0.293165
internal_weight=623 112 511 76 110 401 74 327 48 42 81 175 152 98 137 77 65 58 57 72 54 45
internal_count=623 112 511 76 110 401 74 327 48 42 81 175 152 98 137 77 65 58 57 72 54 45
is_linear=0
shrinkage=0.05


Tree=26
num_leaves=24
num_cat=0
split_feature=2 5 2 2 0 2 3 2 5 7 7 5 2 2 2 6 7 7 3 0 2 2 6
split_gain=48035.8 6594.44 4063.25 1739.31 1572.64 665.459 571.732 333.076 293.486 217.898 168.329 138.263 133.294 123.996 105.954 124.108 81.3679 69.3428 64.0281 43.6199 48.9944 30.7032 14.716
threshold=631.00000000000011 1.0000000180025095e-35 333.50000000000006 961.00000000000011 1.0000000180025095e-35 131.50000000000003 41.45000000000001 810.50000000000011 1.0000000180025095e-35 69.695000000000007 73.845000000000013 1.0000000180025095e-35 167.50000000000003 78.500000000000014 418.50000000000006 4.7150000000000007 77.220000000000013 71.495000000000019 51.845000000000006 1.0000000180025095e-35 211.50000000000003 498.00000000000006 4.6000000000000005
decision_type=2 2 2 2 2 2 2 2 2 2 2 2 2 2 2 2 2 2 2 2 2 2 2
left_child=2 3 5 7 14 8 11 -2 10 -10 18 12 -7 -12 -4 -16 -8 -13 -1 -14 -21 -6 -15
right_child=1 -3 4 -5 21 6 16 -9 9 -11 13 17 19 22 15 -17 -18 -19 -20 20 -22 -23 -24
leaf_value=-0.48847611546516423 0.36822824113070968 1.5769150982884801 -0.13383421490971859 1.0263218945757087 0.2892594528570771 -0.37356751014788947 -0.10089900994842703 0.65679170966148381 -0.34387396032159984 -0.13670443817973138 -0.38974105982944884 -0.22846402555704115 -0.29279635283009459 -0.22362313315272334 -0.069116510735715148 0.087852067127823841 0.026910329516977072 -0.098375816785153891 -0.38415942325403818 -0.26256553977727892 -0.17890432715415955 0.37687108136713504 -0.28427796006202699
leaf_weight=24 20 34 26 28 20 24 33 20 22 30 29 20 30 20 34 20 20 21 38 35 35 20 20
leaf_count=24 20 34 26 28 20 24 33 20 22 30 29 20 30 20 34 20 20 21 38 35 35 20 20
internal_value=0.016094 1.00836 -0.178169 0.72408 0.0770833 -0.254553 -0.195539 0.51251 -0.324854 -0.224353 -0.364748 -0.241431 -0.26775 -0.311022 -0.0509076 -0.01098 -0.0526691 -0.161833 -0.42454 -0.242353 -0.220735 0.333065 -0.253951
internal_weight=623 102 521 68 120 401 218 40 183 52 131 165 124 69 80 54 53 41 62 100 70 40 40
internal_count=623 102 521 68 120 401 218 40 183 52 131 165 124 69 80 54 53 41 62 100 70 40 40
is_linear=0
shrinkage=0.05


Tree=27
num_leaves=24
num_cat=0
split_feature=2 4 5 2 2 5 4 2 2 3 2 4 2 3 4 5 2 3 4 4 2 4 7
split_gain=43395.5 6088.76 3405.69 2841.24 2186.76 1115.54 739.628 576.18 489.36 372.806 219.317 209.303 191.266 265.578 180.004 139.906 123.352 88.501 64.7347 57.5406 44.2707 30.3921 28.8976
threshold=614.00000000000011 0.52800000000000014 1.0000000180025095e-35 333.50000000000006 820.00000000000011 1.0000000180025095e-35 0.72850000000000004 1030.0000000000002 131.50000000000003 41.45000000000001 473.00000000000006 0.32850000000000007 44.500000000000007 51.845000000000006 0.33250000000000007 1.0000000180025095e-35 216.50000000000003 27.005000000000006 0.44850000000000007 0.33650000000000008 167.50000000000003 0.41950000000000004 80.180000000000021
decision_type=2 2 2 2 2 2 2 2 2 2 2 2 2 2 2 2 2 2 2 2 2 2 2
left_child=3 4 -3 6 -2 10 8 -6 12 16 -5 -12 -1 18 -11 22 20 -18 -14 -19 -10 -22 -15
right_child=1 2 -4 5 7 -7 -8 -9 9 14 11 -13 13 15 -16 -17 17 19 -20 -21 21 -23 -24
leaf_value=-0.43091799225658178 0.3058219747742017 0.93988813154399409 1.8626132416725161 -0.14222725797444583 0.68816920193758879 0.31114045995576634 0.027308858605101707 1.0589758914709091 -0.33436405618985493 -0.19675415342762359 -0.082116527984971599 0.1336027931760658 -0.42260917408125742 -0.30370118128947721 -0.0031026773154735569 -0.12518422551453115 -0.27936790497465569 -0.20756113407788457 -0.30984506487846375 -0.098627528819170862 -0.28902677204459909 -0.21161565748708591 -0.23712371076856342
leaf_weight=32 30 20 20 36 22 29 24 20 30 21 23 22 35 39 28 20 22 27 20 22 32 21 28
leaf_count=32 30 20 20 36 22 29 24 20 30 21 23 22 35 39 28 20 22 27 20 22 32 21 28
internal_value=0.0152893 0.906642 1.40125 -0.180076 0.63186 0.0450316 -0.241826 0.864744 -0.258959 -0.206219 -0.050242 0.0233463 -0.320489 -0.295604 -0.0860962 -0.241236 -0.24444 -0.196057 -0.381604 -0.158652 -0.285828 -0.258354 -0.275878
internal_weight=623 112 40 511 72 110 401 42 377 203 81 45 174 142 49 87 154 71 55 49 83 53 67
internal_count=623 112 40 511 72 110 401 42 377 203 81 45 174 142 49 87 154 71 55 49 83 53 67
is_linear=0
shrinkage=0.05


Tree=28
num_leaves=24
num_cat=0
split_feature=2 5 2 4 0 2 4 2 4 2 4 4 2 6 2 5 4 2 0 5 2 2 7
split_gain=39177.7 6196.56 3454.68 1651.59 1315.81 1277.94 668.24 444.044 290.429 153.264 160.311 141.85 135.964 76.1173 69.456 69.4318 96.3546 45.4839 40.3371 38.4924 25.9629 19.7261 11.7789
threshold=633.00000000000011 1.0000000180025095e-35 333.50000000000006 0.25450000000000006 1.0000000180025095e-35 930.50000000000011 0.65050000000000019 131.50000000000003 0.49000000000000005 44.500000000000007 0.26050000000000006 0.43500000000000005 141.50000000000003 2.9650000000000003 234.50000000000003 1.0000000180025095e-35 0.43950000000000006 525.00000000000011 2.5000000000000004 1.0000000180025095e-35 498.00000000000006 96.500000000000014 71.535000000000011
decision_type=2 2 2 2 2 2 2 2 2 2 2 2 2 2 2 2 2 2 2 2 2 2 2
left_child=2 3 6 -2 8 -5 7 9 17 -1 21 13 -8 -9 18 16 -12 -4 -15 -13 -6 -11 -20
right_child=1 -3 4 5 20 -7 12 11 -10 10 15 19 -14 14 -16 -17 -18 -19 22 -21 -22 -23 -24
leaf_value=-0.4093720925971866 0.30661721877429798 1.4950455442070962 -0.14936329138775667 0.57821539929136634 0.26894877694547176 1.1123069913259573 -0.1280131931602955 -0.29404091997580095 0.09011662208608219 -0.40401378245580766 -0.23035721920038524 -0.16623794573384365 0.056353008411824702 -0.18798588415980341 -0.15199255026700731 -0.18891882141431174 -0.35527313053607945 -0.057014870271086697 -0.24181475050747397 -0.082721624692732643 0.3495137429237366 -0.33463007420301438 -0.29608018159866334
leaf_weight=32 23 32 30 24 20 21 20 33 28 21 38 37 20 25 37 30 26 24 20 22 20 20 20
leaf_count=32 23 32 30 24 20 21 20 33 28 21 38 37 20 25 37 30 26 24 20 22 20 20 20
internal_value=0.0145249 0.921293 -0.158853 0.651291 0.0741251 0.827458 -0.229735 -0.25122 -0.0405609 -0.310988 -0.287668 -0.19977 -0.0358301 -0.228034 -0.206679 -0.251683 -0.281104 -0.10832 -0.237808 -0.135096 0.309231 -0.370168 -0.268947
internal_weight=623 100 523 68 122 45 401 361 82 167 135 194 40 135 102 94 64 54 65 59 40 41 40
internal_count=623 100 523 68 122 45 401 361 82 167 135 194 40 135 102 94 64 54 65 59 40 41 40
is_linear=0
shrinkage=0.05


Tree=29
num_leaves=25
num_cat=0
split_feature=2 4 5 2 2 5 4 2 2 3 2 3 2 4 5 2 3 4 4 4 2 7 6 4
split_gain=35445.9 5157.73 2871.47 2293.55 1859.89 983.706 619.782 497.522 396.018 333.604 190.564 161.737 243.302 153.864 121.216 107.807 80.4681 57.2318 50.357 46.5035 39.2396 31.6852 22.6612 22.1446
threshold=614.00000000000011 0.52800000000000014 1.0000000180025095e-35 333.50000000000006 820.00000000000011 1.0000000180025095e-35 0.72850000000000004 1030.0000000000002 131.50000000000003 41.45000000000001 518.50000000000011 51.845000000000006 40.500000000000007 0.33250000000000007 1.0000000180025095e-35 216.50000000000003 27.005000000000006 0.36800000000000005 0.33650000000000008 0.47350000000000003 167.50000000000003 80.180000000000021 4.7650000000000006 0.41950000000000004
decision_type=2 2 2 2 2 2 2 2 2 2 2 2 2 2 2 2 2 2 2 2 2 2 2 2
left_child=3 4 -3 6 -2 10 8 -6 11 15 17 19 -13 -11 21 20 -17 -5 -18 -1 -10 22 -14 -22
right_child=1 2 -4 5 7 -7 -8 -9 9 13 -12 12 14 -15 -16 16 18 -19 -20 -21 23 -23 -24 -25
leaf_value=-0.38958373579539751 0.26579408764839174 0.85097246348857891 1.6982425963878633 -0.16604918210165731 0.6171738064424559 0.28937352628543461 0.028119020722806455 0.96174131035804755 -0.30703036785125737 -0.17516342639213517 0.047414508149508511 -0.40862261397497995 -0.31098170081774396 0.0038754164108208249 -0.11766328100453725 -0.25685133866288445 -0.18749856998523076 -0.058975847122760917 -0.085591423680836512 -0.29687141804468065 -0.26165182495897171 -0.21018624763985697 -0.23891783624887469 -0.19557372885977939
leaf_weight=38 30 20 20 24 22 29 24 20 30 21 31 21 24 28 22 22 27 26 22 21 32 28 20 21
leaf_count=38 30 20 20 24 22 29 24 20 30 21 31 21 24 28 22 22 27 26 22 21 32 28 20 21
internal_value=0.0137986 0.819382 1.27461 -0.162768 0.566479 0.039483 -0.218248 0.781254 -0.233932 -0.186487 -0.049984 -0.289283 -0.254755 -0.0728555 -0.22038 -0.222643 -0.177411 -0.110371 -0.141744 -0.356584 -0.261335 -0.251766 -0.278225 -0.23547
internal_weight=623 112 40 511 72 110 401 42 377 203 81 174 115 49 94 154 71 50 49 59 83 72 44 53
internal_count=623 112 40 511 72 110 401 42 377 203 81 174 115 49 94 154 71 50 49 59 83 72 44 53
is_linear=0
shrinkage=0.05


Tree=30
num_leaves=25
num_cat=0
split_feature=2 2 3 2 6 4 2 5 3 3 4 3 4 6 2 2 7 4 6 4 4 2 6 2
split_gain=29777.6 3613.29 2991.24 2961.73 1001.54 852.649 525.184 366.527 342.507 213.457 160.452 114.48 94.8436 90.3209 73.903 71.8612 89.7199 59.7043 39.196 66.6865 35.3763 27.0842 25.9083 14.5186
threshold=648.00000000000011 1078.5000000000002 44.080000000000005 418.50000000000006 5.0250000000000012 0.74500000000000011 78.500000000000014 1.0000000180025095e-35 29.610000000000003 27.005000000000006 0.23650000000000002 32.405000000000008 0.29150000000000004 4.9500000000000011 44.500000000000007 211.50000000000003 80.370000000000019 0.46350000000000008 4.2750000000000012 0.13050000000000003 0.42700000000000005 226.00000000000003 5.1000000000000005 139.50000000000003
decision_type=2 2 2 2 2 2 2 2 2 2 2 2 2 2 2 2 2 2 2 2 2 2 2 2
left_child=3 2 -2 5 9 6 12 10 -9 -5 18 13 22 21 -14 16 23 -10 -8 -20 -15 -12 -1 -13
right_child=1 -3 -4 4 -6 -7 7 8 17 -11 11 15 14 20 -16 -17 -18 -19 19 -21 -22 -23 -24 -25
leaf_value=-0.42004578411579135 0.35142470819827842 1.3524102345108986 1.0155153013020755 -0.10465583064113602 0.31311808254880213 0.099513538278963254 -0.2297990649816041 -0.21407593426100602 -0.052489589367594042 0.075183047444531415 -0.3033582282662392 -0.24539660990238188 -0.34368170897165934 -0.13319608044845085 -0.21644856533408166 -0.065062425048513853 -0.091339253601820575 0.066738335433460416 -0.22722507294267419 -0.34590383110375239 -0.22093215793371201 -0.2328923494120439 -0.33956549465656283 -0.18514999702572824
leaf_weight=20 39 24 30 33 36 23 38 30 21 33 25 20 21 27 25 22 23 21 20 29 20 30 20 20
leaf_count=20 39 24 30 33 36 23 38 30 21 33 25 20 21 27 25 22 23 21 20 29 20 30 20 20
internal_value=-0.00425128 0.823966 0.64016 -0.142535 0.100977 -0.197125 -0.212918 -0.185433 -0.0850424 -0.0147364 -0.211813 -0.185715 -0.323497 -0.221428 -0.274533 -0.14286 -0.170028 0.00712437 -0.267909 -0.297464 -0.170531 -0.264922 -0.379806 -0.215273
internal_weight=650 93 69 557 102 455 432 346 72 66 274 187 86 102 46 85 63 42 87 49 47 55 40 40
internal_count=650 93 69 557 102 455 432 346 72 66 274 187 86 102 46 85 63 42 87 49 47 55 40 40
is_linear=0
shrinkage=0.05


Tree=31
num_leaves=26
num_cat=0
split_feature=2 2 5 2 5 4 2 5 3 0 4 4 3 4 2 2 2 7 4 3 2 3 4 2 4
split_gain=26906.7 3333.45 2895.97 1298.08 1001.42 769.516 473.978 330.791 309.113 279.539 144.808 107.745 103.318 85.5964 72.5899 66.6974 64.8547 80.9722 53.8831 39.7305 39.3375 66.1886 30.9149 13.1031 2.73674
threshold=713.00000000000011 418.50000000000006 1.0000000180025095e-35 1011.5000000000001 1.0000000180025095e-35 0.74500000000000011 78.500000000000014 1.0000000180025095e-35 29.610000000000003 1.0000000180025095e-35 0.23650000000000002 0.35850000000000004 32.405000000000008 0.29150000000000004 158.00000000000003 44.500000000000007 211.50000000000003 80.370000000000019 0.46350000000000008 26.000000000000004 226.00000000000003 51.845000000000006 0.47050000000000003 139.50000000000003 0.22000000000000003
decision_type=2 2 2 2 2 2 2 2 2 2 2 2 2 2 2 2 2 2 2 2 2 2 2 2 2
left_child=1 5 3 -2 9 6 13 10 -9 11 20 -3 14 24 -12 -15 17 23 -10 -16 21 -8 -21 -14 -1
right_child=2 4 -4 -5 -6 -7 7 8 18 -11 12 -13 16 15 19 -17 -18 -19 -20 22 -22 -23 -24 -25 -26
leaf_value=-0.37389383167028428 0.45111424275806977 -0.10395920311325585 1.2866219518184663 0.9346585517344268 0.37017121309864115 0.094537859507229025 -0.31698347486947714 -0.20337213429311915 -0.049865111282893587 0.15407385497257628 -0.29079103469848633 0.03768428367376328 -0.23312677979469298 -0.32649762062799365 -0.13276692279007124 -0.20562613505125046 -0.061809303848580882 -0.086772287280663205 0.063401418640500015 -0.18142597296408247 -0.2030153230692332 -0.20951751357187398 -0.25706496997313066 -0.17589249812066554 -0.34773687958717348
leaf_weight=20 35 29 25 23 29 23 38 30 21 29 22 25 20 21 23 25 22 23 21 35 26 23 22 20 20
leaf_count=20 35 29 25 23 29 23 38 30 21 29 22 25 20 21 23 25 22 23 21 35 26 23 22 20 20
internal_value=-0.00403871 -0.12712 0.836767 0.642865 0.117236 -0.187269 -0.202272 -0.176162 -0.0807903 0.0288606 -0.201223 -0.0383835 -0.17643 -0.307322 -0.210357 -0.260807 -0.135717 -0.161526 0.00676815 -0.188237 -0.254513 -0.276464 -0.21062 -0.20451 -0.360815
internal_weight=650 567 83 58 112 455 432 346 72 83 274 54 187 86 102 46 85 63 42 80 87 61 57 40 40
internal_count=650 567 83 58 112 455 432 346 72 83 274 54 187 86 102 46 85 63 42 80 87 61 57 40 40
is_linear=0
shrinkage=0.05


Tree=32
num_leaves=25
num_cat=0
split_feature=2 2 5 2 5 4 2 5 0 3 2 3 3 2 7 4 7 4 6 6 3 3 4 2
split_gain=24325.1 3323.64 2708.84 1020.17 1004.64 694.488 430.749 292.863 279.512 228.352 153.508 147.606 111.149 142.801 102.21 98.227 90.0595 64.8501 63.1016 48.4683 25.7703 32.5061 24.8725 19.2525
threshold=744.50000000000011 418.50000000000006 1.0000000180025095e-35 1011.5000000000001 1.0000000180025095e-35 0.74500000000000011 130.50000000000003 1.0000000180025095e-35 1.0000000180025095e-35 29.610000000000003 59.500000000000007 51.845000000000006 51.845000000000006 158.00000000000003 56.955000000000005 0.32550000000000007 73.845000000000013 0.26250000000000007 3.8550000000000004 2.9950000000000006 26.000000000000004 29.610000000000003 0.37050000000000005 232.50000000000003
decision_type=2 2 2 2 2 2 2 2 2 2 2 2 2 2 2 2 2 2 2 2 2 2 2 2
left_child=1 5 3 -2 8 6 10 12 15 -9 16 22 13 -8 -15 -3 -1 -13 -19 -16 -21 -22 -12 -23
right_child=2 4 -4 -5 -6 -7 7 9 -10 -11 11 17 -14 14 19 -17 -18 18 -20 20 21 23 -24 -25
leaf_value=-0.37180922428766888 0.45136151909828187 -0.114754211080625 1.2801203804819481 0.8879256170728933 0.36492643856533591 0.089810966538346346 -0.31158530967576165 -0.15709793120622637 0.15002232789993286 0.057295803670529971 -0.33436141490936278 -0.24006282974566734 -0.064794782176613816 -0.075375249459529711 -0.23727793175923195 0.021621695458288154 -0.24738148817649255 -0.20517317699268461 -0.094687191130859522 -0.12012142956256866 -0.22687262956585205 -0.18491770337025326 -0.25812097198289374 -0.12158577840775252
leaf_weight=33 32 23 23 23 31 23 21 23 32 27 20 28 20 23 38 31 26 24 28 20 28 30 23 20
leaf_count=33 32 23 23 23 31 23 21 23 32 27 20 28 20 23 38 31 26 24 28 20 28 30 23 20
internal_value=-0.00383678 -0.116788 0.82447 0.633925 0.120892 -0.177905 -0.192159 -0.149559 0.032926 -0.0413253 -0.250675 -0.218871 -0.176617 -0.189042 -0.172857 -0.0364643 -0.316977 -0.178714 -0.145681 -0.189343 -0.170756 -0.183739 -0.293582 -0.159585
internal_weight=650 572 78 55 117 455 432 250 86 50 182 123 200 180 159 54 59 80 52 136 98 78 43 50
internal_count=650 572 78 55 117 455 432 250 86 50 182 123 200 180 159 54 59 80 52 136 98 78 43 50
is_linear=0
shrinkage=0.05


Tree=33
num_leaves=24
num_cat=0
split_feature=2 2 3 2 3 2 5 4 3 6 3 2 5 4 3 3 2 2 4 4 7 2 2
split_gain=21957.7 2941.57 2606.73 2184.91 1034.1 507.315 418.789 362.947 224.333 219.539 190.325 214.884 154.987 137.855 111.457 57.0745 50.0636 49.1254 45.7602 41.7191 68.5641 28.7455 11.5633
threshold=648.00000000000011 1078.5000000000002 44.080000000000005 380.50000000000006 41.45000000000001 134.50000000000003 1.0000000180025095e-35 0.56050000000000011 32.405000000000008 6.3350000000000009 51.845000000000006 38.500000000000007 1.0000000180025095e-35 0.36150000000000004 41.45000000000001 29.610000000000003 89.000000000000014 211.50000000000003 0.21150000000000002 0.23050000000000004 80.180000000000021 503.50000000000006 241.50000000000003
decision_type=2 2 2 2 2 2 2 2 2 2 2 2 2 2 2 2 2 2 2 2 2 2 2
left_child=3 2 -2 5 7 10 13 9 -8 21 16 -12 19 15 17 22 -1 -15 -17 -13 -21 -5 -7
right_child=1 -3 -4 4 -6 6 8 -9 -10 -11 11 12 -14 14 -16 18 -18 -19 -20 20 -22 -23 -24
leaf_value=-0.35199349693953996 0.2721745180013852 1.1843585242827734 0.89211474200089769 -0.15170502877235414 0.34431907179263921 -0.26738687928604044 -0.082680530613288283 0.17836077228188515 0.13078514382243156 0.081170508451759826 -0.34626490445364094 -0.25825209945440292 -0.06230543502792716 -0.19247848621259134 -0.010550349876284601 -0.21398601484085833 -0.26397108214242121 -0.10528479680418967 -0.12580399494017325 -0.22274552019866736 -0.11128213188441641 -0.079644446988259593 -0.21606964866320291
leaf_weight=30 39 24 30 25 26 23 32 20 20 20 21 25 25 30 20 28 35 35 31 37 22 31 21
leaf_count=30 39 24 30 25 26 23 32 20 20 20 21 25 25 30 20 28 35 35 31 37 22 31 21
internal_value=-0.00364494 0.707558 0.541714 -0.122391 0.064601 -0.174835 -0.126164 -0.011156 -0.000578348 -0.0610289 -0.234739 -0.19981 -0.171594 -0.1609 -0.113769 -0.199795 -0.304597 -0.145528 -0.167653 -0.20412 -0.181183 -0.111814 -0.242895
internal_weight=650 93 69 557 122 435 240 96 52 76 195 130 109 188 85 103 65 65 59 84 59 56 44
internal_count=650 93 69 557 122 435 240 96 52 76 195 130 109 188 85 103 65 65 59 84 59 56 44
is_linear=0
shrinkage=0.05


Tree=34
num_leaves=25
num_cat=0
split_feature=2 2 6 3 2 5 3 2 3 5 2 0 2 2 0 6 7 2 6 6 2 3 6 2
split_gain=19910.9 3893.42 1548.72 1210.22 1002.69 716.378 589.992 252.181 290.62 270.319 238.719 195.543 142.986 126.191 135.277 93.8303 91.1904 55.2638 42.8051 37.6363 35.3729 30.3475 17.2051 11.3186
threshold=597.00000000000011 917.00000000000011 3.3250000000000006 44.080000000000005 212.50000000000003 1.0000000180025095e-35 30.375000000000004 50.500000000000007 51.845000000000006 1.0000000180025095e-35 518.50000000000011 1.0000000180025095e-35 131.50000000000003 158.00000000000003 2.5000000000000004 2.9950000000000006 73.845000000000013 120.50000000000001 3.8200000000000003 6.8650000000000011 371.00000000000006 30.375000000000004 4.4850000000000012 355.00000000000006
decision_type=2 2 2 2 2 2 2 2 2 2 2 2 2 2 2 2 2 2 2 2 2 2 2 2
left_child=4 3 -3 11 7 10 -7 16 13 12 15 -2 18 14 -9 23 -1 -16 -10 20 21 -17 -15 -6
right_child=1 2 -4 -5 5 6 -8 8 9 -11 -12 -13 -14 22 17 19 -18 -19 -20 -21 -22 -23 -24 -25
leaf_value=-0.36135476369124198 0.077441364265978349 0.56652386841319857 1.1226425320871416 0.65824582610279325 -0.21295042601616487 -0.052207413941378823 0.30997233675284819 -0.37047048863910498 -0.22412995691928597 0.039344669813695166 0.03236440362940942 0.27797177381092503 -0.037297660680044267 -0.14281945687253028 -0.26510126390627453 -0.13831983081996443 -0.22467885250225664 -0.16989393532276154 -0.14702509740988415 -0.0546981573585541 -0.17490504497573489 -0.051217192187905318 -0.19228698462247851 -0.16151974290609361
leaf_weight=26 20 21 31 20 23 23 22 21 36 23 28 31 21 32 35 20 23 27 36 31 21 20 39 20
leaf_count=26 20 21 31 20 23 23 22 21 36 23 28 31 21 32 35 20 23 27 36 31 21 20 39 20
internal_value=-0.00346269 0.569348 0.898056 0.328604 -0.137155 -0.0517443 0.124858 -0.192846 -0.173907 -0.114137 -0.1005 0.199332 -0.152095 -0.218928 -0.26079 -0.128057 -0.297201 -0.22364 -0.185578 -0.0995586 -0.122356 -0.0947685 -0.169992 -0.189029
internal_weight=650 123 52 71 527 208 45 319 270 116 163 51 93 154 83 135 49 62 72 92 61 40 71 43
internal_count=650 123 52 71 527 208 45 319 270 116 163 51 93 154 83 135 49 62 72 92 61 40 71 43
is_linear=0
shrinkage=0.05


Tree=35
num_leaves=24
num_cat=0
split_feature=2 2 6 2 5 2 2 3 0 3 2 2 6 5 7 5 2 2 7 6 6 6 6
split_gain=20323.2 2885.57 2234.35 840.862 803.241 351.882 318.02 335.942 193.247 151.587 150.665 148.306 122.729 101.898 94.6501 91.0856 58.7889 45.9209 40.7609 32.9199 19.3125 29.0875 16.5548
threshold=754.50000000000011 393.50000000000006 5.0500000000000007 1011.5000000000001 1.0000000180025095e-35 518.50000000000011 120.50000000000001 41.45000000000001 1.0000000180025095e-35 51.845000000000006 40.500000000000007 232.50000000000003 0.91000000000000014 1.0000000180025095e-35 83.050000000000011 1.0000000180025095e-35 173.50000000000003 200.00000000000003 73.845000000000013 3.1950000000000007 6.7300000000000013 4.1650000000000009 2.9650000000000003
decision_type=2 2 2 2 2 2 2 2 2 2 2 2 2 2 2 2 2 2 2 2 2 2 2
left_child=1 6 3 -2 5 -3 9 12 -7 18 -11 14 -8 19 -9 16 -14 -17 -1 -12 21 22 -18
right_child=2 4 -4 -5 -6 8 7 11 -10 10 13 -13 15 -15 -16 17 20 -19 -20 -21 -22 -23 -24
leaf_value=-0.32233904424835658 0.33733320261041322 -0.093406557513249888 1.0859656982123853 0.77630648881196984 0.30441238273762994 0.010913425291489278 -0.28060051238253003 -0.14074010492768138 0.19506918048036512 -0.29659773943324885 -0.24152486395268213 0.070740301623230889 -0.22821173990766208 -0.072328554695615402 -0.0060172797604040665 -0.14299063208428295 -0.16845526158809665 -0.041947669211937037 -0.23238214433193205 -0.16275218394067553 -0.11086200851769674 -0.19919171644484296 -0.10412260508164764
leaf_weight=34 24 37 32 20 36 28 21 32 29 24 21 21 36 26 22 22 20 23 20 36 21 34 20
leaf_count=34 24 37 32 20 36 28 21 32 29 24 21 21 36 26 22 22 20 23 20 36 21 34 20
internal_value=0.000594266 -0.103008 0.768066 0.536867 0.10358 0.0266653 -0.165032 -0.132064 0.104607 -0.220728 -0.186262 -0.0420069 -0.16635 -0.154357 -0.085853 -0.152718 -0.1738 -0.0913465 -0.289022 -0.191774 -0.153181 -0.16519 -0.136289
internal_weight=639 563 76 44 130 94 433 272 57 161 107 75 197 83 54 176 131 45 54 57 95 74 40
internal_count=639 563 76 44 130 94 433 272 57 161 107 75 197 83 54 176 131 45 54 57 95 74 40
is_linear=0
shrinkage=0.05


Tree=36
num_leaves=23
num_cat=0
split_feature=2 2 4 2 4 4 3 3 2 6 4 3 6 3 2 2 5 4 6 4 2 6
split_gain=18341.6 2604.23 2338.9 758.347 725.539 393.605 396.953 316.62 159.682 108.072 94.6038 96.5669 94.4187 88.4777 75.04 57.9922 61.0626 51.0372 47.1344 36.6514 16.1654 12.0816
threshold=754.50000000000011 393.50000000000006 0.57000000000000006 1011.5000000000001 0.5485000000000001 0.55550000000000022 37.315000000000005 41.45000000000001 81.500000000000014 1.0700000000000003 0.25450000000000006 42.525000000000013 4.1150000000000011 60.32500000000001 183.50000000000003 155.50000000000003 1.0000000180025095e-35 0.15750000000000003 5.3000000000000007 0.36650000000000005 52.500000000000007 5.4200000000000008
decision_type=2 2 2 2 2 2 2 2 2 2 2 2 2 2 2 2 2 2 2 2 2 2
left_child=1 5 3 -2 7 8 14 18 13 -10 12 15 -11 20 -7 -12 21 -14 -3 -13 -1 -17
right_child=2 4 -4 -5 -6 6 -8 -9 9 10 11 19 17 -15 -16 16 -18 -19 -20 -21 -22 -23
leaf_value=-0.30932087880404047 0.3682257411735399 -0.068956990597339771 1.150721942341846 0.74709808272123335 0.30511346745770429 -0.20271524908366026 0.079765973379835486 0.15420670692863711 -0.25202039279814425 -0.11710708609649115 -0.20394350894623334 -0.014497174546122552 -0.17570139688253406 -0.17151144446184241 -0.076693524349303488 -0.17766488652144161 -0.05439448840916157 -0.27104816760402173 0.01899118560552597 -0.10530774819850922 -0.25384590322601386 -0.13033204370966325
leaf_weight=24 28 39 23 25 32 27 32 34 29 28 36 20 25 30 21 28 21 32 25 25 29 26
leaf_count=24 28 39 23 25 32 27 32 34 29 28 36 20 25 30 21 28 21 32 25 25 29 26
internal_value=0.000564553 -0.0978572 0.729663 0.546939 0.0984009 -0.15678 -0.0566421 0.0309029 -0.179474 -0.160829 -0.149856 -0.126732 -0.192295 -0.240127 -0.147581 -0.151779 -0.12674 -0.229229 -0.0346022 -0.0649475 -0.278967 -0.154875
internal_weight=639 563 76 53 130 433 80 98 353 270 241 156 85 83 48 111 75 57 64 45 53 54
internal_count=639 563 76 53 130 433 80 98 353 270 241 156 85 83 48 111 75 57 64 45 53 54
is_linear=0
shrinkage=0.05


Tree=37
num_leaves=27
num_cat=0
split_feature=2 2 6 2 5 2 3 2 0 7 2 3 5 2 3 2 5 2 6 3 6 7 7 3 6 2
split_gain=16553.3 2363.13 1999.21 713.793 646.864 336.411 338.846 233.175 162.755 149.56 144.94 122.732 143.312 101.769 132.488 97.5796 75.0365 48.8713 40.4809 29.9592 29.5909 20.4295 12.9122 7.83296 6.8209 4.28745
threshold=754.50000000000011 442.50000000000006 5.0500000000000007 1011.5000000000001 1.0000000180025095e-35 135.50000000000003 41.45000000000001 518.50000000000011 1.0000000180025095e-35 88.915000000000006 247.50000000000003 24.675000000000004 1.0000000180025095e-35 40.500000000000007 51.845000000000006 216.50000000000003 1.0000000180025095e-35 296.50000000000006 3.9350000000000005 29.610000000000003 5.3550000000000013 74.575000000000017 69.750000000000014 60.32500000000001 5.5050000000000008 102.00000000000001
decision_type=2 2 2 2 2 2 2 2 2 2 2 2 2 2 2 2 2 2 2 2 2 2 2 2 2 2
left_child=1 5 3 -2 7 9 11 -3 -9 13 -8 -7 17 -1 18 -14 20 19 -15 22 23 24 -13 -16 -21 -20
right_child=2 4 -4 -5 -6 6 10 8 -10 -11 -12 12 15 14 16 -17 -18 -19 25 21 -22 -23 -24 -25 -26 -27
leaf_value=-0.31143132221131098 0.29064385358554623 -0.093716080583955932 0.99388710036873817 0.69509096326306463 0.3129149385293325 -0.24794377413662999 -0.05700025236284411 0.0089051874354481707 0.17790898896496873 -0.06695990851592451 0.11006488710641862 -0.22561072316020728 -0.11821066069283657 -0.30843017697334291 -0.22503746182968221 0.03421388488440287 -0.079412966097394622 -0.092349783811838393 -0.20616782052176341 -0.10060902550816536 -0.13364466308128267 -0.18121955415064639 -0.17010105428370564 -0.1832232531337511 -0.14095395796678284 -0.23775295357812537
leaf_weight=21 24 23 32 20 30 22 37 28 29 21 20 20 21 20 24 21 24 31 21 20 21 22 22 21 22 22
leaf_count=21 24 23 32 20 30 22 37 28 29 21 20 20 21 20 24 21 24 31 21 20 21 22 22 21 22 22
internal_value=0.000536326 -0.0929644 0.69318 0.474483 0.114915 -0.143443 -0.105983 0.0406655 0.0948896 -0.193005 0.00161909 -0.136497 -0.1228 -0.208217 -0.194051 -0.0419984 -0.155123 -0.147571 -0.249662 -0.163721 -0.182653 -0.142187 -0.196534 -0.205524 -0.121742 -0.222328
internal_weight=639 563 76 44 110 453 258 80 57 195 57 201 179 174 153 42 90 137 63 106 66 64 42 45 42 43
internal_count=639 563 76 44 110 453 258 80 57 195 57 201 179 174 153 42 90 137 63 106 66 64 42 45 42 43
is_linear=0
shrinkage=0.05


Tree=38
num_leaves=25
num_cat=0
split_feature=2 2 6 7 5 2 3 2 0 7 2 3 5 2 3 2 5 2 5 3 6 7 7 6
split_gain=14939.4 2132.72 1804.29 660.658 583.794 303.611 305.808 210.441 146.886 134.978 130.808 110.766 129.339 92.5005 94.2859 88.0656 65.8863 44.1064 35.3502 27.0382 23.6027 18.4376 11.6533 6.15586
threshold=754.50000000000011 442.50000000000006 5.0500000000000007 61.610000000000007 1.0000000180025095e-35 135.50000000000003 41.45000000000001 518.50000000000011 1.0000000180025095e-35 88.915000000000006 247.50000000000003 24.675000000000004 1.0000000180025095e-35 43.500000000000007 51.845000000000006 216.50000000000003 1.0000000180025095e-35 296.50000000000006 1.0000000180025095e-35 29.610000000000003 3.8550000000000004 74.575000000000017 69.750000000000014 5.5050000000000008
decision_type=2 2 2 2 2 2 2 2 2 2 2 2 2 2 2 2 2 2 2 2 2 2 2 2
left_child=1 5 3 -2 7 9 11 -3 -9 13 -8 -7 17 -1 18 -14 20 19 -15 22 -16 23 -13 -21
right_child=2 4 -4 -5 -6 6 10 8 -10 -11 -12 12 15 14 16 -17 -18 -19 -20 21 -22 -23 -24 -25
leaf_value=-0.27460197321488522 0.27389447037130593 -0.089030277000173283 0.94419273510575297 0.66299703419208533 0.29726918756961823 -0.23554658519781452 -0.054150239921904902 0.0084599274077585759 0.16901354347837383 -0.063611911660769876 0.10456164687871934 -0.21433018714189533 -0.11230012951862245 -0.26087296903133395 -0.20292591426161027 0.032503190814029602 -0.069604845877204627 -0.087732292182983895 -0.18208634406328203 -0.095578573085367685 -0.14122591057732223 -0.17215857741168955 -0.16159600209106098 -0.13390625948933038
leaf_weight=32 24 23 32 20 30 22 37 28 29 21 20 20 21 35 31 21 21 31 24 20 31 22 22 22
leaf_count=32 24 23 32 20 30 22 37 28 29 21 20 20 21 35 31 21 21 31 24 20 31 22 22 22
internal_value=0.000509509 -0.0883162 0.658521 0.450759 0.10917 -0.136271 -0.100684 0.0386322 0.0901451 -0.183355 0.00153814 -0.129673 -0.11666 -0.197806 -0.1805 -0.0398985 -0.146149 -0.140193 -0.228824 -0.155535 -0.172076 -0.135078 -0.186708 -0.115655
internal_weight=639 563 76 44 110 453 258 80 57 195 57 201 179 174 142 42 83 137 59 106 62 64 42 42
internal_count=639 563 76 44 110 453 258 80 57 195 57 201 179 174 142 42 83 137 59 106 62 64 42 42
is_linear=0
shrinkage=0.05


Tree=39
num_leaves=25
num_cat=0
split_feature=2 4 2 2 4 4 0 7 2 2 6 4 6 7 2 0 4 4 7 0 2 6 4 6
split_gain=13482.8 2088.62 1925.96 637.649 620.514 336.387 203.784 252.425 174.716 141.315 97.6096 92.4378 89.564 53.8145 48.5984 68.132 47.5532 30.5122 26.1947 52.4837 24.4272 20.2952 19.0257 17.2846
threshold=754.50000000000011 0.57000000000000006 393.50000000000006 1011.5000000000001 0.5485000000000001 0.59000000000000008 1.0000000180025095e-35 62.785000000000004 135.50000000000003 81.500000000000014 1.3250000000000004 0.25450000000000006 4.1150000000000011 72.790000000000006 237.50000000000003 1.5000000000000002 0.15750000000000003 0.32550000000000007 68.77000000000001 2.5000000000000004 50.500000000000007 5.1150000000000011 0.67450000000000021 3.8550000000000004
decision_type=2 2 2 2 2 2 2 2 2 2 2 2 2 2 2 2 2 2 2 2 2 2 2 2
left_child=2 3 5 -2 6 9 17 -8 -7 13 -11 12 -12 20 15 -13 -14 -4 -17 -20 -1 -16 -10 -15
right_child=1 -3 4 -5 -6 8 7 -9 22 10 11 14 16 23 21 18 -18 -19 19 -21 -22 -23 -24 -25
leaf_value=-0.28893748975935435 0.28904865149940767 1.0234878441561823 -0.083660507832582179 0.63646458631753922 0.27604246139526367 -0.12826211159782749 -0.01801355856106333 0.21624042845290639 0.00010216489434242249 -0.21586081818403569 -0.09302600011643436 -0.18469353596369426 -0.15190690881758928 -0.20445264956603448 -0.02203052439505146 -0.14022174202478851 -0.24394172816537321 -0.0070593388607868776 -0.035214311469462703 -0.12508273612369189 -0.21172743562608956 -0.09240796100348235 0.069068915545940399 -0.14171145145335926
leaf_weight=21 28 23 26 25 32 28 23 23 20 34 27 30 25 21 21 26 32 26 32 33 20 20 20 23
leaf_count=21 28 23 26 25 32 28 23 23 20 34 27 30 25 21 21 26 32 26 32 33 20 20 20 23
internal_value=0.000484034 0.625595 -0.0839004 0.452924 0.0848759 -0.134572 0.0224541 0.0991134 -0.0324694 -0.153594 -0.136453 -0.125478 -0.168042 -0.21006 -0.103407 -0.119348 -0.203576 -0.0453599 -0.0978061 -0.0808398 -0.251274 -0.056361 0.0345855 -0.171656
internal_weight=639 76 563 53 130 433 98 46 68 365 280 246 84 85 162 121 57 52 91 65 41 41 40 44
internal_count=639 76 563 53 130 433 98 46 68 365 280 246 84 85 162 121 57 52 91 65 41 41 40 44
is_linear=0
shrinkage=0.05


Tree=40
num_leaves=25
num_cat=0
split_feature=2 2 5 0 2 5 4 2 4 4 4 2 6 7 2 0 0 5 6 2 7 7 6 7
split_gain=12820.7 2341.93 2336.05 954.445 708.837 681.874 317.681 296.184 281.663 156.868 114.546 106.723 65.5675 96.6802 48.2633 31.3616 36.862 26.3214 23.3917 20.1788 19.6976 15.7725 33.5866 10.4786
threshold=764.00000000000011 380.50000000000006 1.0000000180025095e-35 1.0000000180025095e-35 961.00000000000011 1.0000000180025095e-35 0.59600000000000009 154.50000000000003 0.38250000000000006 0.25450000000000006 0.49000000000000005 99.500000000000014 1.3250000000000004 60.345000000000006 76.000000000000014 1.0000000180025095e-35 2.5000000000000004 1.0000000180025095e-35 4.8850000000000007 549.00000000000011 73.845000000000013 80.740000000000023 4.7300000000000013 68.295000000000016
decision_type=2 2 2 2 2 2 2 2 2 2 2 2 2 2 2 2 2 2 2 2 2 2 2 2
left_child=1 6 4 10 -2 8 9 -8 -5 14 19 17 -13 -14 -1 -16 18 20 -17 -3 -11 22 -15 -24
right_child=2 3 -4 5 -6 -7 7 -9 -10 11 -12 12 13 21 15 16 -18 -19 -20 -21 -22 -23 23 -25
leaf_value=-0.25741001069545749 0.2287129156453454 -0.076925573249657958 1.0325901800145707 0.010551593275297255 0.60332807914486963 0.48880634073700224 -0.11081732430642373 0.10819198546501307 0.27273295417428017 -0.21905040351244121 0.083796902041396379 -0.17320543710763259 -0.0040201582821706933 -0.14945820969266771 -0.22027546675116927 -0.09847084897121898 -0.19469710122316311 -0.12414971915600093 -0.16883158825692679 -0.013020886445329304 -0.15689118012785913 -0.069543572247028354 -0.11646734520792962 -0.070332048513228079
leaf_weight=20 23 30 24 21 28 21 38 26 20 26 23 24 30 39 27 27 39 23 21 21 25 25 20 32
leaf_count=20 23 30 24 21 28 21 38 26 20 26 23 24 30 39 27 27 39 23 21 21 25 25 20 32
internal_value=0.0107718 -0.0690342 0.62581 0.112407 0.434384 0.257116 -0.124862 -0.0218448 0.138445 -0.142304 -0.00883618 -0.118434 -0.0966175 -0.0840276 -0.185769 -0.1732 -0.15859 -0.168555 -0.129254 -0.0506119 -0.18858 -0.104719 -0.114383 -0.0880764
internal_weight=653 578 75 136 51 62 442 64 41 378 74 244 170 146 134 114 87 74 48 51 51 116 91 52
internal_count=653 578 75 136 51 62 442 64 41 378 74 244 170 146 134 114 87 74 48 51 51 116 91 52
is_linear=0
shrinkage=0.05


Tree=41
num_leaves=24
num_cat=0
split_feature=2 4 2 4 2 0 6 4 4 2 3 2 2 2 3 2 6 7 6 7 0 7 7
split_gain=11570.7 2209.77 2113.59 894.1 714.443 330.243 367.213 288.49 184.51 155.543 111.731 96.9949 94.7832 65.2884 66.6291 69.5842 43.4157 39.9943 35.1914 29.8233 27.8804 28.1033 15.0672
threshold=764.00000000000011 0.53650000000000009 380.50000000000006 0.52800000000000014 1011.5000000000001 1.0000000180025095e-35 5.3550000000000013 0.72850000000000004 0.28250000000000003 296.50000000000006 45.370000000000005 131.50000000000003 161.50000000000003 74.500000000000014 37.315000000000005 181.50000000000003 3.8200000000000003 71.535000000000011 4.8850000000000007 64.800000000000011 2.5000000000000004 70.75500000000001 68.295000000000016
decision_type=2 2 2 2 2 2 2 2 2 2 2 2 2 2 2 2 2 2 2 2 2 2 2
left_child=2 4 7 5 -2 19 -7 8 13 10 12 16 17 -1 15 -15 -12 -10 -16 -4 -14 -22 -17
right_child=1 -3 3 -5 -6 6 -8 -9 9 -11 11 -13 20 14 18 22 -18 -19 -20 -21 21 -23 -24
leaf_value=-0.24001010315758842 0.21725201546572726 0.96710376537476594 -0.090286981953041898 0.34272950330689067 0.59981348456247996 0.0045260189771652226 0.28461519439112054 0.046357630908489232 -0.2214406304700034 0.018932344516118371 -0.14519478141747674 0.023936858702273595 -0.13660628744534084 -0.24546764294306436 -0.07872864080052222 -0.17236509851559445 -0.062989447824656972 -0.14529938729589476 -0.1593747202306986 -0.015684833357463013 -0.035130122055610023 -0.11599529968066649 -0.1151067889854312
leaf_weight=28 26 26 21 31 23 25 22 25 35 24 29 21 35 30 31 27 36 34 24 37 21 22 20
leaf_count=28 26 26 21 31 23 25 22 25 35 24 29 21 35 30 31 27 36 34 24 37 21 22 20
internal_value=0.0102332 0.594519 -0.0655825 0.106786 0.396822 0.0371269 0.135632 -0.118619 -0.12851 -0.102267 -0.114751 -0.0694837 -0.141234 -0.170662 -0.155952 -0.185974 -0.0996657 -0.183922 -0.11392 -0.042696 -0.103472 -0.076503 -0.148
internal_weight=653 75 578 136 49 105 47 442 417 257 233 86 147 160 132 77 65 69 55 58 78 43 47
internal_count=653 75 578 136 49 105 47 442 417 257 233 86 147 160 132 77 65 69 55 58 78 43 47
is_linear=0
shrinkage=0.05


Tree=42
num_leaves=25
num_cat=0
split_feature=2 2 6 4 2 4 4 6 2 3 4 2 3 0 2 4 6 4 2 4 6 2 6 4
split_gain=10526.9 3090.56 1550.44 797.384 773.594 711.603 370.712 196.38 175.274 173.088 175.704 168.101 157.644 113.279 98.7691 87.0764 43.1178 37.0234 36.9092 31.9021 24.3889 19.3699 17.2408 9.35284
threshold=578.00000000000011 987.50000000000011 4.4250000000000007 0.52800000000000014 296.50000000000006 0.59000000000000008 0.25600000000000006 7.8550000000000013 50.500000000000007 45.370000000000005 0.51350000000000018 161.50000000000003 42.525000000000013 2.5000000000000004 511.00000000000006 0.53650000000000009 1.925 0.31050000000000005 245.50000000000003 0.51350000000000018 3.0550000000000002 105.00000000000001 5.3550000000000013 0.33250000000000007
decision_type=2 2 2 2 2 2 2 2 2 2 2 2 2 2 2 2 2 2 2 2 2 2 2 2
left_child=4 3 -3 6 8 7 -2 14 -1 11 16 13 -8 -10 17 18 -11 -6 20 23 -13 -18 -22 -15
right_child=1 2 -4 -5 5 -7 12 -9 9 10 -12 15 -14 19 -16 -17 21 -19 -20 -21 22 -23 -24 -25
leaf_value=-0.23154738562948562 -0.021860194802284242 0.46044204790145166 1.075568513501258 0.49995160180589426 -0.14257412415383192 0.27746587314388971 0.14516606696627357 0.10527232177555562 -0.27060964302770024 -0.16199399980938656 0.03312067098238252 -0.18422847241163254 0.33668966123035982 -0.19740465477180597 0.021956487812779167 -0.0083258532342456639 -0.10813967563413285 -0.065137178428245318 -0.076379118109388022 -0.10649984627962113 -0.087713920154973216 -0.057315360774335113 -0.1434408354333469 -0.15310867002064532
leaf_weight=34 20 20 21 23 29 22 22 20 29 22 33 21 21 26 22 21 37 33 35 24 23 38 35 22
leaf_count=34 20 20 21 23 29 22 22 20 29 22 33 21 21 26 22 21 37 33 35 24 23 38 35 22
internal_value=0.00972154 0.41828 0.775507 0.247975 -0.0889229 0.0191156 0.155983 -0.0355355 -0.122955 -0.112867 -0.0665388 -0.138387 0.238701 -0.187174 -0.0690611 -0.101887 -0.100444 -0.101358 -0.119122 -0.153568 -0.138059 -0.0823887 -0.121342 -0.177102
internal_weight=653 127 41 86 526 126 63 104 400 366 130 236 43 101 84 135 97 62 114 72 79 75 58 48
internal_count=653 127 41 86 526 126 63 104 400 366 130 236 43 101 84 135 97 62 114 72 79 75 58 48
is_linear=0
shrinkage=0.05


Tree=43
num_leaves=23
num_cat=0
split_feature=2 2 6 3 4 2 3 2 2 3 4 1 2 4 4 6 2 7 2 6 2 6
split_gain=9500.52 2789.23 1399.27 775.009 704.044 397.733 239.961 180.044 118.186 152.559 96.4467 90.6571 90.3697 87.2414 67.3134 90.4678 55.4 52.8374 47.2461 38.9138 17.4813 14.3586
threshold=578.00000000000011 987.50000000000011 4.4250000000000007 44.080000000000005 0.71750000000000014 259.50000000000006 41.45000000000001 666.50000000000011 50.500000000000007 45.370000000000005 0.51350000000000018 1.5000000000000002 173.50000000000003 0.39650000000000007 0.20950000000000002 2.8350000000000004 418.50000000000006 65.00500000000001 161.50000000000003 1.925 105.00000000000001 5.5050000000000008
decision_type=2 2 2 2 2 2 2 2 2 2 2 2 2 2 2 2 2 2 2 2 2 2
left_child=4 3 -3 7 5 8 14 -2 -1 11 19 12 -10 17 -7 -16 -17 -13 -15 -11 -21 -19
right_child=1 2 -4 -5 -6 6 -8 -9 9 10 -12 13 -14 18 15 16 -18 21 -20 20 -22 -23
leaf_value=-0.21700801853880738 0.20705853216350079 0.43741995479911566 1.0217900765793664 0.44600828331092313 0.14280544756911695 -0.13938691374724327 0.090927205799203936 0.027976612925529484 -0.25609053572018942 -0.15389430089430378 0.016526276773462693 -0.096845909945953351 -0.14000354324908634 -0.11766821701079606 -0.13442339241504669 -0.053645218382863437 0.043310698379690836 -0.20846788760806834 -0.027359950169920922 -0.10273268934373897 -0.054449591981737239 -0.15576396059865755
leaf_weight=33 32 20 21 29 32 23 33 25 30 22 24 26 38 30 20 34 26 28 28 37 38 24
leaf_count=33 32 20 21 29 32 23 33 25 30 22 24 26 38 30 20 34 26 28 28 37 38 24
internal_value=0.00923546 0.397366 0.736731 0.235576 -0.0844767 -0.0991995 -0.026409 0.128514 -0.126852 -0.117697 -0.0732168 -0.14408 -0.191218 -0.120511 -0.0640022 -0.0423291 -0.011631 -0.155044 -0.0740711 -0.0954213 -0.0782693 -0.184143
internal_weight=653 127 41 86 526 494 136 57 358 325 121 204 68 136 103 80 60 78 58 97 75 52
internal_count=653 127 41 86 526 494 136 57 358 325 121 204 68 136 103 80 60 78 58 97 75 52
is_linear=0
shrinkage=0.05


Tree=44
num_leaves=26
num_cat=0
split_feature=2 4 2 6 2 5 5 2 7 2 0 2 2 4 4 2 6 6 4 0 2 2 6 4 6
split_gain=8574.22 2556.88 3515.11 955.496 648.328 648.264 156.014 131.711 103.783 99.0474 100.194 89.7918 82.3521 80.5389 70.2821 65.1082 53.9947 40.8306 39.1229 25.736 28.5638 22.9937 22.3969 17.2396 16.2226
threshold=578.00000000000011 0.25450000000000006 1017.5000000000001 5.3800000000000017 296.50000000000006 1.0000000180025095e-35 1.0000000180025095e-35 511.00000000000006 71.290000000000006 50.500000000000007 1.0000000180025095e-35 107.50000000000001 153.50000000000003 0.23050000000000004 0.31050000000000005 193.50000000000003 2.8850000000000002 3.4500000000000006 0.13650000000000004 2.5000000000000004 161.50000000000003 393.50000000000006 4.2550000000000008 0.38750000000000007 5.3800000000000017
decision_type=2 2 2 2 2 2 2 2 2 2 2 2 2 2 2 2 2 2 2 2 2 2 2 2 2
left_child=4 -2 3 16 6 7 9 14 11 -1 15 -8 -10 18 -6 -11 -3 23 -12 24 -21 -16 -20 -15 -19
right_child=1 2 -4 -5 5 -7 8 -9 12 10 13 -13 -14 17 21 -17 -18 19 22 20 -22 -23 -24 -25 -26
leaf_value=-0.22121098527201899 -0.034919587085986963 0.11995155186880202 0.99785758795646518 0.55474050928045204 -0.13805159565446706 0.22153074259559316 -0.19038565555587411 0.059591096574845528 -0.059640120201069735 -0.2495371009815823 -0.10641906559467317 -0.057578712744372235 0.07224366456270219 -0.15897046086334049 0.001803426966071129 -0.13266509996297268 0.22973490878939629 -0.0091325791180133821 -0.14623764662870339 -0.13417403372780731 -0.059838802640193284 -0.070787168170015013 -0.22016940861940384 -0.096937247614065802 -0.06588347591459752
leaf_weight=27 29 21 26 27 29 30 20 23 29 22 29 35 20 21 20 26 24 20 21 24 28 24 20 24 34
leaf_count=27 29 21 26 27 29 30 20 23 29 22 29 35 20 21 20 26 24 20 21 24 28 24 20 24 34
internal_value=0.00877369 0.377498 0.49954 0.319592 -0.0802529 0.0186524 -0.111408 -0.0447471 -0.0587275 -0.129917 -0.120754 -0.105872 -0.00581 -0.106533 -0.0776208 -0.186231 0.178503 -0.0859816 -0.150865 -0.0690411 -0.0941474 -0.0377914 -0.182302 -0.125886 -0.0448646
internal_weight=653 127 98 72 526 126 400 96 104 296 269 55 49 221 73 48 45 151 70 106 52 44 41 45 54
internal_count=653 127 98 72 526 126 400 96 104 296 269 55 49 221 73 48 45 151 70 106 52 44 41 45 54
is_linear=0
shrinkage=0.05


Tree=45
num_leaves=25
num_cat=0
split_feature=1 4 4 3 6 6 4 6 4 3 6 6 6 3 7 7 5 4 6 7 4 3 4 4
split_gain=7133.87 3448.1 1739.72 1311.16 589.81 436.523 211.645 117.187 116.854 116.607 92.3916 57.2478 47.3135 39.8192 42.7381 44.8609 42.4193 52.0937 30.4462 37.6952 25.8782 23.2172 18.5523 9.39317
threshold=1.0000000180025095e-35 0.6605000000000002 0.23950000000000002 43.680000000000007 3.4150000000000005 5.3000000000000007 0.75000000000000011 4.785000000000001 0.28050000000000008 24.675000000000004 8.1650000000000009 0.76500000000000012 6.7650000000000006 60.875000000000007 69.300000000000011 61.00500000000001 1.0000000180025095e-35 0.37250000000000005 1.7900000000000003 71.745000000000019 0.44700000000000006 31.200000000000003 0.52800000000000014 0.18000000000000002
decision_type=2 2 2 2 2 2 2 2 2 2 2 2 2 2 2 2 2 2 2 2 2 2 2 2
left_child=1 2 7 4 -4 -5 8 -1 12 -10 11 -11 18 14 15 -13 17 -16 -2 21 -17 -20 -19 -21
right_child=6 -3 3 5 -6 -7 -8 -9 9 10 -12 13 -14 -15 16 20 -18 22 19 23 -22 -23 -24 -25
leaf_value=-0.16098473235964775 -0.17129342749884183 0.90602247536182401 -0.080041426420211795 0.36327182171922745 0.25861081942501996 0.64702876236127782 0.062015386941758066 0.010178556442260742 -0.17437332356348634 -0.14989468678832055 0.024413109719753266 -0.050835951275768732 -0.18711043644335965 -0.011696775340371663 -0.018766603618860248 -0.099998340159654628 -0.013812073195974032 -0.083241575211286556 -0.10864350869087502 -0.099365246650718511 -0.17946850572313583 -0.1763028818936575 -0.14410833162920816 -0.054778555090780612
leaf_weight=20 22 20 20 33 36 23 22 20 28 24 25 21 31 27 24 20 36 31 32 21 21 21 21 27
leaf_count=20 22 20 20 33 36 23 22 20 28 24 25 21 31 27 24 20 36 31 32 21 21 21 21 27
internal_value=0.014629 0.288855 0.207649 0.308739 0.137664 0.479815 -0.0892629 -0.0754031 -0.0969669 -0.0776121 -0.0667749 -0.0769069 -0.131906 -0.0681919 -0.0769584 -0.110264 -0.0585214 -0.0796995 -0.117993 -0.106383 -0.140703 -0.135452 -0.107822 -0.0742852
internal_weight=626 172 152 112 56 56 454 40 432 278 250 225 154 201 174 62 112 76 123 101 41 53 52 48
internal_count=626 172 152 112 56 56 454 40 432 278 250 225 154 201 174 62 112 76 123 101 41 53 52 48
is_linear=0
shrinkage=0.05


Tree=46
num_leaves=23
num_cat=0
split_feature=2 5 1 4 3 4 2 4 2 3 4 2 3 7 0 2 4 4 3 3 2 2
split_gain=7955.02 3167.79 1376.8 870.045 478.486 383.822 363.191 191.01 146.051 116.024 109.802 72.5786 58.4999 58.4258 53.7624 62.1218 33.4894 23.956 20.7529 14.6814 10.706 10.3503
threshold=778.00000000000011 1.0000000180025095e-35 1.0000000180025095e-35 0.52800000000000014 43.680000000000007 0.20300000000000004 525.00000000000011 0.75000000000000011 59.500000000000007 24.675000000000004 0.59000000000000008 418.50000000000006 57.245000000000005 68.100000000000009 1.5000000000000002 222.50000000000003 0.38050000000000006 0.51350000000000018 57.245000000000005 30.375000000000004 110.50000000000001 110.50000000000001
decision_type=2 2 2 2 2 2 2 2 2 2 2 2 2 2 2 2 2 2 2 2 2 2
left_child=2 4 3 5 -2 -1 -7 8 12 -10 11 14 -4 -13 16 17 -11 18 19 -16 -21 -20
right_child=1 -3 7 -5 -6 6 -8 -9 9 10 -12 13 -14 -15 15 -17 -18 -19 21 20 -22 -23
leaf_value=-0.15182792260533287 0.12254374273121359 1.061111809015274 -0.21823769275631225 0.35999487944085296 0.45065849471092223 -0.0092923221671405969 0.24175411409139633 0.058914619684219363 -0.16360718770026184 -0.10479305781997168 0.0074474410750927081 -0.081151847280561934 -0.11691493998313773 0.038257853332019989 -0.086842884892417538 -0.015142480609938502 -0.18194465765898879 -0.04398661006404006 -0.099684782786304521 -0.10180051851840247 -0.14720684653695892 -0.055948452266954607
leaf_weight=21 20 20 28 27 25 34 25 22 38 39 39 20 29 21 31 32 22 23 24 21 34 31
leaf_count=21 20 20 28 27 25 34 25 22 38 39 39 20 29 21 31 32 22 23 24 21 34 31
internal_value=0.0138976 0.537532 -0.0467731 0.114574 0.30483 0.0317441 0.0970833 -0.0847997 -0.0921185 -0.080784 -0.0714449 -0.0817698 -0.166688 -0.0199908 -0.0916256 -0.0788677 -0.132618 -0.0913018 -0.0990199 -0.11436 -0.12987 -0.0750334
internal_weight=626 65 561 107 45 80 59 454 432 375 337 298 57 41 257 196 61 164 141 86 55 55
internal_count=626 65 561 107 45 80 59 454 432 375 337 298 57 41 257 196 61 164 141 86 55 55
is_linear=0
shrinkage=0.05


Tree=47
num_leaves=25
num_cat=0
split_feature=1 4 4 3 6 6 4 6 6 4 6 6 6 4 4 6 7 7 7 0 3 7 4 4
split_gain=5810.58 2976.46 1452.23 1130.37 548.362 403.013 172.386 103.39 102.629 104.562 77.0454 101.293 74.0526 65.254 54.7854 45.222 39.2428 26.8369 44.0054 23.2463 15.8748 13.6848 19.5456 4.64125
threshold=1.0000000180025095e-35 0.6605000000000002 0.23950000000000002 43.680000000000007 3.4150000000000005 5.3000000000000007 0.75000000000000011 4.785000000000001 0.6100000000000001 0.31500000000000006 4.8850000000000007 4.245000000000001 6.7650000000000006 0.59950000000000003 0.37050000000000005 8.1450000000000014 71.745000000000019 69.13000000000001 74.155000000000015 2.5000000000000004 31.200000000000003 77.850000000000009 0.42450000000000004 0.23150000000000004
decision_type=2 2 2 2 2 2 2 2 2 2 2 2 2 2 2 2 2 2 2 2 2 2 2 2
left_child=1 2 7 4 -4 -5 8 -1 -2 12 11 13 16 21 -12 17 20 -16 -19 23 -10 22 -11 -18
right_child=6 -3 3 5 -6 -7 -8 -9 9 10 14 -13 -14 -15 15 -17 19 18 -20 -21 -22 -23 -24 -25
leaf_value=-0.153751527518034 -0.16598555517971125 0.83409795328974734 -0.09115603223443032 0.32446789976322288 0.23538038286949614 0.59711613603260216 0.055968890711665158 0.0070200452208518983 -0.10088064941504088 -0.064200467793714439 0.035509836695228635 -0.18859715342521668 -0.17484489509037562 0.0046101882755756381 -0.1127910315990448 0.018080162201076746 -0.062095758047970864 0.0090562635101377967 -0.093419497189196676 -0.10839162407950922 -0.15218248675763607 -0.053492923881858591 -0.12590608470367665 -0.029972596324818291
leaf_weight=20 38 20 20 33 36 23 22 20 38 21 26 20 35 25 22 20 22 20 22 22 25 20 33 23
leaf_count=20 38 20 20 33 36 23 22 20 38 21 26 20 35 25 22 20 22 20 22 22 25 20 33 23
internal_value=0.0132027 0.260692 0.185244 0.277604 0.11876 0.436448 -0.0805598 -0.0733657 -0.0875126 -0.0799442 -0.0580799 -0.0859635 -0.110289 -0.0652294 -0.027915 -0.0475465 -0.0929086 -0.0680548 -0.0446215 -0.06627 -0.121239 -0.0888239 -0.101909 -0.0456773
internal_weight=626 172 152 112 56 56 454 40 432 394 229 119 165 99 110 84 130 64 42 67 63 74 54 45
internal_count=626 172 152 112 56 56 454 40 432 394 229 119 165 99 110 84 130 64 42 67 63 74 54 45
is_linear=0
shrinkage=0.05


Tree=48
num_leaves=23
num_cat=0
split_feature=2 6 1 4 4 2 2 4 3 4 6 3 7 2 4 2 7 2 6 7 4 6
split_gain=6786.8 1746.2 1039.08 700.178 300.247 330.828 158.031 220.722 100.889 88.6082 98.8256 58.8673 48.7986 29.6456 37.068 24.1216 36.2293 43.96 29.824 25.9174 13.2474 11.7189
threshold=778.00000000000011 5.0500000000000007 1.0000000180025095e-35 0.52800000000000014 0.20300000000000004 525.00000000000011 59.500000000000007 0.72850000000000004 24.675000000000004 0.26050000000000006 7.4250000000000007 57.245000000000005 83.700000000000003 153.50000000000003 0.18000000000000002 196.50000000000003 68.515000000000015 94.500000000000014 2.3150000000000004 74.390000000000015 0.17550000000000002 5.205000000000001
decision_type=2 2 2 2 2 2 2 2 2 2 2 2 2 2 2 2 2 2 2 2 2 2
left_child=2 -2 3 4 -1 -6 11 8 -8 13 12 -4 15 20 -15 16 -11 -18 -17 -19 -10 -20
right_child=1 -3 6 -5 5 -7 7 -9 9 10 -12 -13 -14 14 -16 18 17 19 21 -21 -22 -23
leaf_value=-0.13999405389740355 0.27075889529408637 0.7941103993781975 -0.20300426406079325 0.31683548894641855 -0.021369584386839585 0.21823104438185692 -0.15079549080447149 0.096911507192999125 -0.10955098125597705 -0.14016672079451384 0.032258976984656219 -0.10464887865819038 0.0014411442098207772 -0.11794919011092955 -0.037814434721238084 -0.098795973154760547 -0.011871077055516452 -0.060485770207430636 -0.0079444659873843197 -0.12914293220749609 -0.16519138357602059 -0.056644470883267267
leaf_weight=21 37 28 29 27 34 25 38 20 23 24 33 32 27 31 27 21 23 28 30 27 20 21
leaf_count=21 37 28 29 27 34 25 38 20 23 24 33 32 27 31 27 21 23 28 30 27 20 21
internal_value=0.0125426 0.496203 -0.0434965 0.0966719 0.0223667 0.0801561 -0.0765318 -0.0649098 -0.0735865 -0.0648285 -0.0479343 -0.151408 -0.0611003 -0.103969 -0.0806451 -0.0708051 -0.086446 -0.0699166 -0.048647 -0.0941902 -0.13543 -0.0279974
internal_weight=626 65 561 107 80 59 454 393 373 335 234 61 201 101 58 174 102 78 72 55 43 51
internal_count=626 65 561 107 80 59 454 393 373 335 234 61 201 101 58 174 102 78 72 55 43 51
is_linear=0
shrinkage=0.05


Tree=49
num_leaves=26
num_cat=0
split_feature=2 5 1 5 6 2 2 4 6 7 6 2 4 6 0 6 6 5 6 0 7 4 0 6 4
split_gain=6125.09 2765.31 937.774 667.019 424.404 340.898 146.688 299.481 111.677 68.2166 56.991 53.4806 51.2814 78.0181 71.0352 69.8783 39.2756 38.9953 24.7561 20.5807 20.9674 16.3619 15.3493 13.6299 5.85658
threshold=778.00000000000011 1.0000000180025095e-35 1.0000000180025095e-35 1.0000000180025095e-35 4.7150000000000007 518.50000000000011 110.50000000000001 0.69950000000000012 8.4650000000000016 68.950000000000003 1.5100000000000002 319.00000000000006 0.31500000000000006 6.0050000000000017 1.5000000000000002 6.1700000000000008 4.245000000000001 1.0000000180025095e-35 3.8200000000000003 2.5000000000000004 71.745000000000019 0.46650000000000008 1.5000000000000002 6.0450000000000008 0.34750000000000003
decision_type=2 2 2 2 2 2 2 2 2 2 2 2 2 2 2 2 2 2 2 2 2 2 2 2 2
left_child=2 4 3 5 -2 11 9 8 10 24 22 -1 15 14 16 19 -14 18 -11 20 -12 -16 -8 -20 -4
right_child=1 -3 6 -5 -6 -7 7 -9 -10 17 12 -13 13 -15 21 -17 -18 -19 23 -21 -22 -23 -24 -25 -26
leaf_value=-0.034697036743164066 0.11663481271266939 0.96058118224143996 -0.14680018619678559 0.27089045418160301 0.42565089344978335 0.12643756284378468 -0.16061452597379686 0.13403439153451474 0.047884448543190961 -0.14924333689225563 -0.077879023414105186 -0.15032642349600792 -0.071213615357875834 0.016409123316407204 -0.052836047405643127 -0.15839194036754115 -0.1652189473062754 -0.043524683030943076 -0.065059426226294959 -0.10074897369852774 -0.011729108542203904 0.010354738160967828 -0.098668440803885468 -0.11996213242411613 -0.1833213710266611
leaf_weight=20 25 20 21 35 20 32 20 20 20 27 25 20 25 38 21 28 20 30 26 27 23 20 20 20 23
leaf_count=20 25 20 21 35 20 32 20 20 20 27 25 20 25 38 21 28 20 30 26 27 23 20 20 20 23
internal_value=0.0119154 0.471392 -0.0413217 0.0918383 0.253975 0.00479907 -0.0727052 -0.0530386 -0.0660751 -0.113778 -0.0746114 -0.0925117 -0.0649144 -0.0432551 -0.0696184 -0.0909897 -0.112994 -0.0915155 -0.111238 -0.0658262 -0.0461822 -0.0220113 -0.129641 -0.0889302 -0.165891
internal_weight=626 65 561 107 45 72 454 307 287 147 267 40 227 124 86 103 45 103 73 75 48 41 40 46 44
internal_count=626 65 561 107 45 72 454 307 287 147 267 40 227 124 86 103 45 103 73 75 48 41 40 46 44
is_linear=0
shrinkage=0.05


Tree=50
num_leaves=27
num_cat=0
split_feature=2 4 6 4 6 5 3 2 2 3 2 8 6 7 2 3 6 7 3 2 4 3 4 6 7 7
split_gain=4389.77 2106.86 2415.57 744.624 516.255 275.836 269.625 366.905 123.776 69.6592 189.388 68.9452 73.6099 86.9739 54.2947 60.8531 59.7362 36.9317 34.1372 30.9308 22.0802 16.8316 22.407 14.9137 14.327 11.3877
threshold=578.00000000000011 0.44700000000000006 5.0500000000000007 0.18850000000000003 3.3250000000000006 1.0000000180025095e-35 44.080000000000005 107.50000000000001 525.00000000000011 26.235000000000003 216.50000000000003 1.0000000180025095e-35 1.1600000000000001 72.790000000000006 269.50000000000006 28.635000000000005 6.7300000000000013 71.825000000000017 31.200000000000003 110.50000000000001 0.37350000000000005 41.45000000000001 0.37350000000000005 4.4850000000000012 58.500000000000007 67.710000000000022
decision_type=2 2 2 2 2 2 2 2 2 2 2 2 2 2 2 2 2 2 2 2 2 2 2 2 2 2
left_child=5 3 -3 -2 -5 8 9 -8 11 -7 17 12 20 14 15 -14 -16 -11 -17 23 -1 22 -21 -15 -20 -26
right_child=1 2 -4 4 -6 6 7 -9 -10 10 -12 -13 13 19 16 18 -18 -19 24 21 -22 -23 -24 -25 25 -27
leaf_value=-0.20418861281304135 -0.14964246361151987 0.21631492634614308 0.91550472776095071 -0.005003017187118531 0.32082723192870621 -0.13789967933426733 -0.037415763018307867 0.24124521201565152 0.024698234172094435 -0.14504872886464001 0.090880404487252237 -0.014165092835372145 -0.21748312365263703 -0.06697516951709985 -0.11630822507521282 -0.068492298694732404 -0.011710472289650213 -0.052146794108430976 -0.10046198606491089 -0.034401544071733951 -0.13078136287629605 -0.015438433523688996 -0.099219088126361987 -0.12543646935373545 -0.1752440524995327 -0.13179334244249682
leaf_weight=21 23 30 21 20 31 23 27 21 21 20 20 22 20 20 39 23 21 23 20 30 20 28 24 24 25 38
leaf_count=21 23 30 21 20 31 23 27 21 21 20 20 22 20 20 39 23 21 23 20 30 20 28 24 24 25 38
internal_value=-0.00958349 0.256951 0.504217 0.0865379 0.193051 -0.0724454 -0.0104367 0.0844984 -0.0934281 -0.0634237 -0.036234 -0.100043 -0.105395 -0.0971185 -0.118846 -0.137488 -0.079699 -0.095357 -0.122394 -0.0650441 -0.16838 -0.0468973 -0.0632093 -0.0988632 -0.137331 -0.149036
internal_weight=655 125 51 74 51 530 134 48 396 86 63 375 353 312 186 126 60 43 106 126 41 82 54 44 83 63
internal_count=655 125 51 74 51 530 134 48 396 86 63 375 353 312 186 126 60 43 106 126 41 82 54 44 83 63
is_linear=0
shrinkage=0.05


Tree=51
num_leaves=26
num_cat=0
split_feature=2 4 6 4 6 5 4 2 0 4 2 8 2 7 6 7 7 6 0 7 6 6 6 2 6
split_gain=3961.77 1901.44 2180.06 672.023 465.92 248.942 135.571 111.708 102.52 116.292 77.0283 62.223 67.5041 68.4585 43.0108 49.8806 42.1205 38.9047 21.1929 20.2402 32.024 11.0982 12.3893 7.55906 3.68894
threshold=578.00000000000011 0.44700000000000006 5.0500000000000007 0.18850000000000003 3.3250000000000006 1.0000000180025095e-35 0.71750000000000014 525.00000000000011 1.0000000180025095e-35 0.41450000000000004 135.50000000000003 1.0000000180025095e-35 81.500000000000014 71.895000000000024 2.9650000000000003 66.375000000000014 62.870000000000012 5.3800000000000017 1.5000000000000002 83.700000000000003 3.4150000000000005 5.6950000000000012 2.9150000000000005 135.50000000000003 5.5050000000000008
decision_type=2 2 2 2 2 2 2 2 2 2 2 2 2 2 2 2 2 2 2 2 2 2 2 2 2
left_child=5 3 -3 -2 -5 7 8 11 -7 -10 -11 12 21 14 -14 16 18 -17 -16 20 -15 22 -1 -22 -25
right_child=1 2 -4 4 -6 6 -8 -9 9 10 -12 -13 13 19 15 17 -18 -19 -20 -21 23 -23 -24 24 -26
leaf_value=-0.16072991970926523 -0.14216034036615621 0.20549918472766879 0.86972949426798596 -0.0047528660297393799 0.30478587714174105 -0.10876800217665733 0.097754633698302007 0.023463321938401178 -0.088828857277090167 -0.020173299034985787 0.10153595821287197 -0.013456838226623156 -0.15621949476309313 -0.11968647138430522 -0.11995228844029562 -0.18814617600513711 -0.015620218355046667 -0.091901604596170638 -0.057325937996872446 -0.026633424498140813 -0.077375422147187331 -0.1732033445076509 -0.10957624914188838 -0.025676744133234026 -0.055681375396393597
leaf_weight=20 23 30 21 20 31 32 24 21 26 26 26 22 39 26 35 21 23 21 22 32 22 22 29 20 21
leaf_count=20 23 30 21 20 31 32 24 21 26 26 26 22 39 26 35 21 23 21 22 32 22 22 29 20 21
internal_value=-0.00910432 0.244103 0.479006 0.082211 0.183398 -0.0688231 -0.00991482 -0.0887567 -0.0334063 -0.00248873 0.0406813 -0.095041 -0.100126 -0.0891544 -0.110511 -0.0958997 -0.0727346 -0.140024 -0.0957807 -0.0607374 -0.0729995 -0.143701 -0.130455 -0.0537318 -0.041045
internal_weight=655 125 51 74 51 530 134 396 110 78 52 375 353 282 161 122 80 42 57 121 89 71 49 63 41
internal_count=655 125 51 74 51 530 134 396 110 78 52 375 353 282 161 122 80 42 57 121 89 71 49 63 41
is_linear=0
shrinkage=0.05


Tree=52
num_leaves=26
num_cat=0
split_feature=2 4 5 4 2 5 3 2 2 2 8 2 7 7 2 2 0 3 7 2 7 7 7 2 0
split_gain=3575.49 1716.05 1213.73 606.501 373.491 224.67 240.188 321.914 100.816 57.5243 56.1563 60.9225 61.7838 43.0044 34.5544 54.1409 53.0398 25.1496 18.2668 15.5636 26.0041 11.1656 10.1968 14.3899 8.0503
threshold=578.00000000000011 0.44700000000000006 1.0000000180025095e-35 0.18850000000000003 820.00000000000011 1.0000000180025095e-35 44.080000000000005 107.50000000000001 525.00000000000011 216.50000000000003 1.0000000180025095e-35 81.500000000000014 71.895000000000024 71.745000000000019 269.50000000000006 371.00000000000006 1.5000000000000002 31.200000000000003 83.700000000000003 121.50000000000001 74.575000000000017 63.560000000000009 80.105000000000004 50.500000000000007 1.5000000000000002
decision_type=2 2 2 2 2 2 2 2 2 2 2 2 2 2 2 2 2 2 2 2 2 2 2 2 2
left_child=5 3 -3 -2 -5 8 9 -8 10 13 11 22 14 -7 16 -16 -13 -18 19 -14 -21 -19 23 -1 -22
right_child=1 2 -4 4 -6 6 7 -9 -10 -11 -12 12 18 -15 15 -17 17 21 -20 20 24 -23 -24 -25 -26
leaf_value=-0.17245334211204733 -0.13505232437797215 0.21587319385546905 0.70380507659912117 0.036240183010697362 0.3069090258616668 -0.14436975541403113 -0.034011311438452041 0.22700597870917549 0.022290159690947761 -0.011237376348839867 -0.0127839969471097 -0.17529060608375763 -0.10818595429882408 -0.051330634703238814 -0.029020652655632268 -0.12104118421222226 -0.053944857460869994 -0.092898096963763235 -0.025301751750521365 -0.010047377161681652 -0.10110449762571426 -0.14451703645966271 -0.10625789958983661 -0.11907793613879576 -0.06015152124954122
leaf_weight=28 23 26 25 25 26 23 27 21 21 36 22 33 20 27 31 33 22 20 32 20 21 22 20 23 28
leaf_count=28 23 26 25 25 26 23 27 21 21 36 22 33 20 27 31 33 22 20 32 20 21 22 20 23 28
internal_value=-0.0086491 0.231898 0.455055 0.0781005 0.174228 -0.0653819 -0.00941908 0.0801838 -0.0843189 -0.05943 -0.090289 -0.0951193 -0.0846967 -0.0941286 -0.104986 -0.0764687 -0.123801 -0.0972519 -0.0577005 -0.0693495 -0.0580925 -0.119937 -0.136516 -0.148382 -0.0777028
internal_weight=655 125 51 74 51 530 134 48 396 86 375 353 282 50 161 64 97 64 121 89 69 42 71 51 49
internal_count=655 125 51 74 51 530 134 48 396 86 375 353 282 50 161 64 97 64 121 89 69 42 71 51 49
is_linear=0
shrinkage=0.05


Tree=53
num_leaves=26
num_cat=0
split_feature=2 4 6 4 6 5 3 2 6 2 7 3 2 2 0 2 6 2 4 2 3 7 7 4 7
split_gain=3226.88 1548.74 1958.82 547.367 416.694 202.765 216.77 290.528 92.1057 144.138 67.7557 57.3492 166.659 51.2142 56.6932 32.8278 28.4079 27.3045 24.0019 24.0502 20.0624 14.9802 13.7341 12.6122 5.90077
threshold=578.00000000000011 0.44700000000000006 5.0500000000000007 0.18850000000000003 3.3250000000000006 1.0000000180025095e-35 44.080000000000005 107.50000000000001 0.24500000000000002 498.00000000000006 72.215000000000018 26.235000000000003 216.50000000000003 269.50000000000006 1.5000000000000002 357.50000000000006 3.4050000000000007 50.500000000000007 0.16900000000000004 120.50000000000001 41.45000000000001 67.485000000000014 82.52500000000002 0.37350000000000005 59.705000000000005
decision_type=2 2 2 2 2 2 2 2 2 2 2 2 2 2 2 2 2 2 2 2 2 2 2 2 2
left_child=5 3 -3 -2 -5 8 11 -8 -1 10 13 -7 16 14 -10 -15 -13 -16 -12 22 23 24 -20 -21 -19
right_child=1 2 -4 4 -6 6 7 -9 9 -11 18 12 -14 15 17 -17 -18 21 19 20 -22 -23 -24 -25 -26
leaf_value=-0.17106907992319276 -0.12829970691515052 0.17304549008607864 0.80267018306823013 -0.012417281866073609 0.28031300299109951 -0.12403423630672952 -0.032310744864797153 0.21565568695465723 -0.17302686035633089 0.05351086996850514 -0.10732887327671051 -0.043668209705501795 0.087455269545316697 -0.025844362253944084 -0.15101360417902471 -0.097604036977624195 -0.12514704112773356 -0.086120855063199997 -0.099252648294038542 -0.024157571353550469 0.0052898848056793218 -0.1111169452017004 -0.045761850263391225 -0.070817115545893705 -0.049828492663800718
leaf_weight=26 23 30 21 20 31 23 27 21 35 21 20 20 20 30 20 34 23 21 28 28 25 33 21 30 24
leaf_count=26 23 30 21 20 31 23 27 21 35 21 20 20 20 30 20 34 23 21 28 28 25 33 21 30 24
internal_value=-0.00821665 0.220303 0.432303 0.0741955 0.165517 -0.0621128 -0.00894813 0.0761746 -0.0801029 -0.0737107 -0.0813659 -0.0564585 -0.0317879 -0.100718 -0.118402 -0.0639667 -0.0872499 -0.0988934 -0.0562851 -0.0485511 -0.0321528 -0.0855292 -0.076328 -0.0482918 -0.0667649
internal_weight=655 125 51 74 51 530 134 48 396 370 349 86 63 197 133 64 43 98 152 132 83 78 49 58 45
internal_count=655 125 51 74 51 530 134 48 396 370 349 86 63 197 133 64 43 98 152 132 83 78 49 58 45
is_linear=0
shrinkage=0.05


Tree=54
num_leaves=25
num_cat=0
split_feature=2 4 3 2 4 7 5 3 2 7 2 8 7 2 7 7 2 7 4 4 3 2 7 4
split_gain=2912.26 1399.81 1467.24 375.607 186.976 134.318 74.4396 125.976 134.486 75.7466 55.8903 45.6588 46.4932 51.8989 28.2411 39.7035 32.5503 28.7876 17.8917 13.78 9.43965 8.87474 22.2786 12.2628
threshold=578.00000000000011 0.25450000000000006 43.680000000000007 917.00000000000011 0.71750000000000014 60.005000000000003 1.0000000180025095e-35 26.235000000000003 220.00000000000003 71.290000000000006 442.50000000000006 1.0000000180025095e-35 88.575000000000017 81.500000000000014 71.535000000000011 66.375000000000014 237.50000000000003 68.295000000000016 0.26250000000000007 0.34050000000000008 57.245000000000005 112.50000000000001 74.575000000000017 0.37350000000000005
decision_type=2 2 2 2 2 2 2 2 2 2 2 2 2 2 2 2 2 2 2 2 2 2 2 2
left_child=4 -2 5 -4 6 -3 10 -8 9 -9 11 12 13 20 15 16 18 -17 -15 -12 -1 -16 -23 -24
right_child=1 2 3 -5 -6 -7 7 8 -10 -11 19 -13 -14 14 21 17 -18 -19 -20 -21 -22 22 23 -25
leaf_value=-0.15147807236967817 -0.07595603942759227 0.21956563804830825 0.37721456357023936 0.67284580923262105 0.05267749124339649 0.053525530983661786 -0.13764525597745722 -0.10269023160051023 0.10003512832943513 0.0063102158214393498 -0.055837788060307508 -0.010907562617212534 -0.018636316738345409 -0.073724385610781609 -0.09317102550528944 -0.18207759812474253 -0.045247032474248841 -0.099193518862805585 -0.13099698589493833 -0.00015571020543575289 -0.11148437695205211 -0.010183499194681644 -0.051671743267881022 -0.097004209544796216
leaf_weight=36 32 21 22 21 35 29 22 28 23 37 20 20 22 25 20 20 39 22 30 25 25 20 35 26
leaf_count=36 32 21 22 21 35 29 22 28 23 37 20 20 22 25 20 20 39 22 30 25 25 20 35 26
internal_value=-0.00780581 0.209288 0.307437 0.521593 -0.0590072 0.123262 -0.0669041 -0.0306294 -0.00387546 -0.0406438 -0.0772683 -0.084199 -0.0887797 -0.093958 -0.083372 -0.0982461 -0.0801878 -0.138662 -0.104964 -0.0249033 -0.135087 -0.0633437 -0.0559789 -0.0709938
internal_weight=655 125 93 43 530 50 495 110 88 65 385 340 320 298 237 136 94 42 55 45 61 101 81 61
internal_count=655 125 93 43 530 50 495 110 88 65 385 340 320 298 237 136 94 42 55 45 61 101 81 61
is_linear=0
shrinkage=0.05


Tree=55
num_leaves=24
num_cat=0
split_feature=2 6 5 1 7 4 7 4 2 7 2 7 2 7 0 6 2 4 2 0 4 4 2
split_gain=3546.51 1809.67 511.8 574.481 504.465 118.012 147.374 117.307 151.232 60.758 170.082 57.7502 124.583 43.4431 52.3785 45.9442 33.486 52.171 33.3292 30.3773 52.1066 19.6863 8.66928
threshold=820.00000000000011 6.4650000000000007 1.0000000180025095e-35 1.0000000180025095e-35 62.870000000000012 0.30400000000000005 56.145000000000003 0.60650000000000015 135.50000000000003 60.280000000000008 511.00000000000006 61.810000000000009 418.50000000000006 77.045000000000002 1.5000000000000002 6.0450000000000008 131.50000000000003 0.43700000000000006 140.50000000000003 1.0000000180025095e-35 0.43700000000000006 0.39450000000000007 178.00000000000003
decision_type=2 2 2 2 2 2 2 2 2 2 2 2 2 2 2 2 2 2 2 2 2 2 2
left_child=2 4 5 -4 -2 9 -7 21 -9 -1 13 -8 16 14 -11 -16 17 -13 -15 -18 -21 -5 -23
right_child=1 -3 3 7 -6 6 11 8 -10 10 -12 12 -14 18 15 -17 19 -19 -20 20 -22 22 -24
leaf_value=-0.15374534355210409 0.053719353317865176 0.73720121170394126 0.22626620481411616 -0.074670459598521977 0.36474480899897488 0.066424715977960402 -0.11063305254165944 -0.04369826301932335 0.14429681501958683 -0.17087108484085869 0.055311723835766317 -0.041053956317444962 0.062297173775732517 -0.10184005810213942 -0.13045819362004599 -0.034030821422735856 -0.079621412764702526 -0.13138497451489622 -0.021543023351114243 -0.072412699988732732 0.033480719018440984 -0.046736949043614529 -0.0018236614340408283
leaf_weight=35 32 20 33 34 22 28 39 20 23 34 20 31 24 28 30 21 28 33 24 21 26 21 22
leaf_count=35 32 20 33 34 22 28 39 20 23 34 20 31 24 28 30 21 28 33 24 21 26 21 22
internal_value=0.00509963 0.330911 -0.0368309 0.0415115 0.180433 -0.0652347 -0.0410766 -0.00929609 0.0568572 -0.094174 -0.0808938 -0.0559777 -0.0429007 -0.100778 -0.1228 -0.0907528 -0.0610643 -0.0876309 -0.0647799 -0.0383942 -0.0138334 -0.0462389 -0.0237581
internal_weight=649 74 575 153 54 422 230 120 43 192 157 202 163 137 85 51 139 64 52 75 47 77 43
internal_count=649 74 575 153 54 422 230 120 43 192 157 202 163 137 85 51 139 64 52 75 47 77 43
is_linear=0
shrinkage=0.05


Tree=56
num_leaves=24
num_cat=0
split_feature=2 6 4 2 2 2 4 6 0 4 6 5 3 4 4 6 4 2 3 0 2 4 2
split_gain=3203.6 1987.69 453.965 422.066 289.581 265.058 261.062 316.492 441.868 75.0281 102.676 71.6255 84.9084 37.4089 30.951 34.153 58.0089 20.5942 31.332 15.6363 14.7052 13.796 7.81367
threshold=848.50000000000011 6.2800000000000002 0.71750000000000014 200.00000000000003 1057.5000000000002 401.50000000000006 0.25600000000000006 2.5050000000000003 1.0000000180025095e-35 0.41050000000000003 1.5100000000000002 1.0000000180025095e-35 29.610000000000003 0.48450000000000004 0.23150000000000004 3.4950000000000006 0.13050000000000003 245.50000000000003 37.315000000000005 1.5000000000000002 167.50000000000003 0.28750000000000003 171.50000000000003
decision_type=2 2 2 2 2 2 2 2 2 2 2 2 2 2 2 2 2 2 2 2 2 2 2
left_child=2 4 5 -4 -2 9 -7 -8 -9 10 -1 13 -13 -11 15 -12 -17 18 22 -15 -18 -20 -16
right_child=1 -3 3 -5 -6 6 7 8 -10 11 14 12 -14 19 17 16 20 -19 21 -21 -22 -23 -24
leaf_value=-0.16343603856204189 0.049164486570017679 0.74560863941907884 -0.029961944477898735 0.29098092705011369 0.29157392978668212 -0.10288943955400849 -0.10816442729397253 -0.014341528686644459 0.23001870049314724 -0.027332177084799 -0.033186531541869048 -0.070106464689192557 0.05287964400938816 -0.12517122911910217 -0.073224480685008614 -0.053990423919693123 -0.17210205610502849 -0.012931967981159687 -0.068472808599472051 -0.070882094134059215 -0.11492298809082613 -0.015985145780348011 -0.11443883974267088
leaf_weight=34 28 20 21 20 22 34 22 37 37 39 20 23 36 21 23 31 22 25 21 36 23 31 23
leaf_count=34 28 20 21 20 22 34 22 37 37 39 20 23 36 21 23 31 22 25 21 36 23 31 23
internal_value=0.00484465 0.324334 -0.0337811 0.126596 0.155825 -0.0460031 0.0161707 0.0583379 0.107839 -0.0658133 -0.0825959 -0.0384199 0.00493591 -0.0650657 -0.0700454 -0.091322 -0.106621 -0.0534392 -0.0637727 -0.0908834 -0.142877 -0.0371821 -0.0938317
internal_weight=649 70 579 41 50 538 130 96 74 408 253 155 59 96 219 96 76 123 98 57 45 52 46
internal_count=649 70 579 41 50 538 130 96 74 408 253 155 59 96 219 96 76 123 98 57 45 52 46
is_linear=0
shrinkage=0.05


Tree=57
num_leaves=26
num_cat=0
split_feature=2 6 7 5 1 2 2 1 4 2 4 4 3 2 7 7 6 7 6 7 2 2 4 7 4
split_gain=2891.25 1793.89 453.451 410.209 460.819 115.148 156.089 300.197 97.9977 130.227 50.9564 48.7938 35.7432 69.4168 34.642 35.2602 45.9129 28.1982 21.6817 57.2803 32.5415 27.2996 17.4295 17.288 9.84616
threshold=848.50000000000011 6.2800000000000002 62.870000000000012 1.0000000180025095e-35 1.0000000180025095e-35 518.50000000000011 666.50000000000011 1.0000000180025095e-35 0.60650000000000015 135.50000000000003 0.30400000000000005 0.34750000000000003 27.005000000000006 178.00000000000003 79.585000000000022 65.00500000000001 6.3350000000000009 73.250000000000014 6.5650000000000004 65.875000000000014 169.00000000000003 196.50000000000003 0.16900000000000004 73.625000000000014 0.45350000000000007
decision_type=2 2 2 2 2 2 2 2 2 2 2 2 2 2 2 2 2 2 2 2 2 2 2 2 2
left_child=3 2 -2 5 -5 10 7 -7 12 -10 14 -12 -6 -14 15 22 17 -17 19 -13 -20 23 -1 -21 -25
right_child=1 -3 -4 4 8 6 -8 -9 9 -11 11 18 13 -15 -16 16 -18 -19 20 21 -22 -23 -24 24 -26
leaf_value=-0.096332330309918945 0.025090167125066121 0.70832820832729348 0.33244827121496201 0.20031231034766225 -0.097611527843400839 0.19960937649011612 -0.11334026303142308 -0.05805246339967618 -0.041063537225127227 0.13338847536107767 0.0083902828138450094 -0.12465093194230184 -0.062613603871755505 0.053566022068262102 -0.04829630370801076 -0.17163889971939295 -0.063145048792163525 -0.09909781416257224 -0.074686454676769001 -0.10642569921910763 0.011312301774424586 -0.0062716403305530556 -0.031112523442134263 -0.074154249436798547 -0.025736025392654394
leaf_weight=21 30 20 20 34 21 20 20 26 20 23 29 37 36 20 39 37 24 21 22 20 22 25 20 21 21
leaf_count=21 30 20 20 34 21 20 20 26 20 23 29 37 36 20 39 37 24 21 22 20 22 25 20 21 21
internal_value=0.00460241 0.308118 0.148033 -0.032092 0.0378225 -0.0574257 0.003273 0.0539744 -0.00821623 0.052248 -0.0685848 -0.0515025 -0.041982 -0.0211209 -0.0893578 -0.102377 -0.121307 -0.145374 -0.0618412 -0.072541 -0.0316871 -0.0503793 -0.0645178 -0.0681647 -0.0499451
internal_weight=649 70 50 579 154 425 66 46 120 43 359 197 77 56 162 123 82 58 168 124 44 87 41 62 42
internal_count=649 70 50 579 154 425 66 46 120 43 359 197 77 56 162 123 82 58 168 124 44 87 41 62 42
is_linear=0
shrinkage=0.05


Tree=58
num_leaves=26
num_cat=0
split_feature=2 6 2 5 4 4 6 4 2 5 6 4 2 2 0 0 4 6 6 2 6 6 2 4 6
split_gain=2611.38 1313.58 457.206 386.369 168.304 157.945 148.474 219.936 83.724 127.548 39.1324 56.3788 36.1316 57.6853 54.1548 36.6789 23.2884 15.9207 15.5124 12.36 11.4543 21.5828 23.0033 28.1207 11.8749
threshold=917.00000000000011 5.205000000000001 418.50000000000006 1.0000000180025095e-35 0.25600000000000006 0.59000000000000008 2.8850000000000002 0.41050000000000003 107.50000000000001 1.0000000180025095e-35 1.925 0.41050000000000003 239.00000000000003 328.50000000000006 1.0000000180025095e-35 1.5000000000000002 0.25150000000000006 2.8850000000000002 8.0750000000000011 187.50000000000003 6.7650000000000006 5.8050000000000006 107.50000000000001 0.29150000000000004 4.5050000000000008
decision_type=2 2 2 2 2 2 2 2 2 2 2 2 2 2 2 2 2 2 2 2 2 2 2 2 2
left_child=2 -2 5 4 -4 10 -6 -8 -7 -10 11 16 15 14 -14 19 -1 -17 20 -12 21 22 23 -19 -24
right_child=1 -3 3 -5 6 8 7 -9 9 -11 12 -13 13 -15 -16 17 -18 18 -20 -21 -22 -23 24 -25 -26
leaf_value=-0.091853294486091253 0.15112660495010583 0.65407018616795543 -0.091989341948294279 0.18754364828530112 -0.072002128325402745 -0.065642728397379752 0.19984397627413275 -0.0047777788392428695 -0.03667074876526992 0.1191551335155964 -0.13638314008712768 -0.031797425431155026 -0.046037848154082898 -0.084154749448810309 0.061328436531450439 -0.017777734791690654 -0.163276444375515 -0.092619721121376467 -0.027611232262391313 -0.082755134635689592 -0.099612033825654256 -0.023805690584359347 -0.075879481062293058 -0.013392557669430972 -0.12971303652971986
leaf_weight=21 37 20 33 38 20 23 24 29 24 29 21 21 24 28 23 22 25 21 26 22 26 27 21 24 20
leaf_count=21 37 20 33 38 20 23 24 29 24 29 21 21 24 28 23 22 25 21 26 22 26 27 21 24 20
internal_value=0.00437229 0.327598 -0.0267491 0.0507546 0.00171707 -0.051661 0.0440775 0.0878811 0.0140213 0.0485925 -0.06508 -0.0996802 -0.0574793 -0.0273425 0.0065031 -0.0673065 -0.13067 -0.0577317 -0.0630589 -0.108946 -0.0696894 -0.0628046 -0.0750484 -0.0503652 -0.10214
internal_weight=649 57 592 144 106 448 73 53 76 53 372 67 305 75 47 230 46 187 165 43 139 113 86 45 41
internal_count=649 57 592 144 106 448 73 53 76 53 372 67 305 75 47 230 46 187 165 43 139 113 86 45 41
is_linear=0
shrinkage=0.05


Tree=59
num_leaves=26
num_cat=0
split_feature=1 4 6 3 7 6 4 3 5 7 4 3 6 3 6 4 4 6 6 7 7 3 7 4 6
split_gain=1646.93 1665.43 1081.99 812.104 454.547 416.191 130.182 95.1515 89.2124 73.6562 33.225 31.3793 34.9315 27.6895 29.3379 25.6747 18.8354 18.2091 26.3551 30.3725 45.5965 16.2073 8.40703 10.2966 6.23455
threshold=1.0000000180025095e-35 0.23950000000000002 6.4450000000000012 44.080000000000005 58.95000000000001 2.3150000000000004 0.74500000000000011 24.675000000000004 1.0000000180025095e-35 55.195000000000007 0.32350000000000007 26.000000000000004 0.24500000000000002 60.32500000000001 6.0050000000000017 0.18500000000000003 0.13050000000000003 1.925 3.3250000000000006 65.180000000000021 69.695000000000007 31.485000000000003 74.390000000000015 0.31150000000000005 3.5150000000000001
decision_type=2 2 2 2 2 2 2 2 2 2 2 2 2 2 2 2 2 2 2 2 2 2 2 2 2
left_child=1 4 3 5 -1 -3 7 -2 11 -7 -10 -9 -13 15 -15 16 -14 -17 -19 -20 -21 24 -22 -24 -12
right_child=6 2 -4 -5 -6 9 -8 8 10 -11 21 12 13 14 -16 17 -18 18 19 20 22 -23 23 -25 -26
leaf_value=-0.30520639419555667 -0.12832470928367817 -0.13815720889555372 0.45445375079806483 0.33423124805969351 0.0068881801263030095 0.062488020438215011 0.06040821711498278 -0.0057147478111661404 -0.056782362539143795 0.19200525198663987 0.018897634167224172 -0.12081914159158867 -0.063311342861164702 -0.054494050963584222 0.02225107625126839 -0.10076231732964516 -0.12563632029902053 -0.0064206846324460845 -0.0083182865245775752 -0.14032887961715459 -0.031343585640192038 0.049315051669659826 -0.044360365278341557 -0.093929888214915991 -0.018234498731684513
leaf_weight=20 38 23 36 34 28 23 27 26 21 21 20 24 22 33 20 20 27 28 22 20 25 23 22 20 26
leaf_count=20 38 23 36 34 28 23 27 26 21 21 20 24 22 33 20 20 27 28 22 20 25 23 22 20 26
internal_value=0.00415368 0.130295 0.219094 0.135204 -0.123151 0.0342048 -0.0461399 -0.052723 -0.0455228 0.124303 -0.00171475 -0.0582824 -0.063112 -0.0577646 -0.0255336 -0.066057 -0.0976537 -0.0561957 -0.0496896 -0.0608045 -0.0740769 0.015045 -0.0543002 -0.0679649 -0.00209009
internal_weight=649 185 137 101 48 67 464 437 399 44 90 309 283 259 53 206 49 157 137 109 87 69 67 42 46
internal_count=649 185 137 101 48 67 464 437 399 44 90 309 283 259 53 206 49 157 137 109 87 69 67 42 46
is_linear=0
shrinkage=0.05


Tree=60
num_leaves=25
num_cat=0
split_feature=2 4 2 5 2 4 3 2 7 4 5 7 4 3 3 4 7 4 7 4 7 7 7 4
split_gain=3507.03 862.17 280.97 227.272 161.919 121.215 95.9627 53.4212 62.1662 72.9964 71.3418 73.3524 75.1166 66.4753 49.287 35.017 32.686 26.1855 23.4461 18.7199 12.954 8.6806 9.7493 7.69348
threshold=917.00000000000011 0.37750000000000006 578.00000000000011 1.0000000180025095e-35 666.50000000000011 0.71750000000000014 24.675000000000004 130.50000000000003 67.040000000000006 0.38250000000000006 1.0000000180025095e-35 53.805000000000007 0.34750000000000003 32.405000000000008 57.245000000000005 0.22450000000000003 72.91500000000002 0.20050000000000004 73.845000000000013 0.19550000000000003 75.320000000000007 79.225000000000009 72.020000000000024 0.39450000000000007
decision_type=2 2 2 2 2 2 2 2 2 2 2 2 2 2 2 2 2 2 2 2 2 2 2 2
left_child=2 -2 5 4 -4 6 -1 14 10 16 11 -9 17 20 15 -8 -10 -13 23 -18 -11 22 -16 -17
right_child=1 -3 3 -5 -6 -7 7 8 9 13 -12 12 -14 -15 21 18 19 -19 -20 -21 -22 -23 -24 -25
leaf_value=-0.13493410531551606 0.15090096548199655 0.57471546918153771 0.10067752832951754 0.2006407385780698 -0.081446111191493975 0.052159951531117965 -0.14923981703817843 -0.00031822973295398381 -0.076946386609758666 0.018743974193930629 0.01711333703994751 -0.10502704352140427 -0.16871303468942644 0.092147081975753498 -0.044192264589170617 -0.077570331780324617 0.021913455958877292 -0.027561880725746352 -0.040640129943688715 -0.036640333627852115 -0.03748230937690962 -0.05944175145364014 -0.00092393684646357673 -0.11988049859092349
leaf_weight=31 20 30 23 21 26 31 20 23 35 20 25 20 27 26 30 22 21 24 30 39 21 29 23 21
leaf_count=31 20 30 23 21 26 31 20 23 35 20 25 20 27 26 30 22 21 24 30 39 21 29 23 21
internal_value=0.00318331 0.40519 -0.0310009 0.0630206 0.0040405 -0.0437065 -0.0498089 -0.0440219 -0.0305164 -0.0103601 -0.057956 -0.0779212 -0.10306 0.0296056 -0.0657078 -0.0906241 -0.0385465 -0.0627733 -0.074565 -0.0161465 -0.0100549 -0.0374491 -0.0254154 -0.0982334
internal_weight=638 50 588 70 49 518 487 456 281 162 119 94 71 67 175 93 95 44 73 60 41 82 53 43
internal_count=638 50 588 70 49 518 487 456 281 162 119 94 71 67 175 93 95 44 73 60 41 82 53 43
is_linear=0
shrinkage=0.05


Tree=61
num_leaves=24
num_cat=0
split_feature=2 6 2 5 2 6 2 7 2 5 7 3 7 3 2 3 6 7 0 2 6 3 6
split_gain=3165.09 764.916 253.575 205.113 146.132 127.966 99.3547 96.3167 80.4328 93.3777 77.5596 57.6097 54.3347 42.6854 41.7055 40.232 38.3584 33.7997 31.8845 20.1109 29.8254 17.2754 7.70317
threshold=917.00000000000011 5.0500000000000007 578.00000000000011 1.0000000180025095e-35 666.50000000000011 1.6300000000000001 193.50000000000003 72.585000000000008 479.50000000000006 1.0000000180025095e-35 71.745000000000019 29.610000000000003 67.040000000000006 51.845000000000006 328.50000000000006 57.245000000000005 4.0650000000000004 79.38000000000001 1.5000000000000002 76.000000000000014 5.3000000000000007 32.405000000000008 5.1150000000000011
decision_type=2 2 2 2 2 2 2 2 2 2 2 2 2 2 2 2 2 2 2 2 2 2 2
left_child=2 -2 5 4 -4 12 10 8 9 14 18 -9 -1 -14 21 16 -12 -18 -7 -20 -21 -8 -17
right_child=1 -3 3 -5 -6 6 7 11 -10 -11 15 -13 13 -15 -16 22 17 -19 19 20 -22 -23 -24
leaf_value=-0.14884747327305378 0.21851130513281658 0.61474671810865411 0.095643653817798782 0.19060870650268735 -0.077373811480804133 -0.13705453615458238 -0.034557799690149049 0.013973554779747219 -0.097238939938445901 0.07750775573345331 -0.0046040081046521669 0.12151695560663939 -0.10208802338350903 -0.010899568491038823 -0.082166292656351017 0.025665357178793504 -0.037334950132152211 -0.12054460061633068 -0.098607070147991194 -0.089948716186560126 -0.017332643150321899 0.028101827407425103 -0.010488460059551633
leaf_weight=32 29 21 23 21 26 21 22 33 30 26 30 20 33 21 27 26 26 23 35 26 31 22 34
leaf_count=32 29 21 23 21 26 21 22 33 30 26 30 20 33 21 27 26 26 23 35 26 31 22 34
internal_value=0.00302415 0.38493 -0.0294509 0.0598695 0.00383847 -0.0415212 -0.030433 -0.00206123 -0.0256889 -0.00356 -0.0506985 0.054556 -0.0972199 -0.0666258 -0.0332468 -0.0256882 -0.0491311 -0.0763925 -0.0814635 -0.0687742 -0.0504558 -0.00322799 0.00517819
internal_weight=638 50 588 70 49 518 432 180 127 97 252 53 86 54 71 139 79 49 113 92 57 44 60
internal_count=638 50 588 70 49 518 432 180 127 97 252 53 86 54 71 139 79 49 113 92 57 44 60
is_linear=0
shrinkage=0.05


Tree=62
num_leaves=25
num_cat=0
split_feature=2 4 2 5 7 6 4 3 2 5 7 2 4 4 7 4 4 4 2 3 2 6 6 2
split_gain=2856.5 781.942 228.852 185.114 135.835 115.49 130.018 83.0752 67.8645 98.0439 68.6864 61.3388 56.5549 32.9046 29.8021 26.7372 25.085 19.3402 18.8653 15.1379 14.5118 12.82 11.3308 7.30152
threshold=917.00000000000011 0.37750000000000006 578.00000000000011 1.0000000180025095e-35 59.705000000000005 1.6300000000000001 0.71750000000000014 24.675000000000004 226.00000000000003 1.0000000180025095e-35 67.190000000000012 328.50000000000006 0.41050000000000003 0.35150000000000003 71.745000000000019 0.48650000000000004 0.22800000000000004 0.54250000000000009 156.50000000000003 51.845000000000006 152.50000000000003 0.115 5.4200000000000008 81.500000000000014
decision_type=2 2 2 2 2 2 2 2 2 2 2 2 2 2 2 2 2 2 2 2 2 2 2 2
left_child=2 -2 5 4 -4 12 7 -7 14 10 11 -10 21 -12 15 18 -16 -14 19 -9 22 -1 23 -18
right_child=1 -3 3 -5 -6 6 -8 8 9 -11 13 -13 17 -15 16 -17 20 -19 -20 -21 -22 -23 -24 -25
leaf_value=-0.1608492575053658 0.12351505890488626 0.52712942282358799 -0.088578529249538074 0.18107827128398987 0.078792901199173052 -0.12031739751497905 0.084186394167287903 -0.088281413816818699 0.007471477426588536 0.086695560082220124 -0.015880516557289021 -0.10349803539275221 -0.015852584540843966 0.065832772190597924 -0.069684971199403034 -0.10775026881780764 -0.013725792840123178 -0.083081413740697121 -0.013260921567678453 -0.04074307688073639 -0.053256144442341551 -0.10623229504986242 -0.028180293099501649 0.026458273154611772
leaf_weight=21 20 30 22 21 27 27 24 33 20 26 28 33 20 22 29 26 20 23 25 34 22 22 37 26
leaf_count=21 20 30 22 21 27 27 24 33 20 26 28 33 20 22 29 26 20 23 25 34 22 22 37 26
internal_value=0.00287294 0.365684 -0.0279783 0.0568761 0.00364654 -0.0394451 -0.0289113 -0.0355642 -0.029558 -6.39886e-05 -0.0219645 -0.0616227 -0.0923589 0.0200733 -0.0446562 -0.0629795 -0.0285207 -0.0518122 -0.0503269 -0.0641575 -0.0171515 -0.132906 -0.00758159 0.00898694
internal_weight=638 50 588 70 49 518 432 408 381 129 103 53 86 50 252 118 134 43 92 67 105 43 83 46
internal_count=638 50 588 70 49 518 432 408 381 129 103 53 86 50 252 118 134 43 92 67 105 43 83 46
is_linear=0
shrinkage=0.05


Tree=63
num_leaves=24
num_cat=0
split_feature=1 4 4 6 7 7 7 3 6 6 4 6 7 7 7 6 7 4 4 3 3 7 7
split_gain=1188.45 1693.21 704.144 455.11 246.344 658.143 246.032 122.06 50.3947 55.3993 47.8078 44.5257 43.4914 49.0849 47.1482 35.7802 33.3628 31.0344 25.2897 20.5118 14.0427 12.0913 10.2841
threshold=1.0000000180025095e-35 0.65500000000000014 0.23950000000000002 3.2600000000000002 62.785000000000004 53.085000000000008 59.705000000000005 24.675000000000004 1.925 4.0650000000000004 0.23150000000000004 3.5650000000000004 72.585000000000008 66.02500000000002 79.500000000000014 2.9150000000000005 67.040000000000006 0.37750000000000006 0.13050000000000003 29.610000000000003 57.245000000000005 74.705000000000013 69.13000000000001
decision_type=2 2 2 2 2 2 2 2 2 2 2 2 2 2 2 2 2 2 2 2 2 2 2
left_child=1 2 6 -4 5 -5 -1 -2 16 11 18 15 13 -12 21 19 -9 -18 -11 -10 -16 -14 -15
right_child=7 -3 3 4 -6 -7 -8 8 9 10 12 -13 14 22 20 -17 17 -19 -20 -21 -22 -23 -24
leaf_value=-0.23594989582896231 -0.1247673071528736 0.54725608706474305 -0.024612231417135758 0.33338748660424483 0.33456304947967119 -0.030585798952314593 -0.004574335352690132 -0.11785811010910117 -0.025484836292453114 -0.042237449021866692 -0.0051101450249552731 0.058527838066220285 0.0091990334469647644 -0.11021973766386509 -0.061141674146056181 -0.04959201459821902 -0.084063134608524187 -0.010263989807973647 -0.11014810483902693 0.039063340384745973 -0.004931205213069916 0.061674891800984094 -0.063614168891619
leaf_weight=20 38 20 33 23 23 27 27 23 20 26 35 29 21 20 25 38 28 29 29 32 20 23 29
leaf_count=20 38 20 33 23 23 27 27 23 20 26 35 29 21 20 25 38 28 29 29 32 20 23 29
internal_value=0.00272929 0.11461 0.0580545 0.12948 0.199138 0.136842 -0.103032 -0.038895 -0.031253 -0.0230053 -0.0374386 0.00464824 -0.024529 -0.0503341 -0.00017375 -0.012713 -0.067027 -0.0465162 -0.0780449 0.0142371 -0.0361592 0.0366296 -0.0826369
internal_weight=638 173 153 106 73 50 47 465 427 347 228 119 173 84 89 90 80 57 55 52 45 44 49
internal_count=638 173 153 106 73 50 47 465 427 347 228 119 173 84 89 90 80 57 55 52 45 44 49
is_linear=0
shrinkage=0.05


Tree=64
num_leaves=24
num_cat=0
split_feature=2 6 2 2 6 4 3 2 5 7 2 4 4 7 4 4 4 2 3 2 6 6 2
split_gain=2461.6 685.467 190.485 165.023 97.9944 107.11 65.4369 56.7954 85.8684 62.4359 55.1635 46.956 28.1529 25.8254 23.2523 20.5829 18.4663 16.2361 13.4782 12.3529 11.8037 10.2251 6.23512
threshold=917.00000000000011 5.0500000000000007 578.00000000000011 666.50000000000011 1.6300000000000001 0.71750000000000014 24.675000000000004 226.00000000000003 1.0000000180025095e-35 67.190000000000012 328.50000000000006 0.41050000000000003 0.35150000000000003 71.745000000000019 0.48650000000000004 0.22800000000000004 0.54250000000000009 156.50000000000003 51.845000000000006 152.50000000000003 0.115 5.4200000000000008 81.500000000000014
decision_type=2 2 2 2 2 2 2 2 2 2 2 2 2 2 2 2 2 2 2 2 2 2 2
left_child=2 -2 4 -4 11 6 -6 13 9 10 -9 20 -11 14 17 -15 -13 18 -8 21 -1 22 -17
right_child=1 -3 3 -5 5 -7 7 8 -10 12 -12 16 -14 15 -16 19 -18 -19 -20 -21 -22 -23 -24
leaf_value=-0.14900864781368348 0.18185369495687814 0.55694735710109977 0.13036474603063919 -0.023238346906792787 -0.10806316093162255 0.075846905292322242 -0.082176528887992553 0.0066864315420389177 0.080662838240655566 -0.014203942424917064 -0.098548950503269839 -0.013165958151221275 0.061379374876957049 -0.063592299632728097 -0.10013326641458731 -0.012425861991941929 -0.078858346394870604 -0.012196525782346727 -0.037319851648884225 -0.049316923117095776 -0.096601200679486451 -0.026744438365504549 0.024707945866080432
leaf_weight=21 29 21 34 36 27 24 33 20 26 28 33 20 22 29 26 20 23 25 34 22 22 37 26
leaf_count=21 29 21 34 36 27 24 33 20 26 28 33 20 22 29 26 20 23 25 34 22 22 37 26
internal_value=0.00259283 0.339393 -0.0260466 0.0513689 -0.0365082 -0.026805 -0.0328434 -0.0275129 -0.00053114 -0.0210267 -0.0588375 -0.0852496 0.0190527 -0.0413249 -0.058382 -0.0263045 -0.0483037 -0.0465828 -0.0594134 -0.016006 -0.122196 -0.00717656 0.00856281
internal_weight=638 50 588 70 518 432 408 381 129 103 53 86 50 252 118 134 43 92 67 105 43 83 46
internal_count=638 50 588 70 518 432 408 381 129 103 53 86 50 252 118 134 43 92 67 105 43 83 46
is_linear=0
shrinkage=0.05


Tree=65
num_leaves=24
num_cat=0
split_feature=2 6 2 3 7 3 2 3 2 7 2 7 3 2 7 4 2 2 6 6 7 4 6
split_gain=1860.22 986.73 336.958 952.211 264.804 101.325 78.178 120.533 75.1716 75.4543 63.6016 73.4563 52.4035 40.2989 36.9862 32.5074 28.1976 40.2704 36.0592 29.8523 20.6151 18.0218 15.489
threshold=917.00000000000011 3.3400000000000003 380.50000000000006 44.080000000000005 64.955000000000013 27.715000000000007 134.50000000000003 51.845000000000006 642.50000000000011 58.150000000000006 226.00000000000003 60.640000000000008 33.260000000000012 328.50000000000006 88.915000000000006 0.28250000000000003 43.500000000000007 100.50000000000001 3.8200000000000003 5.9150000000000009 73.250000000000014 0.53900000000000015 3.4950000000000006
decision_type=2 2 2 2 2 2 2 2 2 2 2 2 2 2 2 2 2 2 2 2 2 2 2
left_child=2 -2 6 4 8 -6 14 10 9 -4 12 -12 15 22 16 -8 -1 18 -18 -20 -19 -17 -13
right_child=1 -3 3 -5 5 -7 7 -9 -10 -11 11 13 -14 -15 -16 21 17 20 19 -21 -22 -23 -24
leaf_value=-0.12037119236257342 0.030637571364641195 0.48715064944378261 0.016318691453835483 0.29159109406173228 0.0080455577333590819 0.14697015668664659 -0.089040001213550574 0.070523423533886673 -0.16911319917067888 -0.11476985740920771 0.059890918673149177 -0.04638615836474029 -0.12163476514597904 -0.091777194122021843 -0.0016167755424976349 0.0052988300689806546 -0.084170345712061001 -0.1336073312535882 0.012082754700414595 -0.05914099823151317 -0.068015542496805609 -0.055975481048226361 0.0060827983638797054
leaf_weight=27 20 29 21 31 35 21 25 30 20 23 28 22 29 22 20 30 38 25 31 28 23 20 39
leaf_count=27 20 29 21 31 35 21 25 30 20 23 28 22 29 22 20 30 38 25 31 28 23 20 39
internal_value=0.00483157 0.300819 -0.019834 0.0445564 -0.0192609 0.0601423 -0.0420833 -0.0233619 -0.0887387 -0.0522049 -0.0364622 -0.0101389 -0.0645572 -0.0337634 -0.0659727 -0.0424873 -0.0734559 -0.06472 -0.0461841 -0.0217183 -0.102178 -0.0192109 -0.0128404
internal_weight=637 49 588 151 120 56 437 245 64 44 215 111 104 83 192 75 172 145 97 59 48 50 61
internal_count=637 49 588 151 120 56 437 245 64 44 215 111 104 83 192 75 172 145 97 59 48 50 61
is_linear=0
shrinkage=0.05


Tree=66
num_leaves=23
num_cat=0
split_feature=2 6 2 3 2 2 7 2 5 2 2 0 6 7 3 0 7 7 4 2 7 4
split_gain=1678.85 890.524 307.264 744.38 227.795 169.971 92.605 82.6883 65.6196 53.803 44.9333 58.3442 42.9982 38.5222 32.7785 27.2322 26.5379 22.4723 17.0534 15.3637 11.3187 9.95273
threshold=917.00000000000011 3.3400000000000003 296.50000000000006 44.080000000000005 666.50000000000011 614.00000000000011 71.535000000000011 540.50000000000011 1.0000000180025095e-35 139.50000000000003 236.50000000000003 1.5000000000000002 2.9050000000000007 63.045000000000009 60.32500000000001 2.5000000000000004 69.245000000000019 60.280000000000008 0.44700000000000006 166.50000000000003 81.665000000000006 0.37350000000000005
decision_type=2 2 2 2 2 2 2 2 2 2 2 2 2 2 2 2 2 2 2 2 2 2
left_child=2 -2 6 4 5 7 10 12 9 14 11 -1 -4 -14 20 -10 17 -13 -19 -11 -8 -21
right_child=1 -3 3 -5 -6 -7 8 -9 15 19 -12 16 13 -15 -16 -17 -18 18 -20 21 -22 -23
leaf_value=-0.13391357907339146 0.029105694591999055 0.46279309905808552 -0.043195937548298396 0.24133924818464692 -0.15882671757236771 0.13855502930554478 -0.10488442189525814 -0.10553904205560685 0.065112669199991688 0.03009834294004933 -0.0089433294935868345 -0.08431069310153684 -0.016493634458769252 0.061616728944998034 -0.023735380550580366 -0.012492167837917805 -0.10380003561576208 -0.012174040723878605 -0.067229117249900647 0.0027508363748590153 -0.059460898271451394 -0.043276995890166453
leaf_weight=38 20 29 30 35 23 22 32 20 26 23 26 31 27 38 35 20 30 39 22 24 24 23
leaf_count=38 20 29 30 35 23 22 32 20 26 23 26 31 27 38 35 20 30 39 22 24 24 23
internal_value=0.00458999 0.285778 -0.0188423 0.0324693 -0.013221 0.0112238 -0.0443023 -0.0131352 -0.0212952 -0.0363428 -0.069907 -0.0798136 0.0063182 0.0291709 -0.0616934 0.0313714 -0.0629628 -0.0496463 -0.03203 -0.00338698 -0.0854172 -0.0197734
internal_weight=637 49 588 195 160 137 393 115 207 161 186 160 95 65 91 46 122 92 61 70 56 47
internal_count=637 49 588 195 160 137 393 115 207 161 186 160 95 65 91 46 122 92 61 70 56 47
is_linear=0
shrinkage=0.05


Tree=67
num_leaves=25
num_cat=0
split_feature=2 4 3 2 2 2 2 2 7 4 2 0 6 4 4 4 2 2 7 6 3 4 2 4
split_gain=1518.46 565.859 238.659 1203.79 298.238 137.962 76.2976 66.7468 57.0102 56.9725 54.7139 43.4897 34.1457 42.1076 24.632 18.4917 21.0578 17.7721 28.323 15.1785 12.2659 8.06885 3.90537 3.04911
threshold=1078.5000000000002 0.71750000000000014 44.080000000000005 539.50000000000011 737.00000000000011 614.00000000000011 216.50000000000003 539.50000000000011 60.280000000000008 0.16900000000000004 141.50000000000003 2.5000000000000004 2.9950000000000006 0.20950000000000002 0.39650000000000007 0.43700000000000006 74.500000000000014 253.50000000000003 63.045000000000009 4.8850000000000007 30.375000000000004 0.46650000000000008 84.000000000000014 0.31500000000000006
decision_type=2 2 2 2 2 2 2 2 2 2 2 2 2 2 2 2 2 2 2 2 2 2 2 2
left_child=1 2 4 9 5 6 8 12 -1 -4 15 -10 21 -14 19 16 -11 -15 -19 -13 -16 -8 -17 -18
right_child=-2 -3 3 -5 -6 -7 7 -9 11 10 -12 14 13 17 20 22 23 18 -20 -21 -22 -23 -24 -25
leaf_value=-0.13784997436838847 0.41251774010333153 0.18801981819903149 -0.099335682484390286 0.29855466904965317 -0.1958753514289856 0.076923779039471243 -0.024902917277545501 -0.10071921853179283 -0.10607495531439781 -0.054631110137471788 0.043869467341789495 -0.08636825482050578 -0.051616564189845872 -0.011773427186364477 0.016751970215277238 -0.04706060312688351 0.016974102929234507 0.00086201895202975731 0.071416848672158792 -0.031093945236795623 -0.036046640414067292 -0.063964930847287188 -0.078307081428356476 -0.01063525120727718
leaf_weight=24 22 34 27 33 30 27 39 22 30 26 27 27 22 22 22 20 20 25 33 23 22 20 20 20
leaf_count=24 22 34 27 33 30 27 39 22 30 26 27 27 22 22 22 20 20 25 33 23 22 20 20 20
internal_value=0.00436049 -0.0102403 -0.0218424 0.0235945 -0.0444437 -0.0317539 -0.0406189 -0.0190306 -0.0673124 -0.0331161 -0.019673 -0.05366 -0.00786823 0.00964438 -0.0369318 -0.0358584 -0.0196005 0.0264911 0.0410053 -0.0609421 -0.00964734 -0.0381443 -0.0626838 0.00316943
internal_weight=637 615 581 193 388 358 331 183 148 160 133 124 161 102 94 106 66 80 58 50 44 59 40 40
internal_count=637 615 581 193 388 358 331 183 148 160 133 124 161 102 94 106 66 80 58 50 44 59 40 40
is_linear=0
shrinkage=0.05


Tree=68
num_leaves=25
num_cat=0
split_feature=2 6 7 2 3 7 1 2 7 5 0 2 4 6 7 3 7 0 6 7 0 7 6 7
split_gain=1416.2 1032.52 566.604 205.391 433.275 105.997 129.459 128.593 88.9375 51.9647 50.0663 46.2054 40.4758 35.6679 34.4935 29.0441 27.3616 27.1172 23.1067 21.0057 19.6927 19.2686 10.935 10.4979
threshold=848.50000000000011 3.3050000000000002 56.145000000000003 245.50000000000003 44.080000000000005 63.790000000000013 1.0000000180025095e-35 498.00000000000006 71.535000000000011 1.0000000180025095e-35 1.5000000000000002 139.50000000000003 0.32550000000000007 5.0500000000000007 71.745000000000019 60.32500000000001 69.245000000000019 2.5000000000000004 6.6250000000000009 65.50500000000001 2.5000000000000004 58.010000000000012 2.9650000000000003 81.665000000000006
decision_type=2 2 2 2 2 2 2 2 2 2 2 2 2 2 2 2 2 2 2 2 2 2 2 2
left_child=3 -2 -3 8 5 7 -7 21 10 11 -1 15 14 -14 -8 23 18 -11 19 22 -13 -5 -12 -10
right_child=1 2 -4 4 -6 6 12 -9 9 17 16 20 13 -15 -16 -17 -18 -19 -20 -21 -22 -23 -24 -25
leaf_value=-0.12011859042522235 -0.043950371308760214 0.1943217282742262 0.5706872648000717 0.032755660179715894 0.19769897666470759 0.13480385527724312 -0.08405355325057394 -0.11971015992603498 -0.097492600209079683 0.066946348861198532 -0.10524870854846778 0.03958983747732072 -0.018564628697931768 0.072734011272373417 0.0065706275935683931 -0.020682545910988535 -0.097081831302493815 -0.013497130349278449 -0.0041347960808447428 -0.02251106004114263 -0.021655453744211368 -0.031638688516180818 -0.054806640439412815 -0.053746970432500041
leaf_weight=39 22 20 20 26 29 21 21 38 32 22 21 21 20 23 21 35 30 20 28 26 35 21 22 24
leaf_count=39 22 20 20 26 29 21 21 38 32 22 21 21 20 23 21 35 30 20 28 26 35 21 22 24
internal_value=0.00414247 0.231182 0.382504 -0.0203383 0.017622 -0.00971949 0.0236352 -0.0513147 -0.043863 -0.0204088 -0.0705669 -0.0344227 -0.00383002 0.0302695 -0.0387415 -0.056413 -0.0553503 0.0286399 -0.0424436 -0.0579892 0.00131153 0.00398372 -0.0794411 -0.0787445
internal_weight=637 62 40 575 220 191 106 85 355 189 166 147 85 43 42 91 127 42 97 69 56 47 43 56
internal_count=637 62 40 575 220 191 106 85 355 189 166 147 85 43 42 91 127 42 97 69 56 47 43 56
is_linear=0
shrinkage=0.05


Tree=69
num_leaves=24
num_cat=0
split_feature=2 4 3 2 2 2 2 2 4 7 2 0 6 4 3 4 4 2 2 7 4 2 4
split_gain=1294.78 494.962 205.574 1015.18 300.894 124.071 62.5378 57.2429 50.5806 49.9634 44.3907 37.5804 29.638 37.439 22.6386 18.5743 17.5564 19.2483 14.9779 23.9849 7.63129 3.8688 2.7623
threshold=1078.5000000000002 0.71750000000000014 44.080000000000005 539.50000000000011 737.00000000000011 614.00000000000011 216.50000000000003 539.50000000000011 0.16900000000000004 60.280000000000008 141.50000000000003 2.5000000000000004 2.9950000000000006 0.20950000000000002 30.375000000000004 0.37550000000000006 0.43700000000000006 74.500000000000014 253.50000000000003 63.045000000000009 0.46650000000000008 84.000000000000014 0.31500000000000006
decision_type=2 2 2 2 2 2 2 2 2 2 2 2 2 2 2 2 2 2 2 2 2 2 2
left_child=1 2 4 8 5 6 9 12 -4 -1 16 -11 20 -14 -13 -16 17 -10 -15 -20 -8 -18 -19
right_child=-2 -3 3 -5 -6 -7 7 -9 10 11 -12 14 13 18 15 -17 21 22 19 -21 -22 -23 -24
leaf_value=-0.12723657342915734 0.38083420558409259 0.17587723497520477 -0.092701293569472099 0.27427410365957205 -0.19347889562447868 0.074433082466324171 -0.022482702432152554 -0.093139971183104964 -0.049869344555414641 -0.097145287642876318 0.039594655922027655 -0.0037316769552536502 -0.048602486029267311 -0.010079891995701473 -0.081046197550563984 -0.022846311975557074 -0.042807329073548318 0.018531415164470672 0.0014311736449599266 0.066358334842053321 -0.060470809936523442 -0.073907154247863219 -0.0077473891805857429
leaf_weight=24 22 34 27 33 30 27 39 22 26 30 27 39 22 22 29 26 20 20 25 33 20 20 20
leaf_count=24 22 34 27 33 30 27 39 22 26 30 27 39 22 22 29 26 20 20 25 33 20 20 20
internal_value=0.00393534 -0.00954722 -0.0203982 0.0217718 -0.0413745 -0.0286284 -0.0370352 -0.0174903 -0.0303068 -0.0612021 -0.0176403 -0.0484213 -0.0071531 0.00916267 -0.0328711 -0.0535335 -0.032219 -0.0163776 0.0250481 0.0383725 -0.03536 -0.0583572 0.00539201
internal_weight=637 615 581 193 388 358 331 183 160 148 133 124 161 102 94 55 106 66 80 58 59 40 40
internal_count=637 615 581 193 388 358 331 183 160 148 133 124 161 102 94 55 106 66 80 58 59 40 40
is_linear=0
shrinkage=0.05


Tree=70
num_leaves=23
num_cat=0
split_feature=2 7 2 7 4 2 2 7 2 2 4 5 3 2 3 7 4 4 0 4 4 7
split_gain=1028.81 277.228 122.069 440.962 239.131 318.72 133.715 86.5396 39.1179 47.7617 44.8991 26.9905 26.1106 20.0756 20.7201 17.4131 17.3625 12.5443 22.5917 15.0094 14.5415 4.05539
threshold=1071.5000000000002 48.275000000000006 442.50000000000006 74.245000000000019 0.59600000000000009 631.00000000000011 553.00000000000011 60.280000000000008 371.00000000000006 296.50000000000006 0.63950000000000007 1.0000000180025095e-35 60.32500000000001 86.500000000000014 33.260000000000012 71.535000000000011 0.28750000000000003 0.35050000000000003 1.5000000000000002 0.23050000000000004 0.15750000000000003 75.110000000000014
decision_type=2 2 2 2 2 2 2 2 2 2 2 2 2 2 2 2 2 2 2 2 2 2
left_child=1 -1 8 4 5 6 -4 -7 9 10 11 12 13 14 -3 -13 -14 19 -19 20 -15 -20
right_child=-2 2 3 -5 -6 7 -8 -9 -10 -11 -12 15 16 17 -16 -17 -18 18 21 -21 -22 -23
leaf_value=0.15971612192335582 0.33726336147103991 -0.11518691295757891 -0.036773017319765962 0.23289324402809145 0.12016960047185421 -0.23112270051524755 0.12706948359496892 -0.087579466899236055 -0.093181625865399853 0.021827896620546072 -0.092337726607608306 -0.030608883127570152 -0.043487313318820227 -0.017357424676418303 -0.051049962461761689 0.018919251483998131 0.015790409122904144 -0.096108564507702124 -0.025092242043014735 -0.0038018650064865749 -0.070277930961714849 -0.053970792642794557
leaf_weight=21 21 20 33 20 24 21 20 21 30 35 36 36 21 25 34 35 30 23 31 39 27 20
leaf_count=21 21 20 33 20 24 21 20 21 30 35 36 36 21 25 34 35 30 23 31 39 27 20
internal_value=-0.0067547 -0.0187553 -0.0252061 0.0156624 -0.020847 -0.0564723 0.0250543 -0.159351 -0.0380584 -0.0340446 -0.0392317 -0.0336252 -0.0408387 -0.0483421 -0.0748044 -0.00619361 -0.00861806 -0.0396817 -0.0549699 -0.0272496 -0.0448354 -0.0364172
internal_weight=623 602 581 139 119 95 53 42 442 412 377 341 270 219 54 71 51 165 74 91 52 51
internal_count=623 602 581 139 119 95 53 42 442 412 377 341 270 219 54 71 51 165 74 91 52 51
is_linear=0
shrinkage=0.05


Tree=71
num_leaves=23
num_cat=0
split_feature=2 7 6 2 4 1 6 1 1 4 7 5 7 7 0 7 2 6 4 4 6 4
split_gain=928.497 250.198 179.715 202.812 83.0253 218.725 296.646 77.0875 68.3011 51.7074 33.1066 38.042 28.9865 60.0195 34.3714 34.0979 28.7317 25.6175 20.403 17.5578 17.2598 14.0768
threshold=1071.5000000000002 48.275000000000006 2.5050000000000003 848.50000000000011 0.20550000000000002 1.0000000180025095e-35 5.955000000000001 1.0000000180025095e-35 1.0000000180025095e-35 0.52800000000000014 69.695000000000007 1.0000000180025095e-35 66.02500000000002 71.535000000000011 2.5000000000000004 78.305000000000021 98.500000000000014 6.6250000000000009 0.40450000000000008 0.13150000000000003 5.4200000000000008 0.37750000000000006
decision_type=2 2 2 2 2 2 2 2 2 2 2 2 2 2 2 2 2 2 2 2 2 2
left_child=1 -1 8 4 7 6 -6 -4 -3 12 -11 -12 17 21 15 -15 -10 -7 -18 -9 -17 -14
right_child=-2 2 3 -5 5 9 -8 19 16 10 11 -13 13 14 -16 20 18 -19 -20 -21 -22 -23
leaf_value=0.15173031446479618 0.32040020383539658 -0.13527880477053777 -0.1456299070827663 0.14277341507730032 0.18373069320805371 -0.004984130720431741 -0.061740549765527258 -0.0078082479762308539 -0.09741416468664453 -0.1045954294813176 -0.067075252034575553 0.013752441806718708 -0.095600990896028554 0.064590913333274699 -0.047675874866545204 0.026188199520111085 -0.064973407758004739 0.062212758786652403 -0.010544026291204824 -0.057972673676605968 -0.037989849640606817 -0.041257902578665663
leaf_weight=21 21 35 20 21 32 37 20 33 27 24 37 24 22 27 25 20 33 23 36 37 22 26
leaf_count=21 21 35 20 21 32 37 20 33 27 24 37 24 22 27 25 20 33 23 36 37 22 26
internal_value=-0.00641697 -0.0178176 -0.0239458 -0.00894192 -0.0163685 -0.00503495 0.0893187 -0.0590584 -0.0754859 -0.0221304 -0.0548472 -0.0352742 -0.00836337 -0.0206752 0.00255367 0.0207528 -0.0536864 0.0207747 -0.0365755 -0.0343237 -0.00742887 -0.0661652
internal_weight=623 602 581 450 429 339 52 90 131 287 85 61 202 142 94 69 96 60 69 70 42 48
internal_count=623 602 581 450 429 339 52 90 131 287 85 61 202 142 94 69 96 60 69 70 42 48
is_linear=0
shrinkage=0.05


Tree=72
num_leaves=23
num_cat=0
split_feature=2 7 6 2 4 1 6 1 1 4 7 7 4 4 7 2 2 0 4 6 4 4
split_gain=837.969 225.804 162.193 183.038 74.9303 197.399 267.723 69.5715 61.6418 46.8593 32.3283 34.4951 48.2587 59.7648 28.745 28.6324 25.9304 19.4387 18.4137 17.603 20.1268 7.78911
threshold=1071.5000000000002 48.275000000000006 2.5050000000000003 848.50000000000011 0.20550000000000002 1.0000000180025095e-35 5.955000000000001 1.0000000180025095e-35 1.0000000180025095e-35 0.63650000000000018 60.455000000000005 71.535000000000011 0.44550000000000006 0.35850000000000004 74.845000000000013 245.50000000000003 98.500000000000014 2.5000000000000004 0.40450000000000008 4.1650000000000009 0.13050000000000003 0.37850000000000006
decision_type=2 2 2 2 2 2 2 2 2 2 2 2 2 2 2 2 2 2 2 2 2 2
left_child=1 -1 8 4 7 6 -6 -4 -3 10 -7 12 13 -12 -13 17 -10 21 -18 -9 -21 -16
right_child=-2 2 3 -5 5 9 -8 19 16 -11 11 14 -14 -15 15 -17 18 -19 -20 20 -22 -23
leaf_value=0.14414380206948235 0.30438019427515212 -0.12851486714822907 -0.13834841272328049 0.1356347414709273 0.1745441586477682 0.030654817196939674 -0.058653524629771719 0.0044283870946277273 -0.092543455737608457 -0.079082417584234677 -0.054616103683199205 0.036608025679015554 -0.08968039134569053 0.053732926286756993 0.0039083615743688181 0.035400438196957117 -0.06172473786229437 -0.066957087786151823 -0.010016825024245515 -0.018527392625808718 -0.083337729489025861 -0.0349094449232022
leaf_weight=21 21 35 20 21 32 35 20 22 27 31 35 32 36 20 28 20 33 26 36 25 23 24
leaf_count=21 21 35 20 21 32 35 20 22 27 31 35 32 36 20 28 20 33 26 36 25 23 24
internal_value=-0.00609612 -0.0169267 -0.0227485 -0.00849482 -0.0155501 -0.0047832 0.0848527 -0.0561055 -0.0717116 -0.0210239 -0.0139933 -0.0210643 -0.0446747 -0.0152165 -0.00453701 -0.0179721 -0.051002 -0.0316574 -0.0347467 -0.0326075 -0.0495823 -0.0140075
internal_weight=623 602 581 450 429 339 52 90 131 287 256 221 91 55 130 98 96 78 69 70 48 52
internal_count=623 602 581 450 429 339 52 90 131 287 256 221 91 55 130 98 96 78 69 70 48 52
is_linear=0
shrinkage=0.05


Tree=73
num_leaves=24
num_cat=0
split_feature=7 6 1 5 4 4 1 7 4 7 7 7 7 0 7 7 3 4 6 4 7 4 4
split_gain=505.122 342.206 493.369 1091.04 346.214 182.601 163.759 83.7722 38.1408 35.5203 44.6544 33.9485 71.3206 32.5898 46.5599 40.176 23.5402 22.2554 31.5584 21.5615 19.3264 14.7692 12.2005
threshold=47.550000000000004 2.5050000000000003 1.0000000180025095e-35 1.0000000180025095e-35 0.15750000000000003 0.41450000000000004 1.0000000180025095e-35 62.305000000000007 0.63650000000000018 60.185000000000009 62.785000000000004 66.860000000000014 71.535000000000011 2.5000000000000004 77.975000000000009 83.995000000000019 29.610000000000003 0.40450000000000008 0.48500000000000004 0.46650000000000008 55.980000000000011 0.50750000000000017 0.37850000000000006
decision_type=2 2 2 2 2 2 2 2 2 2 2 2 2 2 2 2 2 2 2 2 2 2 2
left_child=-1 6 3 4 -3 -6 7 -2 9 20 -11 -12 16 14 22 -16 -13 18 -8 -15 -4 -19 -14
right_child=1 2 8 -5 5 -7 17 -9 -10 10 11 12 13 19 15 -17 -18 21 -20 -21 -22 -23 -24
leaf_value=0.22952391870997171 -0.24132550157140942 -0.17646981906145812 -0.0070777515703368751 0.36211848251264672 0.13161340648862158 -0.052983961715584706 -0.12090370478108525 -0.096608366742730156 -0.075128295416605761 -0.091780635646798392 0.026770729833358042 -0.10314248898731811 0.077098542168026876 -0.064586917869746685 -0.051589883904199343 0.027793626124704526 -0.043052622179190321 0.0080233255028724672 -0.038669252209365373 0.0015922699682414535 0.061599493101239203 -0.047827830589536963 0.023201605624386244
leaf_weight=22 20 20 21 29 37 21 20 20 31 22 37 28 21 32 37 28 39 20 28 20 20 29 21
leaf_count=22 20 20 21 29 37 21 20 20 31 22 37 28 21 32 37 28 39 20 28 20 20 29 21
internal_value=-0.00579131 -0.0144052 0.00609594 0.100272 0.00291842 0.0647764 -0.0838396 -0.168967 -0.0221304 -0.0170907 -0.0233507 -0.0176265 -0.024895 -0.00666187 0.00911868 -0.0173939 -0.0681648 -0.0487356 -0.0729336 -0.0391334 0.0264233 -0.0250314 0.0501501
internal_weight=623 601 464 107 78 58 137 40 357 326 285 263 226 159 107 65 67 97 48 52 41 49 42
internal_count=623 601 464 107 78 58 137 40 357 326 285 263 226 159 107 65 67 97 48 52 41 49 42
is_linear=0
shrinkage=0.05


Tree=74
num_leaves=22
num_cat=0
split_feature=2 2 4 7 2 2 3 2 2 4 5 3 2 3 4 7 4 0 4 4 7
split_gain=736.283 180.537 361.704 208.478 255.048 220.966 61.5593 33.3448 44.3306 36.5866 19.9218 20.0957 17.0774 17.2385 16.3294 14.8482 11.2695 26.6677 9.80457 13.7173 5.0494
threshold=1071.5000000000002 442.50000000000006 0.58500000000000008 72.215000000000018 631.00000000000011 553.00000000000011 43.680000000000007 371.00000000000006 296.50000000000006 0.63950000000000007 1.0000000180025095e-35 60.32500000000001 86.500000000000014 33.260000000000012 0.28750000000000003 71.535000000000011 0.35050000000000003 1.5000000000000002 0.23050000000000004 0.15750000000000003 75.110000000000014
decision_type=2 2 2 2 2 2 2 2 2 2 2 2 2 2 2 2 2 2 2 2 2
left_child=1 7 3 4 5 -3 -6 8 9 10 11 12 13 -1 -13 -12 18 -18 19 -14 -19
right_child=-2 2 -4 -5 6 -7 -8 -9 -10 -11 15 14 16 -15 -16 -17 17 20 -20 -21 -22
leaf_value=-0.10194955013692381 0.28552777923288802 -0.042584304330926956 0.18376302219206286 0.14010619670152666 -0.17461429214477542 0.1648893944158252 -0.061268967778786369 -0.082559840188672143 0.024265456552038323 -0.080303870876495903 -0.026928065510259738 -0.038842789761044764 -0.0084063212275505058 -0.043448752805980963 0.017870453074574473 0.018807148667318481 -0.08930867946147919 -0.014150972466450185 -0.0019298746465490416 -0.059805180760169475 -0.046176874712109572
leaf_weight=20 21 33 31 20 25 21 23 30 37 37 36 22 25 34 30 35 25 32 39 27 20
leaf_count=20 21 33 31 20 25 21 23 30 37 37 36 22 25 34 30 35 25 32 39 27 20
internal_value=-0.00550175 -0.0156539 0.0312525 -0.0075002 -0.0364426 0.0380999 -0.120303 -0.0316376 -0.0279917 -0.0330532 -0.0279858 -0.0341019 -0.0406554 -0.0651157 -0.00612361 -0.00438254 -0.0327931 -0.0468712 -0.0208809 -0.0350942 -0.0264686
internal_weight=623 602 153 122 102 54 48 449 419 382 345 274 222 54 52 71 168 77 91 52 52
internal_count=623 602 153 122 102 54 48 449 419 382 345 274 222 54 52 71 168 77 91 52 52
is_linear=0
shrinkage=0.05


Tree=75
num_leaves=25
num_cat=0
split_feature=2 4 3 2 2 4 2 3 6 4 4 2 2 6 7 3 4 7 7 6 3 6 4 6
split_gain=859.826 431.118 110.714 513.302 148.626 113.232 77.0512 92.9251 55.2706 46.4447 46.1629 39.6897 31.205 35.8732 40.2402 25.9745 21.1467 20.815 19.6098 19.9658 37.3374 12.0887 10.3863 5.64206
threshold=1078.5000000000002 0.79600000000000015 45.370000000000005 581.50000000000011 778.00000000000011 0.59950000000000003 234.50000000000003 29.610000000000003 5.3550000000000013 0.37750000000000006 0.62150000000000005 535.00000000000011 438.50000000000006 2.9950000000000006 67.950000000000017 33.260000000000012 0.46250000000000008 74.575000000000017 72.020000000000024 3.1950000000000007 60.32500000000001 4.4450000000000012 0.23050000000000004 3.5250000000000004
decision_type=2 2 2 2 2 2 2 2 2 2 2 2 2 2 2 2 2 2 2 2 2 2 2 2
left_child=1 2 4 5 6 18 10 11 9 -9 15 12 13 -8 -15 16 17 22 21 -20 -21 -4 -1 -18
right_child=-2 -3 3 -5 -6 -7 7 8 -10 -11 -12 -13 -14 14 -16 -17 23 -19 19 20 -22 -23 -24 -25
leaf_value=-0.0057430772957476704 0.31935834109783179 0.21441711436957123 -0.037324739211740406 0.24339153326693036 -0.13612163531429627 0.082671336894449984 -0.083868380744631099 -0.041819618535893305 0.085446866817073905 0.052968754828907554 -0.1221278186000529 -0.079319596290588379 0.029639034431714281 0.039693353917788381 -0.057070525132474452 -0.091204359123240347 0.014544926146045328 -0.089872278950431136 -0.059435734149068602 -0.042902540199218263 0.038345349737657956 -0.085540446545928725 -0.050663676665675256 -0.022148421339013361
leaf_weight=22 20 20 26 21 34 23 24 28 32 24 21 35 26 22 21 23 20 22 25 31 26 26 31 22
leaf_count=22 20 20 26 21 34 23 24 28 32 24 21 35 26 22 21 23 20 22 25 31 26 26 31 22
internal_value=-0.00319241 -0.0138552 -0.0216594 0.0112319 -0.0360443 -0.0198213 -0.026922 -0.00711811 0.0337452 0.00192886 -0.0529991 -0.0339347 -0.0168543 -0.0348965 -0.00756342 -0.0426298 -0.033081 -0.0489882 -0.0374133 -0.0221816 -0.0058421 -0.0614326 -0.0320174 -0.0046754
internal_weight=625 605 585 178 407 157 373 212 84 52 161 128 93 67 43 140 117 75 134 82 57 52 53 42
internal_count=625 605 585 178 407 157 373 212 84 52 161 128 93 67 43 140 117 75 134 82 57 52 53 42
is_linear=0
shrinkage=0.05


Tree=76
num_leaves=23
num_cat=0
split_feature=2 4 8 6 5 1 2 0 6 3 6 3 2 2 2 4 6 6 6 6 0 4
split_gain=775.993 389.084 139.183 88.5316 106.864 427.877 111.172 72.46 66.4636 69.5208 57.5953 46.9194 69.9453 43.0594 35.5602 22.0021 14.7401 13.7087 15.9493 13.089 23.1573 7.29817
threshold=1078.5000000000002 0.79600000000000015 1.0000000180025095e-35 0.91000000000000014 1.0000000180025095e-35 1.0000000180025095e-35 778.00000000000011 1.5000000000000002 5.6550000000000002 29.610000000000003 7.6350000000000007 24.675000000000004 511.00000000000006 328.50000000000006 222.50000000000003 0.36800000000000005 6.0750000000000011 3.8200000000000003 2.6750000000000003 4.4250000000000007 2.5000000000000004 0.28050000000000008
decision_type=2 2 2 2 2 2 2 2 2 2 2 2 2 2 2 2 2 2 2 2 2 2
left_child=1 2 3 7 6 -6 10 -1 9 -7 11 -5 13 14 16 -12 17 18 -13 -19 -21 -16
right_child=-2 -3 -4 4 5 8 -8 -9 -10 -11 15 12 -14 -15 21 -17 -18 19 -20 20 -22 -23
leaf_value=-0.14110988065086563 0.30339042007923128 0.20369625645107592 0.070677021722524214 -0.10360041355544872 0.17752237487584355 -0.068400954827666283 -0.13091686053408519 -0.031988453336816748 -0.10530210878141225 0.039064984297489419 -0.0097782954573631294 -0.016106644598767161 0.034313698886678769 -0.089149230059369339 0.031736303611912507 0.061928029941475921 -0.068004433396789771 0.016938654482364656 -0.073024985037045562 -0.062552305766277835 0.00494895117978255 -0.0099962810426950464
leaf_weight=29 20 20 39 22 32 27 27 32 25 34 20 20 39 35 22 23 36 20 32 27 24 20
leaf_count=29 20 20 39 22 32 27 27 32 25 34 20 20 39 35 22 23 36 20 32 27 24 20
internal_value=-0.00303278 -0.0131625 -0.0205765 -0.0270946 -0.0199542 0.0214368 -0.0332626 -0.0838659 -0.0366415 -0.00850191 -0.0255077 -0.033338 -0.027717 -0.0379678 -0.0290556 0.0285763 -0.0398645 -0.0316284 -0.0511333 -0.0173432 -0.030787 0.0118636
internal_weight=625 605 585 546 485 118 367 61 86 61 340 297 275 236 201 43 159 123 52 71 51 42
internal_count=625 605 585 546 485 118 367 61 86 61 340 297 275 236 201 43 159 123 52 71 51 42
is_linear=0
shrinkage=0.05


Tree=77
num_leaves=26
num_cat=0
split_feature=4 8 2 5 2 3 2 2 4 2 2 6 3 2 2 2 3 6 2 6 3 2 4 3 6
split_gain=711.77 289.101 355.009 139.756 442.604 156.741 147.396 112.483 37.6756 59.2791 32.3171 25.2382 26.0641 46.768 24.7462 26.0337 23.2375 18.5318 16.0742 15.4877 18.9393 10.4956 9.39886 7.21373 2.30524
threshold=0.79600000000000015 1.0000000180025095e-35 406.50000000000006 1.0000000180025095e-35 764.00000000000011 41.45000000000001 925.50000000000011 141.50000000000003 0.12450000000000001 633.00000000000011 357.50000000000006 7.8550000000000013 24.675000000000004 511.00000000000006 324.50000000000006 226.00000000000003 37.315000000000005 6.0750000000000011 178.00000000000003 3.8200000000000003 41.45000000000001 81.500000000000014 0.30700000000000005 58.730000000000011 4.7300000000000013
decision_type=2 2 2 2 2 2 2 2 2 2 2 2 2 2 2 2 2 2 2 2 2 2 2 2 2
left_child=1 3 -3 6 5 10 8 -7 16 11 18 12 -10 14 15 17 -1 19 -5 20 -14 -21 -17 -22 -23
right_child=-2 2 -4 4 -6 7 -8 -9 9 -11 -12 -13 13 -15 -16 22 -18 -19 -20 21 23 24 -24 -25 -26
leaf_value=-0.035061360150575642 0.28327876811935787 -0.028227842279842926 0.26611716985702516 -0.069609999484740767 0.23874976798892023 -0.020019325669165013 -0.14156910493489236 0.12716531085968016 -0.085714143650098287 0.051218419753015047 -0.1175754440575838 0.012749974779558904 -0.014234194991275154 0.037501248313734935 -0.072722956057834007 0.031641546713653955 -0.11036781640279861 -0.07239118054989846 -0.012865060420396427 -0.039632468247278174 -0.087481362940300081 0.014712625280732201 -0.016832320168614388 -0.046511613035743887 -0.0087152549198695594
leaf_weight=20 21 21 20 26 20 27 31 25 22 25 20 33 29 24 38 20 21 31 24 22 21 21 20 22 21
leaf_count=20 21 21 20 26 20 27 31 25 22 25 20 33 29 24 38 20 21 31 24 22 21 21 20 22 21
internal_value=-0.00288115 -0.0128304 0.115355 -0.0221654 0.0207287 -0.0150125 -0.0366333 0.0507425 -0.0282922 -0.0229656 -0.063859 -0.0286897 -0.0333891 -0.0291097 -0.0356349 -0.0288264 -0.073633 -0.0375045 -0.0423724 -0.0295524 -0.0454605 -0.0116558 0.00740461 -0.0665201 0.00299869
internal_weight=625 604 41 563 142 122 421 52 390 349 70 324 291 269 245 207 41 167 50 136 72 64 40 43 42
internal_count=625 604 41 563 142 122 421 52 390 349 70 324 291 269 245 207 41 167 50 136 72 64 40 43 42
is_linear=0
shrinkage=0.05


Tree=78
num_leaves=25
num_cat=0
split_feature=2 4 2 2 2 6 3 6 2 3 1 4 4 2 4 4 7 7 2 4 3 6 7 3
split_gain=700.481 318.794 681.361 121.27 133.786 63.7359 55.8779 32.2581 30.6746 148.362 55.0236 42.424 32.542 23.3917 28.3197 24.0632 13.2699 21.3963 19.3315 20.6014 20.6463 11.6393 7.95382 4.11839
threshold=1078.5000000000002 0.71750000000000014 156.50000000000003 925.50000000000011 744.50000000000011 8.0250000000000004 37.315000000000005 0.115 511.00000000000006 42.525000000000013 1.0000000180025095e-35 0.34750000000000003 0.37850000000000006 245.50000000000003 0.45350000000000007 0.59000000000000008 82.725000000000009 88.575000000000017 105.00000000000001 0.20300000000000004 32.405000000000008 4.9500000000000011 72.085000000000022 29.610000000000003
decision_type=2 2 2 2 2 2 2 2 2 2 2 2 2 2 2 2 2 2 2 2 2 2 2 2
left_child=1 3 -3 4 5 7 -7 -1 10 12 11 -9 -10 15 21 16 18 -18 22 -20 23 -15 -12 -21
right_child=-2 2 -4 -5 -6 6 -8 8 9 -11 13 -13 -14 14 -16 -17 17 -19 19 20 -22 -23 -24 -25
leaf_value=-0.073900273165532535 0.28839561179280282 -0.086608824580907823 0.32117130004224326 -0.12358768741999354 0.098529765537629529 -0.017544169343697527 0.094137269542330801 -0.039190834098392066 -0.085805291139885137 0.11689119608629317 -0.065282791651584002 -0.13526965871453286 0.0014009902626276017 0.0041852466461639254 -0.042493701260536913 0.010837021912448109 -0.093368617283261346 -0.022656378140673044 0.02760148842565038 -0.062623684979975225 0.003441319789271802 0.05310939672403038 -0.03203296965786389 -0.032182964086532595
leaf_weight=35 20 20 21 28 24 24 21 27 23 21 37 20 20 31 24 32 23 20 22 25 32 20 35 20
leaf_count=35 20 20 21 28 24 24 21 27 23 21 37 20 20 31 24 32 23 20 22 25 32 20 35 20
internal_value=-0.00273709 -0.0123613 0.122254 -0.0221472 -0.0168481 -0.0222564 0.0345738 -0.0277325 -0.0239921 0.00795646 -0.0295484 -0.0800754 -0.0452442 -0.0221503 0.00229442 -0.029603 -0.0356501 -0.0604792 -0.0294065 -0.0150697 -0.0272614 0.0233712 -0.0491197 -0.0490945
internal_weight=625 605 41 564 536 512 45 467 432 64 368 47 43 321 75 246 214 43 171 99 77 51 72 45
internal_count=625 605 41 564 536 512 45 467 432 64 368 47 43 321 75 246 214 43 171 99 77 51 72 45
is_linear=0
shrinkage=0.05


Tree=79
num_leaves=23
num_cat=0
split_feature=2 4 2 2 2 6 3 8 4 3 6 2 7 1 2 4 4 2 7 3 2 2
split_gain=632.185 287.712 614.929 109.447 120.742 57.5217 50.4298 29.2306 34.2468 40.5122 43.5939 50.3864 55.2664 32.6487 34.3212 22.1137 18.5117 21.572 11.2143 9.39765 10.0035 7.04921
threshold=1078.5000000000002 0.71750000000000014 156.50000000000003 925.50000000000011 744.50000000000011 8.0250000000000004 37.315000000000005 1.0000000180025095e-35 0.10700000000000001 24.675000000000004 7.1250000000000009 511.00000000000006 61.810000000000009 1.0000000180025095e-35 48.500000000000007 0.59000000000000008 0.48450000000000004 105.00000000000001 77.975000000000009 32.405000000000008 245.50000000000003 78.500000000000014
decision_type=2 2 2 2 2 2 2 2 2 2 2 2 2 2 2 2 2 2 2 2 2 2
left_child=1 3 -3 4 5 7 -7 8 -1 -10 11 13 -13 -11 -15 16 17 21 19 20 -19 -16
right_child=-2 2 -4 -5 -6 6 -8 -9 9 10 -12 12 -14 14 15 -17 -18 18 -20 -21 -22 -23
leaf_value=-0.081124656647443782 0.27397584222489968 -0.08227838370949031 0.30511273457890464 -0.11740829848817416 0.093603277361641327 -0.01666696386722227 0.089430403354622073 0.022268872586046831 -0.078028701936059153 -0.067196019079634225 -0.082220002539731843 -0.024643733190453571 0.08275203251838685 -0.070968255179899714 -0.019571717903018 0.026502472241268019 -0.048585830218134785 -0.01660245584978445 -0.02373014332397896 0.036755649497111638 0.024339773271232844 -0.060586335205219013
leaf_weight=30 20 20 21 28 24 24 21 29 34 38 27 23 25 27 20 33 39 37 34 24 25 22
leaf_count=30 20 20 21 28 24 24 21 29 34 38 27 23 25 27 20 33 39 37 34 24 25 22
internal_value=-0.00260023 -0.0117432 0.116141 -0.0210398 -0.0160057 -0.0211436 0.0328451 -0.0263459 -0.0295647 -0.0257735 -0.0210231 -0.0162613 0.0312916 -0.0238952 -0.0175909 -0.011432 -0.01766 -0.0102149 0.000579285 0.01019 -9.34925e-05 -0.0410556
internal_weight=625 605 41 564 536 512 45 467 438 408 374 347 48 299 261 234 201 162 120 86 62 42
internal_count=625 605 41 564 536 512 45 467 438 408 374 347 48 299 261 234 201 162 120 86 62 42
is_linear=0
shrinkage=0.05


Tree=80
num_leaves=25
num_cat=0
split_feature=4 3 6 4 1 7 7 7 7 6 4 3 3 4 6 4 7 7 7 0 0 4 4 6
split_gain=331.765 181.625 138.84 132.983 257.912 558.239 140.853 137.543 104.944 104.041 31.5307 24.506 17.2405 14.8487 51.7532 22.2318 34.0078 43.0134 21.119 19.5176 15.7413 18.1481 15.0598 11.9642
threshold=0.7835000000000002 24.675000000000004 0.48500000000000004 0.14250000000000002 1.0000000180025095e-35 69.885000000000005 53.085000000000008 61.810000000000009 60.280000000000008 4.7650000000000006 0.46650000000000008 46.560000000000009 26.000000000000004 0.39650000000000007 7.080000000000001 0.43950000000000006 69.180000000000021 64.800000000000011 80.055000000000021 2.5000000000000004 2.5000000000000004 0.26850000000000007 0.32950000000000007 4.9500000000000011
decision_type=2 2 2 2 2 2 2 2 2 2 2 2 2 2 2 2 2 2 2 2 2 2 2 2
left_child=1 -1 10 8 5 6 -5 9 -4 -8 -3 -10 -6 14 20 -15 17 -17 19 -18 21 -14 -23 -22
right_child=-2 2 3 4 12 -7 7 -9 11 -11 -12 -13 13 15 -16 16 18 -19 -20 -21 23 22 -24 -25
leaf_value=-0.11283441082470946 0.19823676532223111 -0.044376718159765009 -0.15220132716000082 0.12628840247790019 0.034429072029888631 0.31558700587068289 -0.14258763670921326 0.076921347743182475 0.019995126997431122 0.0091001156860819245 -0.12440590299665928 -0.054944534301757809 0.037214130003537453 0.045137614796736412 -0.078748038783669483 0.0066725048034087485 0.073077915325051257 -0.093587394393980505 -0.014686519065589616 0.0064070503996766131 -0.041193695748979985 -0.043130406159907583 0.015080035507678986 0.0053677452897483652
leaf_weight=36 21 32 20 30 28 21 20 33 24 26 20 20 35 28 28 23 21 20 33 23 37 20 25 22
leaf_count=36 21 32 20 30 28 21 20 33 24 26 20 20 35 28 28 23 21 20 33 23 37 20 25 22
internal_value=0.00275814 -0.00380995 0.00285369 0.0104078 0.0195603 0.0795326 0.0340542 -0.000971459 -0.0572349 -0.0568511 -0.0751572 -0.0140684 -0.00316969 -0.0065118 -0.0167313 0.0050197 -0.00434114 -0.03996 0.0155499 0.0382272 -0.00423877 0.0102111 -0.0107913 -0.0238318
internal_weight=646 625 589 537 473 130 109 79 64 46 52 44 343 315 167 148 120 43 77 44 139 80 45 59
internal_count=646 625 589 537 473 130 109 79 64 46 52 44 343 315 167 148 120 43 77 44 139 80 45 59
is_linear=0
shrinkage=0.05


Tree=81
num_leaves=26
num_cat=0
split_feature=2 6 3 2 7 4 4 4 4 0 2 4 2 6 2 3 6 7 2 2 0 2 7 2 7
split_gain=627.004 661.325 126.444 118.137 242.107 123.943 167.855 58.1629 52.4002 44.4159 50.4228 38.4823 35.6598 44.1894 34.2766 25.5991 20.5141 19.4617 13.6349 13.5288 20.1976 24.4944 12.9647 6.38411 3.8236
threshold=930.50000000000011 4.4250000000000007 24.675000000000004 380.50000000000006 76.615000000000023 0.58300000000000007 0.41050000000000003 0.20550000000000002 0.75800000000000012 1.5000000000000002 81.500000000000014 0.51350000000000018 158.00000000000003 4.8850000000000007 581.50000000000011 32.405000000000008 2.0850000000000004 61.165000000000006 48.500000000000007 110.50000000000001 2.5000000000000004 222.50000000000003 63.915000000000006 72.500000000000014 72.585000000000008
decision_type=2 2 2 2 2 2 2 2 2 2 2 2 2 2 2 2 2 2 2 2 2 2 2 2 2
left_child=2 -2 -1 8 5 6 7 -5 9 12 16 17 -4 22 -9 -13 -11 -12 -18 -19 -21 24 -14 -20 -22
right_child=1 -3 3 4 -6 -7 -8 14 -10 10 11 15 13 -15 -16 -17 18 19 23 20 21 -23 -24 -25 -26
leaf_value=-0.10039936318188102 -0.013345566256479783 0.37010411808024285 -0.099012304165146572 -0.034168137485782311 0.19589822281152011 0.12162125498056411 -0.11137437993480313 0.021396642038598659 -0.093271234089677982 -0.079523329958319677 0.039611187794556219 0.011819747547534379 0.02741212940309197 -0.077503669980381218 0.10886681099821414 0.087261724925559503 -0.047930141322074404 -0.04091282141981302 0.016226367764174937 0.028680072884339637 -0.022228379953991285 0.023464673381298783 -0.023094584137477257 -0.022023152435819308 -0.05055068258482677
leaf_weight=37 22 23 22 24 20 20 31 24 22 20 24 22 24 28 21 23 31 27 20 37 22 25 27 24 26
leaf_count=37 22 23 22 24 20 20 31 24 22 20 24 22 24 28 21 23 31 27 20 37 22 25 27 24 26
internal_value=0.00262023 0.18264 -0.0108588 -0.00498466 0.0348391 0.00799589 -0.0147292 0.0286911 -0.018134 -0.014022 -0.00439474 0.00950249 -0.0427132 -0.027035 0.0622161 0.050379 -0.0345298 -0.00192261 -0.0225315 -0.0091986 -0.00141421 -0.0166675 0.000673281 -0.00463701 -0.0375696
internal_weight=646 45 601 564 140 120 100 69 424 402 301 206 101 79 45 45 95 161 75 137 110 73 51 44 48
internal_count=646 45 601 564 140 120 100 69 424 402 301 206 101 79 45 45 95 161 75 137 110 73 51 44 48
is_linear=0
shrinkage=0.05


Tree=82
num_leaves=26
num_cat=0
split_feature=2 6 3 2 4 4 4 2 4 0 2 4 2 6 3 6 2 2 2 2 4 3 4 6 6
split_gain=565.871 596.846 114.115 106.618 163.877 93.5482 62.478 79.877 47.2912 40.0854 45.5065 34.7303 32.183 39.881 23.1032 18.5788 17.058 13.806 20.0046 13.3293 10.5026 10.162 6.12043 16.262 1.89729
threshold=930.50000000000011 4.4250000000000007 24.675000000000004 380.50000000000006 0.60350000000000004 0.46350000000000008 0.20300000000000004 531.00000000000011 0.75800000000000012 1.5000000000000002 81.500000000000014 0.51350000000000018 158.00000000000003 4.8850000000000007 32.405000000000008 2.2050000000000005 222.50000000000003 173.50000000000003 150.50000000000003 48.500000000000007 0.38650000000000007 41.45000000000001 0.36800000000000005 5.5250000000000012 5.0500000000000007
decision_type=2 2 2 2 2 2 2 2 2 2 2 2 2 2 2 2 2 2 2 2 2 2 2 2 2
left_child=2 -2 -1 8 5 6 -5 -8 9 12 15 16 -4 20 -13 -11 17 18 22 -17 -14 -9 23 -12 -21
right_child=1 -3 3 4 -6 -7 7 21 -10 10 11 14 13 -15 -16 19 -18 -19 -20 24 -22 -23 -24 -25 -26
leaf_value=-0.09537939676964606 -0.012678284807638688 0.35159891157046608 -0.094061689451336861 -0.033802323501843673 0.16560486532747745 -0.079648181731286266 -0.0034496741429451971 0.078278575534932324 -0.088607672940601012 -0.073081176863475289 -0.025442090426241199 0.011228759586811066 0.019623380005359653 -0.07362848736478815 0.082898639790389861 -0.045533633905072368 0.031501773210062138 -0.040182457462852372 0.043738998728804296 -0.013454869352281094 -0.026480044229399591 0.12868185441941024 -0.031009463034570219 0.030766493217511612 0.0078233244066888644
leaf_weight=37 22 23 22 26 20 23 31 20 22 22 31 22 30 28 23 31 31 29 20 20 21 20 28 22 22
leaf_count=37 22 23 22 26 20 23 31 20 22 22 31 22 30 28 23 31 31 29 20 20 21 20 28 22 22
internal_value=0.00248922 0.173508 -0.0103158 -0.00473543 0.0330971 0.0110125 0.0325094 0.0567925 -0.0172273 -0.0133209 -0.004175 0.00902737 -0.0405776 -0.0256833 0.04786 -0.0328033 -0.00182648 -0.00977399 -0.00104284 -0.0206648 0.000639617 0.10348 -0.0121001 -0.00211023 -0.00230915
internal_weight=646 45 601 564 140 120 97 71 424 402 301 206 101 79 45 95 161 130 101 73 51 40 81 53 42
internal_count=646 45 601 564 140 120 97 71 424 402 301 206 101 79 45 95 161 130 101 73 51 40 81 53 42
is_linear=0
shrinkage=0.05


Tree=83
num_leaves=25
num_cat=0
split_feature=2 6 3 2 7 2 2 2 4 0 2 4 2 6 3 7 6 2 0 4 3 7 2 2
split_gain=510.698 538.653 102.989 96.2232 217.042 118.247 83.0992 70.0438 42.6803 36.177 41.0697 31.3441 29.0452 35.9926 20.8506 17.3348 16.8105 11.8995 18.2739 20.3404 15.6921 11.6227 11.1376 5.80053
threshold=930.50000000000011 4.4250000000000007 24.675000000000004 380.50000000000006 76.615000000000023 666.50000000000011 578.00000000000011 490.50000000000006 0.75800000000000012 1.5000000000000002 81.500000000000014 0.51350000000000018 158.00000000000003 4.8850000000000007 32.405000000000008 61.165000000000006 2.0850000000000004 110.50000000000001 2.5000000000000004 0.39650000000000007 31.485000000000003 63.915000000000006 48.500000000000007 72.500000000000014
decision_type=2 2 2 2 2 2 2 2 2 2 2 2 2 2 2 2 2 2 2 2 2 2 2 2
left_child=2 -2 -1 8 5 6 7 -5 9 12 16 15 -4 21 -13 -12 -11 -17 -19 20 -20 -14 -18 -24
right_child=1 -3 3 4 -6 -7 -8 -9 -10 10 11 14 13 -15 -16 17 22 18 19 -21 -22 -23 23 -25
leaf_value=-0.090610425300090711 -0.012044374102895911 0.33401897886525034 -0.089358603124591443 0.060169126992595613 0.1839366898313165 -0.06978975512708227 0.11279651147241776 -0.049724106921750159 -0.084177288074385043 -0.071893105804920199 0.037463465146720408 0.01066732228818265 0.025924794872601825 -0.069947062030301571 0.078753706695430956 -0.038345316438763231 -0.04325695270972868 0.027323808591510804 -0.0099758240484422254 0.025721605379311813 -0.065954467831622995 -0.021896504724605217 0.015758100263774395 -0.020701312646269801
leaf_weight=37 22 23 22 29 20 36 26 29 22 20 24 22 24 28 23 27 31 37 31 21 21 27 20 24
leaf_count=37 22 23 22 29 20 36 26 29 22 20 24 22 24 28 23 27 31 37 31 21 21 27 20 24
internal_value=0.00236476 0.164832 -0.00980005 -0.00449865 0.0314423 0.00602653 0.0385192 0.00522251 -0.0163659 -0.0126549 -0.00396625 0.008576 -0.0385487 -0.0243991 0.045467 -0.00173516 -0.0311631 -0.00860207 -0.00130145 -0.0158101 -0.0325826 0.000607636 -0.0203018 -0.00412885
internal_weight=646 45 601 564 140 120 84 58 424 402 301 206 101 79 45 161 95 137 110 73 52 51 75 44
internal_count=646 45 601 564 140 120 84 58 424 402 301 206 101 79 45 161 95 137 110 73 52 51 75 44
is_linear=0
shrinkage=0.05


Tree=84
num_leaves=26
num_cat=0
split_feature=2 6 4 2 3 2 2 6 7 4 0 2 4 2 6 3 7 6 2 2 0 2 7 7 7
split_gain=468.075 712.638 391.512 89.5745 97.4935 199.579 47.4391 78.2083 59.9986 38.5189 32.6498 37.0654 28.288 26.2133 32.4833 18.8177 15.6446 15.293 10.9129 10.7393 16.4922 20.1687 10.4928 3.12772 2.24648
threshold=848.50000000000011 3.3050000000000002 0.37750000000000006 666.50000000000011 24.675000000000004 597.00000000000011 380.50000000000006 4.7650000000000006 67.485000000000014 0.75800000000000012 1.5000000000000002 81.500000000000014 0.51350000000000018 158.00000000000003 4.8850000000000007 32.405000000000008 61.165000000000006 2.2050000000000005 48.500000000000007 110.50000000000001 2.5000000000000004 222.50000000000003 64.800000000000011 72.585000000000008 72.140000000000015
decision_type=2 2 2 2 2 2 2 2 2 2 2 2 2 2 2 2 2 2 2 2 2 2 2 2 2
left_child=3 -2 -3 4 -1 6 9 8 -8 10 13 17 16 -6 22 -14 -13 -12 -19 -18 -21 23 -15 -22 -20
right_child=1 2 -4 -5 5 -7 7 -9 -10 -11 11 12 15 14 -16 -17 19 18 24 20 21 -23 -24 -25 -26
leaf_value=-0.086079904018599246 -0.1018137392543611 0.10145010638982058 0.41430450826883319 -0.11047237025235186 -0.084890674565791746 0.13576340022683145 -0.081564708594232802 0.082313484208924426 0.038092474029822784 -0.079968422651290894 -0.066148014298894192 0.035590293630957608 0.010133956084874544 0.023705706309527161 -0.066449709071977323 0.074816021371794786 -0.036428049455086396 -0.041094105870973681 0.0095803977478118169 0.025957618502748983 -0.020111383362249893 0.021396852195262911 -0.02166163939624452 -0.045727094424028808 -0.013547006888048991
leaf_weight=37 21 20 20 22 22 25 20 35 22 22 22 24 22 25 28 23 27 31 21 37 22 25 26 26 21
leaf_count=37 21 20 20 22 22 25 20 35 22 22 22 24 22 25 28 23 27 31 21 37 22 25 26 26 21
internal_value=0.00224652 0.134049 0.257877 -0.011497 -0.00762941 -0.00211103 -0.008991 0.0271131 -0.0188871 -0.0155476 -0.0120221 -0.00376794 0.0081472 -0.0366213 -0.0231791 0.0431937 -0.0016484 -0.029605 -0.018592 -0.00817196 -0.00123638 -0.0150196 0.000577256 -0.0339866 -0.0019833
internal_weight=646 61 40 585 563 526 501 77 42 424 402 301 206 101 79 45 161 95 73 137 110 73 51 48 42
internal_count=646 61 40 585 563 526 501 77 42 424 402 301 206 101 79 45 161 95 73 137 110 73 51 48 42
is_linear=0
shrinkage=0.05


Tree=85
num_leaves=25
num_cat=0
split_feature=4 4 1 2 3 2 2 2 3 5 4 4 4 7 3 4 7 7 3 6 7 7 3 7
split_gain=510.379 202.637 460.046 423.252 106.205 294.099 220.29 65.5758 123.917 61.1977 58.7243 49.8996 27.6678 27.9732 48.2044 43.5048 29.669 19.1566 14.3282 13.3473 29.3646 26.9867 7.04922 6.66327
threshold=0.78150000000000019 0.14250000000000002 1.0000000180025095e-35 1011.5000000000001 43.680000000000007 666.50000000000011 581.50000000000011 442.50000000000006 27.005000000000006 1.0000000180025095e-35 0.50600000000000012 0.63950000000000007 0.19900000000000004 67.305000000000021 25.315000000000005 0.37050000000000005 69.300000000000011 73.735000000000014 60.32500000000001 4.5050000000000008 77.220000000000013 77.975000000000009 57.245000000000005 68.230000000000004
decision_type=2 2 2 2 2 2 2 2 2 2 2 2 2 2 2 2 2 2 2 2 2 2 2 2
left_child=1 2 -1 4 5 7 9 11 -9 10 17 12 -3 14 -14 -16 -15 22 -19 20 -18 -21 -6 -4
right_child=-2 3 23 -5 6 -7 -8 8 -10 -11 -12 -13 13 16 15 -17 19 18 -20 21 -22 -23 -24 -25
leaf_value=-0.28266358131712138 0.23742257296329453 -0.073446659873361173 0.013853424264206774 0.20236913630117975 -0.04885048717260361 -0.20524375265972183 0.14512135236813078 -0.039129641215716091 0.094895417999257062 0.049023701155032871 -0.094915586645188552 -0.099928698744836522 0.074239188209176063 -0.080688096148272367 0.03094488729567578 -0.049600491702164476 -0.068581956715112732 0.041699186830709764 -0.014592421278357507 0.029671486436078948 0.0034710473524263274 -0.045309986751526594 -0.009667046957959731 -0.023404876342309373
leaf_weight=22 21 23 21 24 22 22 29 35 34 39 23 22 20 24 30 38 31 26 20 30 26 20 24 28
leaf_count=22 21 23 21 24 22 22 29 35 34 39 23 22 20 24 30 38 31 26 20 30 26 20 24 28
internal_value=-0.0050818 -0.013127 -0.0927185 -0.00307181 -0.0122365 -0.0281865 0.0187049 -0.016489 0.0269117 -0.0051008 -0.0234561 -0.0278324 -0.0212782 -0.0157993 0.00600354 -0.0140658 -0.0304455 -0.00559119 0.0172246 -0.0191762 -0.0357157 -0.000321103 -0.028407 -0.00743703
internal_weight=654 633 71 562 538 355 183 333 69 154 115 264 242 219 88 68 131 92 46 107 57 50 46 49
internal_count=654 633 71 562 538 355 183 333 69 154 115 264 242 219 88 68 131 92 46 107 57 50 46 49
is_linear=0
shrinkage=0.05


Tree=86
num_leaves=26
num_cat=0
split_feature=4 4 1 2 3 2 2 2 0 2 4 2 7 4 7 3 7 0 7 4 7 4 7 7 7
split_gain=460.617 182.88 415.191 381.985 95.8497 265.425 202.491 59.7727 131.39 79.569 43.6178 40.0189 38.2145 30.3873 32.9134 44.5539 25.0748 23.5933 18.2495 15.5365 15.9301 15.0443 8.61965 6.0136 1.54612
threshold=0.78150000000000019 0.14250000000000002 1.0000000180025095e-35 1011.5000000000001 43.680000000000007 666.50000000000011 333.50000000000006 393.50000000000006 1.0000000180025095e-35 535.00000000000011 0.63950000000000007 764.00000000000011 84.420000000000016 0.19900000000000004 67.360000000000014 26.000000000000004 79.500000000000014 2.5000000000000004 76.965000000000018 0.37350000000000005 71.195000000000007 0.36650000000000005 82.725000000000009 68.230000000000004 68.155000000000015
decision_type=2 2 2 2 2 2 2 2 2 2 2 2 2 2 2 2 2 2 2 2 2 2 2 2 2
left_child=1 2 -1 4 5 7 12 10 9 -9 13 -8 16 -3 15 -15 19 -17 21 24 -21 -16 -20 -4 -6
right_child=-2 3 23 -5 6 -7 11 8 -10 -11 -12 -13 -14 14 18 17 -18 -19 22 20 -22 -23 -24 -25 -26
leaf_value=-0.26853040240027687 0.2255514394669306 -0.078001730516552931 0.013160754731368452 0.19225066987176737 -0.026327513666315513 -0.19498157101598654 0.067722013158102834 0.031316833419574273 0.11932694800198079 -0.079298189057615306 -0.099291822500526913 0.16348734125494957 0.036117698438465594 0.06924788023937832 -0.07349632471574076 -0.050996601045131686 -0.07373564013025978 0.012988788700279067 0.010641963373368177 -0.021097331105367 0.03991747334599495 -0.02762593977356282 -0.031882352813739669 -0.0222346319650699 -0.045535864830017092
leaf_weight=22 21 22 21 24 22 22 24 37 24 29 20 20 32 22 33 25 22 34 26 23 20 39 22 28 20
leaf_count=22 21 22 21 24 22 22 24 37 24 29 20 20 32 22 33 25 22 34 26 23 20 39 22 28 20
internal_value=-0.00482771 -0.0124706 -0.0880826 -0.00291822 -0.0116246 -0.0267772 0.0177696 -0.0156646 0.0191436 -0.0172867 -0.0285565 0.111252 -0.0118218 -0.0222125 -0.0161062 0.00852046 -0.0261588 -0.0141237 -0.0327293 -0.0138448 0.00728165 -0.0486499 -0.00884835 -0.00706518 -0.0354743
internal_weight=654 633 71 562 538 355 183 333 90 66 243 44 139 223 201 81 107 59 120 85 43 72 48 49 42
internal_count=654 633 71 562 538 355 183 333 90 66 243 44 139 223 201 81 107 59 120 85 43 72 48 49 42
is_linear=0
shrinkage=0.05


Tree=87
num_leaves=27
num_cat=0
split_feature=4 4 2 2 3 2 2 2 3 4 2 2 4 5 6 4 4 3 2 6 6 4 0 4 6 4
split_gain=415.707 165.049 385.416 344.742 86.5044 239.546 182.748 55.864 104.874 41.0736 36.1171 22.7555 22.1782 21.5534 19.3039 11.2049 19.1045 17.1225 22.2763 14.4822 15.5322 20.6867 20.9315 10.5342 19.2623 0.036834
threshold=0.78150000000000019 0.14250000000000002 549.00000000000011 1011.5000000000001 43.680000000000007 666.50000000000011 333.50000000000006 442.50000000000006 27.005000000000006 0.63950000000000007 764.00000000000011 52.500000000000007 0.19900000000000004 1.0000000180025095e-35 4.3950000000000005 0.24650000000000002 0.29950000000000004 33.260000000000012 118.00000000000001 2.1650000000000005 3.7050000000000005 0.52650000000000008 2.5000000000000004 0.26850000000000007 3.5350000000000006 0.42050000000000004
decision_type=2 2 2 2 2 2 2 2 2 2 2 2 2 2 2 2 2 2 2 2 2 2 2 2 2 2
left_child=1 2 14 4 5 7 11 9 -9 12 -8 -6 -3 23 -1 -14 -17 18 -18 -20 -21 22 -22 -13 -25 -26
right_child=-2 3 -4 -5 6 -7 10 8 -10 -11 -12 13 15 -15 -16 16 17 -19 19 20 21 -23 -24 24 25 -27
leaf_value=-0.04604464779523286 0.21427386608861743 -0.066111888072412958 -0.26970535643398763 0.18263814126451811 -0.051510586722620905 -0.18523249219764362 0.064335914701223379 -0.035578571611217094 0.087719146688194846 -0.090761369805444372 0.15531297340989114 0.016012765888286675 0.014449363037068719 0.039794419929385184 0.016066203584316478 -0.059649590894579885 -0.047948311164975166 -0.047626835236261635 -0.031031919594692148 0.052261230833828456 0.050309349109347049 -0.040587667392101144 -0.015957018987021662 -0.059982933492764179 -0.0040752295032143596 -0.0010406798124313356
leaf_weight=22 21 23 20 24 28 22 24 35 34 22 20 23 29 25 29 25 25 29 23 20 26 20 22 23 20 20
leaf_count=22 21 23 20 24 28 22 24 35 34 22 20 23 29 25 29 25 25 29 23 20 26 20 22 23 20 20
internal_value=-0.00458632 -0.0118471 -0.0836784 -0.00277231 -0.0110434 -0.0254383 0.0168812 -0.0148814 0.0251768 -0.0253511 0.105689 -0.0112307 -0.0194047 -0.00107001 -0.0107267 -0.0144994 -0.0189179 -0.0127464 -0.00530869 0.00429483 0.013528 0.00213581 0.0199373 -0.0129492 -0.0235226 -0.00255795
internal_weight=654 633 71 562 538 355 183 333 69 264 44 139 242 111 51 219 190 165 136 111 88 68 48 86 63 40
internal_count=654 633 71 562 538 355 183 333 69 264 44 139 242 111 51 219 190 165 136 111 88 68 48 86 63 40
is_linear=0
shrinkage=0.05


Tree=88
num_leaves=27
num_cat=0
split_feature=4 2 4 1 2 7 2 2 0 2 1 2 7 3 4 7 7 3 3 7 2 4 7 7 4 2
split_gain=382.293 682.313 136.759 353.012 223.706 73.4996 88.7242 73.6381 212.313 58.3115 36.3485 18.824 19.939 24.1846 23.8283 21.1868 18.7569 15.5121 14.5119 10.4918 7.25671 6.44677 5.85732 5.71265 5.44653 4.45458
threshold=0.71750000000000014 212.50000000000003 0.14250000000000002 1.0000000180025095e-35 1011.5000000000001 53.085000000000008 654.00000000000011 395.00000000000006 1.0000000180025095e-35 535.00000000000011 1.0000000180025095e-35 81.500000000000014 65.940000000000012 29.610000000000003 0.38250000000000006 73.110000000000014 72.585000000000008 51.845000000000006 27.715000000000007 74.245000000000019 137.50000000000003 0.34950000000000003 79.38000000000001 68.230000000000004 0.40450000000000008 382.50000000000006
decision_type=2 2 2 2 2 2 2 2 2 2 2 2 2 2 2 2 2 2 2 2 2 2 2 2 2 2
left_child=2 -2 3 -1 5 25 7 10 9 -9 -7 17 21 15 19 -14 -16 -12 -17 -15 -21 -13 -18 -5 -19 -4
right_child=1 -3 4 23 -6 6 -8 8 -10 -11 11 12 13 14 16 18 22 24 -20 20 -22 -23 -24 -25 -26 -27
leaf_value=-0.24588265583257785 -0.05559824114399297 0.3524665405414999 0.035969112627208234 0.01492369482737212 0.1468951382714769 -0.081382506014779213 -0.091203339986110993 0.021714667038935605 0.14016048851711999 -0.075467592153441287 -0.077613398376852272 -0.0052070272357567504 -0.074326288121238607 -0.056679442673921589 0.055532805310074422 0.0096898481588472019 -0.021955192107707262 -0.011387513115488251 -0.04548681155563547 0.0089703305717557663 -0.033622831031680109 0.029276707520087559 0.016311359703540803 -0.019574650661421143 -0.043968837546265647 0.069340420253574855
leaf_weight=22 21 20 20 21 23 24 38 33 29 29 20 23 29 20 21 22 20 29 26 20 20 33 20 28 23 20
leaf_count=22 21 20 20 21 23 24 38 33 29 29 20 23 29 20 21 22 20 29 26 20 20 33 20 28 23 20
internal_value=-0.00435701 0.143458 -0.0142435 -0.0794945 -0.00569583 -0.012458 -0.0178954 -0.0115787 0.028491 -0.0237416 -0.0219968 -0.0176248 -0.011228 -0.0186781 -0.00473824 -0.0405837 0.0172674 -0.0401915 -0.0201975 -0.0271106 -0.0123263 0.0151137 -0.00282192 -0.00478965 -0.0257985 0.0526548
internal_weight=654 41 613 71 542 519 479 441 91 62 350 326 254 198 121 77 61 72 48 60 40 56 40 49 52 40
internal_count=654 41 613 71 542 519 479 441 91 62 350 326 254 198 121 77 61 72 48 60 40 56 40 49 52 40
is_linear=0
shrinkage=0.05


Tree=89
num_leaves=24
num_cat=0
split_feature=4 2 4 2 2 7 2 2 1 2 6 7 6 6 7 4 4 4 2 7 7 6 4
split_gain=345.02 615.787 123.425 327.548 201.895 66.3334 80.0736 67.1205 157.798 71.4616 61.431 24.5797 20.0308 34.1641 29.4135 29.51 23.8401 15.9949 16.4233 12.1696 41.3656 13.2014 11.5226
threshold=0.71750000000000014 212.50000000000003 0.14250000000000002 549.00000000000011 1011.5000000000001 53.085000000000008 654.00000000000011 418.50000000000006 1.0000000180025095e-35 535.00000000000011 3.6600000000000006 68.230000000000004 1.925 2.8600000000000008 83.300000000000011 0.53900000000000015 0.43950000000000006 0.19900000000000004 259.50000000000006 67.360000000000014 69.750000000000014 5.1000000000000005 0.36800000000000005
decision_type=2 2 2 2 2 2 2 2 2 2 2 2 2 2 2 2 2 2 2 2 2 2 2
left_child=2 -2 3 11 5 10 7 12 -9 -10 -4 -1 16 -14 15 17 -7 -15 19 22 -21 -22 -19
right_child=1 -3 4 -5 -6 6 -8 8 9 -11 -12 -13 13 14 -16 -17 -18 18 -20 20 21 -23 -24
leaf_value=0.031585669331252578 -0.052818328993661068 0.33484321191906929 0.11198524866253137 -0.24701354775577783 0.13955038047355156 -0.072349926208456358 -0.08664317432987062 0.131638379366352 0.043660224705934531 -0.071694211517300072 -0.011941192038357258 -0.038500666102105431 0.030820993016540246 -0.048880138350650672 -0.063792213137660703 -0.05481797026801169 -0.0087922930493950849 0.032917256018629784 0.03067159850470489 -0.083319050818681725 -0.025712883812957443 0.017618438849846523 -0.016465401223727635
leaf_weight=22 21 20 20 20 23 36 38 26 25 29 20 29 36 20 35 38 25 27 32 20 32 39 21
leaf_count=22 21 20 20 20 23 36 38 26 25 29 20 29 36 20 35 38 25 27 32 20 32 39 21
internal_value=-0.00413916 0.136285 -0.0135313 -0.0755198 -0.00541104 -0.0118351 -0.0170007 -0.0109997 0.0304371 -0.0182894 0.050022 -0.00826734 -0.0201824 -0.0148715 -0.0211023 -0.0145776 -0.0463017 -0.00657169 -0.00162334 -0.00905814 -0.019803 -0.00191117 0.0113123
internal_weight=654 41 613 71 542 519 479 441 80 54 40 51 361 300 264 229 61 191 171 139 91 71 48
internal_count=654 41 613 71 542 519 479 441 80 54 40 51 361 300 264 229 61 191 171 139 91 71 48
is_linear=0
shrinkage=0.05


Tree=90
num_leaves=24
num_cat=0
split_feature=2 4 6 3 5 3 4 6 1 6 7 4 4 4 3 0 7 7 7 0 4 4 4
split_gain=372.281 893.319 1030.31 183.73 37.108 80.0114 55.8841 53.1627 44.7916 77.0072 22.4326 22.2136 23.9821 18.6056 17.7472 13.8288 23.536 17.9338 25.4945 17.9097 14.4899 8.55589 4.88801
threshold=597.00000000000011 0.21450000000000002 6.4650000000000007 43.680000000000007 1.0000000180025095e-35 44.080000000000005 0.52450000000000008 4.7650000000000006 1.0000000180025095e-35 4.6000000000000005 71.745000000000019 0.60950000000000004 0.16900000000000004 0.13050000000000003 25.315000000000005 1.5000000000000002 69.300000000000011 70.600000000000009 73.00500000000001 2.5000000000000004 0.25050000000000006 0.33650000000000008 0.40000000000000008
decision_type=2 2 2 2 2 2 2 2 2 2 2 2 2 2 2 2 2 2 2 2 2 2 2
left_child=4 -2 3 -3 8 7 -7 10 9 -1 -6 12 13 -10 -14 16 -16 19 -19 -17 -20 -22 -23
right_child=1 2 -4 -5 5 6 -8 -9 11 -11 -12 -13 14 -15 15 17 -18 18 20 -21 21 22 -24
leaf_value=-0.12213825606382811 -0.21170830518007278 -0.011297147620368649 0.46451873420959428 0.15097778438392917 -0.085335519391557452 0.0099483857777985657 0.12141510764865771 0.033500925701810048 -0.013411745566286541 -0.0054557781486261276 -0.016913387421518565 -0.054170891890923181 0.034864621609449385 -0.070388890009211461 -0.05735648235241915 0.062766480352729567 0.011225663548843428 -0.059465446287677408 0.03928092431626283 0.0040397766876865077 -0.036586049236357214 0.021076323725283147 -0.012721688251780428
leaf_weight=26 20 37 21 33 23 22 23 32 38 31 25 27 32 23 29 20 22 21 20 37 20 20 23
leaf_count=26 20 37 21 33 23 22 23 32 38 31 25 27 32 23 29 20 22 21 20 37 20 20 23
internal_value=0.00781617 0.0908559 0.157353 0.0652039 -0.0101165 0.0135831 0.0669203 -0.016419 -0.0177321 -0.0586794 -0.049699 -0.010702 -0.00685392 -0.0348949 0.000156339 -0.00508265 -0.027772 0.00210467 -0.0102495 0.0246456 0.00220271 -0.00956815 0.00299832
internal_weight=625 111 91 70 514 125 45 80 389 57 48 332 305 61 244 212 51 161 104 57 83 63 43
internal_count=625 111 91 70 514 125 45 80 389 57 48 332 305 61 244 212 51 161 104 57 83 63 43
is_linear=0
shrinkage=0.05


Tree=91
num_leaves=24
num_cat=0
split_feature=2 4 6 7 5 4 2 1 6 7 4 4 4 7 4 4 7 7 4 2 2 4 7
split_gain=335.984 806.22 929.852 149.943 33.4899 61.2796 127.615 40.4244 69.499 27.0053 20.0478 21.6439 16.7915 14.2921 28.0751 24.2751 12.6301 11.6714 11.0503 18.965 24.8254 11.4617 10.8499
threshold=597.00000000000011 0.21450000000000002 6.4650000000000007 61.305000000000007 1.0000000180025095e-35 0.59000000000000008 135.50000000000003 1.0000000180025095e-35 4.6000000000000005 64.420000000000016 0.60950000000000004 0.16900000000000004 0.13050000000000003 67.360000000000014 0.34950000000000003 0.24350000000000002 72.215000000000018 60.780000000000008 0.28050000000000008 204.50000000000003 120.50000000000001 0.43200000000000005 78.195000000000007
decision_type=2 2 2 2 2 2 2 2 2 2 2 2 2 2 2 2 2 2 2 2 2 2 2
left_child=4 -2 3 -3 7 9 -7 8 -1 -6 11 12 -9 14 -13 -15 -11 -16 -17 20 21 -20 -22
right_child=1 2 -4 -5 5 6 -8 10 -10 16 -12 13 -14 15 17 18 -18 -19 19 -21 22 -23 -24
leaf_value=-0.1160313443495677 -0.20112289637327196 -0.0091731543756193579 0.44129279686936312 0.13724389429039816 -0.062393091290834403 -0.032083858762468609 0.1351098853381118 -0.012741158157587052 -0.0051829909304938011 0.029665414415873018 -0.051462348936884499 -0.014751153737306594 -0.066869446133141927 0.028403554789515006 0.020183903821522284 -0.050264850563623689 -0.017251142254099249 0.073554079565219574 -0.0010267442890575954 -0.046975068441991299 0.053297806087703938 -0.053915409129112961 0.0018401287868618965
leaf_weight=26 20 36 21 34 21 21 25 38 31 26 27 35 23 36 21 22 32 20 21 28 21 20 20
leaf_count=26 20 36 21 34 21 21 25 38 31 26 27 35 23 36 21 22 32 20 21 28 21 20 20
internal_value=0.00742536 0.0863131 0.149486 0.0619437 -0.0096107 0.012904 0.0587823 -0.0168455 -0.0557454 -0.01381 -0.0101669 -0.00651122 -0.0331502 0.000148521 0.0181402 -0.00799056 0.00378042 0.0462181 -0.0179162 -0.0114465 0.000685204 -0.0268261 0.0281965
internal_weight=625 111 91 70 514 125 46 389 57 79 332 305 61 244 76 168 58 41 132 110 82 41 41
internal_count=625 111 91 70 514 125 46 389 57 79 332 305 61 244 76 168 58 41 132 110 82 41 41
is_linear=0
shrinkage=0.05


Tree=92
num_leaves=23
num_cat=0
split_feature=4 4 7 7 6 1 7 6 0 6 3 7 7 7 7 7 4 5 4 6 7 6
split_gain=268.858 202.69 349.244 174.063 115.142 132.443 333.315 151.226 84.5007 52.7663 26.6667 24.9652 19.792 39.1606 30.612 29.3632 19.9035 20.2576 37.9475 26.574 18.9522 17.5256
threshold=0.7835000000000002 0.16900000000000004 59.185000000000009 49.255000000000003 0.91000000000000014 1.0000000180025095e-35 69.245000000000019 2.9050000000000007 1.5000000000000002 4.8850000000000007 44.080000000000005 57.260000000000005 61.00500000000001 63.655000000000008 67.360000000000014 68.77000000000001 0.24350000000000002 1.0000000180025095e-35 0.52450000000000008 4.785000000000001 79.500000000000014 3.0150000000000001
decision_type=2 2 2 2 2 2 2 2 2 2 2 2 2 2 2 2 2 2 2 2 2 2
left_child=1 2 -1 -3 8 6 7 -6 -5 -9 -4 -7 -13 -14 -15 -16 -17 19 -19 21 -21 -18
right_child=-2 3 10 4 5 11 -8 9 -10 -11 -12 12 13 14 15 16 17 18 -20 20 -22 -23
leaf_value=-0.23676383998245001 0.18741976443678143 0.13647867397025779 0.017261826065614036 -0.11815149001777173 -0.09916358582675458 -0.049208234925754372 0.24811684638261797 0.10648438155651092 0.0005222192406654358 0.012705998222033183 -0.049229163128882647 0.048353608606545175 -0.0673290980886668 0.046136487979823969 -0.052934505000710487 0.042088693243761861 -0.0056950051647921413 -0.021877434968948367 0.062182546162913591 0.030850149198484264 -0.027463707124645062 -0.061849007168502529
leaf_weight=23 20 27 38 30 20 24 20 30 30 30 25 23 20 39 25 30 24 25 29 38 22 33
leaf_count=23 20 27 38 30 20 24 20 30 30 30 25 23 20 39 25 30 24 25 29 38 22 33
internal_value=0.00705409 0.00109159 -0.070004 0.0128724 0.0060891 0.0151035 0.0655478 0.0199055 -0.0588146 0.0595952 -0.00912349 -9.05442e-05 0.00373681 0.000136154 0.00522787 -0.00183158 0.00452451 -0.0020657 0.0232659 -0.0137572 0.0094684 -0.0382052
internal_weight=625 605 86 519 492 432 100 80 60 60 63 332 308 285 265 226 201 171 54 117 60 57
internal_count=625 605 86 519 492 432 100 80 60 60 63 332 308 285 265 226 201 171 54 117 60 57
is_linear=0
shrinkage=0.05


Tree=93
num_leaves=25
num_cat=0
split_feature=4 4 7 3 7 4 4 6 3 6 4 0 4 6 7 4 7 7 7 7 0 3 4 6
split_gain=242.644 182.928 315.192 165.773 366.096 117.469 137.55 67.5095 44.7915 37.6588 55.0734 94.2458 37.3686 25.4096 20.6075 48.4258 38.0282 91.823 60.8482 30.3388 26.2739 16.8892 16.859 8.10548
threshold=0.7835000000000002 0.16900000000000004 59.185000000000009 42.525000000000013 53.605000000000011 0.61050000000000015 0.52950000000000019 2.8050000000000002 32.405000000000008 0.85000000000000009 0.32850000000000007 1.5000000000000002 0.26600000000000007 6.1700000000000008 57.655000000000008 0.58300000000000007 62.920000000000009 66.375000000000014 69.300000000000011 79.585000000000022 2.5000000000000004 60.32500000000001 0.40450000000000008 3.8950000000000005
decision_type=2 2 2 2 2 2 2 2 2 2 2 2 2 2 2 2 2 2 2 2 2 2 2 2
left_child=1 2 -1 7 -5 6 9 8 22 -6 12 -12 -11 23 -9 16 -16 -18 -19 20 -20 -13 -3 -4
right_child=-2 3 13 4 5 -7 -8 14 -10 10 11 21 -14 -15 15 -17 17 18 19 -21 -22 -23 -24 -25
leaf_value=-0.22492565023510355 0.17804877679795028 -0.057131917634978893 -0.009251122120767832 0.23417942932118541 -0.037085618522195593 0.12675341077459354 -0.11458563957363369 -0.029709180645071543 -0.1107355034486814 0.036670179710243687 0.14575985570748648 -0.0083930470049381253 -0.041862857288547925 -0.053574244039399289 -0.053205192900661918 0.072084502875804909 0.10140147523792542 -0.078796641156077388 0.077752050473576501 -0.032300503879785537 0.0043161654331046965 0.053562172840942036 -0.0054015051573514938 0.034729129397733642
leaf_weight=23 20 28 20 23 21 24 20 39 22 33 24 22 28 21 28 27 23 24 21 25 29 22 36 22
leaf_count=23 20 28 20 23 21 24 20 39 22 33 24 22 28 21 28 27 23 24 21 25 29 22 36 22
internal_value=0.00670139 0.00103701 -0.0665038 0.0122288 0.045565 0.0232035 0.00858472 -0.0117248 -0.0491899 0.0250074 0.0351156 0.0660582 0.000622228 -0.00866731 0.00319186 0.0104412 -0.000654544 0.0114063 -0.00950172 0.0126727 0.0351592 0.0225846 -0.0280336 0.0137862
internal_weight=625 605 86 519 217 194 170 302 86 150 129 68 61 63 216 177 150 122 99 75 50 44 64 42
internal_count=625 605 86 519 217 194 170 302 86 150 129 68 61 63 216 177 150 122 99 75 50 44 64 42
is_linear=0
shrinkage=0.05


Tree=94
num_leaves=25
num_cat=0
split_feature=2 4 2 3 2 7 2 3 1 2 2 2 4 2 4 4 4 7 4 0 4 2 2 4
split_gain=285.482 658.765 556.507 360.408 159.382 27.4362 40.1031 96.1785 35.4896 43.288 36.608 28.3868 33.1818 33.4008 37.0587 33.8462 25.8309 18.2417 26.8804 14.2815 11.5165 11.0045 15.7989 8.9762
threshold=597.00000000000011 0.21450000000000002 1017.5000000000001 44.080000000000005 654.00000000000011 73.00500000000001 131.50000000000003 43.680000000000007 1.0000000180025095e-35 418.50000000000006 286.00000000000006 484.00000000000006 0.63250000000000017 374.50000000000006 0.35150000000000003 0.44550000000000006 0.49000000000000005 79.700000000000003 0.43350000000000005 1.5000000000000002 0.24350000000000002 74.500000000000014 135.50000000000003 0.37550000000000006
decision_type=2 2 2 2 2 2 2 2 2 2 2 2 2 2 2 2 2 2 2 2 2 2 2 2
left_child=5 -2 3 4 -3 8 17 20 9 10 -1 12 13 14 19 -16 -17 -7 -19 -10 -8 -21 -23 -22
right_child=1 2 -4 -5 -6 6 7 -9 11 -11 -12 -13 -14 -15 15 16 -18 18 -20 21 23 22 -24 -25
leaf_value=-0.072300366126000881 -0.18074024260044097 0.08718843013048172 0.34879400562090068 0.22528826710970506 -0.10218146228790284 0.0091006301188220583 0.032067456748336554 0.11229719994217158 -0.056091956302523616 -0.10823939347809011 0.019292940199375153 0.045850825735500887 -0.073282005993480046 -0.068621973320841786 0.058483126309389871 -0.045872906866398729 0.023658829565872164 -0.0092097932144122978 -0.081158037980397557 -0.039375166915357113 -0.037057466195388272 0.034174747339316774 -0.023196330230816135 0.0037001056942556586
leaf_weight=20 20 20 23 23 25 36 20 25 25 22 24 21 22 21 36 22 34 34 21 25 22 21 28 35
leaf_count=20 20 20 23 23 25 36 20 25 25 22 24 21 22 21 36 22 34 34 21 25 22 21 28 35
internal_value=0.00636632 0.079084 0.136188 0.0642774 -0.0180171 -0.00933729 0.00556057 0.0270884 -0.0182946 -0.0509734 -0.0223404 -0.00983653 -0.0148341 -0.00876877 -0.00218805 0.0206586 -0.00365721 -0.0185696 -0.0366809 -0.0234192 -0.000576772 -0.0123812 0.00139127 -0.0120309
internal_weight=625 111 91 68 45 514 193 102 321 66 44 255 234 212 191 92 56 91 55 99 77 74 49 57
internal_count=625 111 91 68 45 514 193 102 321 66 44 255 234 212 191 92 56 91 55 99 77 74 49 57
is_linear=0
shrinkage=0.05


Tree=95
num_leaves=25
num_cat=0
split_feature=4 6 2 4 2 2 4 2 1 2 2 4 6 4 4 6 2 6 4 4 6 6 2 2
split_gain=216.169 166.58 113.561 94.3185 188.508 88.8631 75.7703 69.7069 104.111 232.381 129.236 30.2217 14.6486 24.0998 18.8198 18.1267 33.6422 22.2686 17.8517 16.8732 14.0975 13.3353 15.7241 6.68938
threshold=0.78150000000000019 0.48500000000000004 382.50000000000006 0.10700000000000001 848.50000000000011 188.50000000000003 0.46000000000000008 666.50000000000011 1.0000000180025095e-35 442.50000000000006 553.00000000000011 0.63650000000000018 4.035000000000001 0.23150000000000004 0.23650000000000002 4.8850000000000007 296.50000000000006 5.4450000000000012 0.34750000000000003 0.30150000000000005 7.7100000000000009 2.0450000000000004 131.50000000000003 141.50000000000003
decision_type=2 2 2 2 2 2 2 2 2 2 2 2 2 2 2 2 2 2 2 2 2 2 2 2
left_child=1 2 -1 5 7 -3 -6 8 9 -5 11 12 14 23 -10 -15 17 -17 -19 -16 -20 -21 -23 -14
right_child=-2 3 -4 4 6 -7 -8 -9 10 -11 -12 -13 13 15 19 16 -18 18 20 21 -22 22 -24 -25
leaf_value=-0.037215696799103172 0.15316474713119013 -0.0034956294821486588 -0.18909447930753231 -0.022733305335829134 0.15262015053519495 -0.15076010250664695 0.029122492152711621 -0.087439204454421993 0.048208122711818353 0.16911287594724586 -0.12907647758044979 -0.053459540206200355 -0.020129113793373107 -0.036689035494678786 -0.038613919103518135 0.037112390829457179 0.065737296002251769 0.013096937560476363 -0.053082882184676376 -0.022386008110784353 -0.0027194554102607073 -0.0050714802263038504 0.044308874511012911 -0.059282443610330429
leaf_weight=32 21 21 20 38 27 20 23 25 29 27 22 29 20 28 20 27 21 36 33 21 24 28 38 24
leaf_count=32 21 21 20 38 27 20 23 25 29 27 22 29 20 28 20 27 21 36 33 21 24 28 38 24
internal_value=-0.00465818 -0.00989401 -0.0956306 -0.00222051 0.00333054 -0.075332 0.0958112 -0.00610626 -0.00173352 0.0569566 -0.0112707 -0.00441425 -0.000338859 -0.00852417 0.0124808 5.74703e-05 0.00735465 -0.00286231 -0.0144679 0.00279768 -0.0318772 0.0123176 0.0233596 -0.0414855
internal_weight=654 633 52 581 540 41 50 490 465 65 400 378 349 213 136 169 141 120 93 107 57 87 66 44
internal_count=654 633 52 581 540 41 50 490 465 65 400 378 349 213 136 169 141 120 93 107 57 87 66 44
is_linear=0
shrinkage=0.05


Tree=96
num_leaves=24
num_cat=0
split_feature=4 6 2 8 4 3 5 2 4 4 2 2 2 2 4 6 6 3 2 2 6 2 3
split_gain=195.093 150.339 102.489 90.7612 90.1885 76.3219 151.832 259.467 99.9093 85.2898 66.2403 44.7618 76.7586 31.1899 24.539 19.9231 41.1959 18.6365 21.2859 8.25486 8.92284 12.4443 8.53231
threshold=0.78150000000000019 0.48500000000000004 382.50000000000006 1.0000000180025095e-35 0.10700000000000001 42.525000000000013 1.0000000180025095e-35 333.50000000000006 0.63250000000000017 0.21150000000000002 187.50000000000003 539.50000000000011 633.00000000000011 569.00000000000011 0.57450000000000012 3.8200000000000003 6.3350000000000009 33.260000000000012 118.00000000000001 339.50000000000006 5.2550000000000008 171.50000000000003 29.610000000000003
decision_type=2 2 2 2 2 2 2 2 2 2 2 2 2 2 2 2 2 2 2 2 2 2 2
left_child=1 2 -1 4 10 8 9 -8 11 -7 -3 14 -13 15 17 -11 -17 18 -6 20 22 -22 -20
right_child=-2 3 -4 -5 5 6 7 -9 -10 13 -12 12 -14 -15 -16 16 -18 -19 19 -21 21 -23 -24
leaf_value=-0.035354912569164301 0.1455065079033375 -0.015254663843661549 -0.17963975302875043 0.072593859308644357 -0.04098925372516668 0.070908732265234004 0.0066171270710500803 0.23144047153847561 -0.1225741442825113 -0.041516246857742467 -0.14394061414524914 -0.12192578681490639 0.0101542262529785 -0.068598366503057812 0.048089243066699615 0.05186291321712945 -0.033906554723424569 -0.040822085913157828 -0.0018165684359915117 0.027721375244594105 0.018135668022469395 -0.029605105444072535 0.036662080124020578
leaf_weight=32 21 20 20 38 27 30 33 21 21 30 20 22 22 29 23 28 28 33 34 37 21 39 25
leaf_count=32 21 20 20 38 27 30 33 21 21 30 20 22 22 29 23 28 28 33 34 37 21 39 25
internal_value=-0.00442527 -0.00939931 -0.0908491 -0.00210949 -0.00733735 -0.001591 0.0224815 0.0940484 -0.017349 -0.00417103 -0.0795976 -0.00954075 -0.0558858 -0.0237571 -0.00100861 -0.00863616 0.00897818 -0.00623662 1.07245e-07 0.00709442 0.000680997 -0.0128958 0.0144879
internal_weight=654 633 52 581 543 503 199 54 304 145 40 283 44 115 239 86 56 216 183 156 119 60 59
internal_count=654 633 52 581 543 503 199 54 304 145 40 283 44 115 239 86 56 216 183 156 119 60 59
is_linear=0
shrinkage=0.05


end of trees

feature_importances:
planned_quantity=716
ground_softness=507
avg_load_pct=275
slope_deg=267
baseline_cycle_time_sec=262
rain=124
task_type=104
machine_type=36
is_night=8

parameters:
[boosting: gbdt]
[objective: regression]
[metric: l1]
[tree_learner: serial]
[device_type: cpu]
[data_sample_strategy: bagging]
[data: ]
[valid: ]
[num_iterations: 500]
[learning_rate: 0.05]
[num_leaves: 31]
[num_threads: 0]
[seed: 0]
[deterministic: 0]
[force_col_wise: 0]
[force_row_wise: 0]
[histogram_pool_size: -1]
[max_depth: -1]
[min_data_in_leaf: 20]
[min_sum_hessian_in_leaf: 0.001]
[bagging_fraction: 0.8]
[pos_bagging_fraction: 1]
[neg_bagging_fraction: 1]
[bagging_freq: 5]
[bagging_seed: 3]
[bagging_by_query: 0]
[feature_fraction: 0.9]
[feature_fraction_bynode: 1]
[feature_fraction_seed: 2]
[extra_trees: 0]
[extra_seed: 6]
[early_stopping_round: 0]
[early_stopping_min_delta: 0]
[first_metric_only: 0]
[max_delta_step: 0]
[lambda_l1: 0]
[lambda_l2: 0]
[linear_lambda: 0]
[min_gain_to_split: 0]
[drop_rate: 0.1]
[max_drop: 50]
[skip_drop: 0.5]
[xgboost_dart_mode: 0]
[uniform_drop: 0]
[drop_seed: 4]
[top_rate: 0.2]
[other_rate: 0.1]
[min_data_per_group: 100]
[max_cat_threshold: 32]
[cat_l2: 10]
[cat_smooth: 10]
[max_cat_to_onehot: 4]
[top_k: 20]
[monotone_constraints: ]
[monotone_constraints_method: basic]
[monotone_penalty: 0]
[feature_contri: ]
[forcedsplits_filename: ]
[refit_decay_rate: 0.9]
[cegb_tradeoff: 1]
[cegb_penalty_split: 0]
[cegb_penalty_feature_lazy: ]
[cegb_penalty_feature_coupled: ]
[path_smooth: 0]
[interaction_constraints: ]
[verbosity: -1]
[saved_feature_importance_type: 0]
[use_quantized_grad: 0]
[num_grad_quant_bins: 4]
[quant_train_renew_leaf: 0]
[stochastic_rounding: 1]
[linear_tree: 0]
[max_bin: 255]
[max_bin_by_feature: ]
[min_data_in_bin: 3]
[bin_construct_sample_cnt: 200000]
[data_random_seed: 1]
[is_enable_sparse: 1]
[enable_bundle: 1]
[use_missing: 1]
[zero_as_missing: 0]
[feature_pre_filter: 1]
[pre_partition: 0]
[two_round: 0]
[header: 0]
[label_column: ]
[weight_column: ]
[group_column: ]
[ignore_column: ]
[categorical_feature: ]
[forcedbins_filename: ]
[precise_float_parser: 0]
[parser_config_file: ]
[objective_seed: 5]
[num_class: 1]
[is_unbalance: 0]
[scale_pos_weight: 1]
[sigmoid: 1]
[boost_from_average: 1]
[reg_sqrt: 0]
[alpha: 0.9]
[fair_c: 1]
[poisson_max_delta_step: 0.7]
[tweedie_variance_power: 1.5]
[lambdarank_truncation_level: 30]
[lambdarank_norm: 1]
[label_gain: ]
[lambdarank_position_bias_regularization: 0]
[eval_at: ]
[multi_error_top_k: 1]
[auc_mu_weights: ]
[num_machines: 1]
[local_listen_port: 12400]
[time_out: 120]
[machine_list_filename: ]
[machines: ]
[gpu_platform_id: -1]
[gpu_device_id: -1]
[gpu_device_id_list: ]
[gpu_use_dp: 0]
[num_gpu: 1]

end of parameters

pandas_categorical:null
