task_id,task_type,machine_id,machine_type,operator_id,scheduled_start,scheduled_end,start_time,end_time,actual_duration_min,planned_quantity,quantity_done,progress_pct,cycle_time_sec,cycles_completed,ground_softness,rain,slope_deg,avg_load_pct,is_night,idle_min,fuel_used_l
T00001,DIG,EXC001,EXCAVATOR,OP005,2026-01-08 09:15:00,2026-01-08 10:30:00,2026-01-08 09:13:36,2026-01-08 09:44:33,30.95,184,166,90.2,41.76,24,0.636,1,5.08,48.4,0,16.97,105.11
T00002,DIG,EXC002,EXCAVATOR,OP001,2026-01-01 07:15:00,2026-01-01 08:30:00,2026-01-01 07:07:31,2026-01-01 07:38:19,30.81,318,302,95.0,31.4,35,0.21,0,2.99,56.69,0,11.47,115.05
T00003,DIG,EXC001,EXCAVATOR,OP007,2026-01-08 13:30:00,2026-01-08 14:45:00,2026-01-08 13:29:34,2026-01-08 13:42:02,12.48,86,73,84.9,36.36,10,0.068,0,6.78,81.56,0,6.51,43.2
T00004,LIFT,EXC002,EXCAVATOR,OP006,2026-01-09 08:15:00,2026-01-09 09:55:00,2026-01-09 08:23:55,2026-01-09 09:03:35,39.66,106,106,100.0,106.89,15,0.78,1,4.33,76.92,0,12.94,215.21
T00005,GRADE,DOZ001,DOZER,OP006,2026-01-28 11:30:00,2026-01-28 13:30:00,2026-01-28 11:21:34,2026-01-28 11:55:14,33.66,238,202,84.9,57.42,27,0.34,0,7.06,63.29,0,5.94,162.05
T00006,DIG,EXC002,EXCAVATOR,OP002,2026-01-18 10:30:00,2026-01-18 11:45:00,2026-01-18 10:32:05,2026-01-18 11:04:55,32.82,276,235,85.1,32.71,32,0.324,1,3.68,53.85,0,17.3,120.57
T00007,DIG,EXC001,EXCAVATOR,OP005,2026-01-03 09:00:00,2026-01-03 10:15:00,2026-01-03 08:57:41,2026-01-03 09:31:47,34.1,469,469,100.0,29.76,53,0.376,0,1.5,58.07,0,7.82,163.76
T00008,LOAD,LOD001,LOADER,OP006,2026-01-12 09:30:00,2026-01-12 10:50:00,2026-01-12 09:30:55,2026-01-12 09:54:38,23.71,219,120,54.8,36.6,24,0.336,0,4.48,64.25,0,8.91,102.12
T00009,DIG,EXC001,EXCAVATOR,OP004,2026-01-06 13:45:00,2026-01-06 15:00:00,2026-01-06 13:35:36,2026-01-06 14:01:54,26.3,356,160,44.9,32.03,40,0.175,0,0.16,68.69,0,7.62,149.71
T00010,LIFT,EXC002,EXCAVATOR,OP001,2026-01-08 06:30:00,2026-01-08 08:10:00,2026-01-08 06:39:22,2026-01-08 07:08:48,29.42,122,122,100.0,91.79,13,0.313,0,6.06,89.64,1,9.53,176.7
T00011,LIFT,EXC002,EXCAVATOR,OP004,2026-01-21 13:45:00,2026-01-21 15:25:00,2026-01-21 13:30:42,2026-01-21 14:03:33,32.85,137,137,100.0,92.71,15,0.26,0,6.23,88.17,0,9.67,192.25
T00012,LIFT,EXC001,EXCAVATOR,OP005,2026-01-24 15:45:00,2026-01-24 17:25:00,2026-01-24 15:35:12,2026-01-24 16:03:34,28.36,122,122,100.0,76.35,14,0.531,0,1.33,80.24,0,10.55,145.91
T00013,LIFT,EXC002,EXCAVATOR,OP002,2026-01-25 06:00:00,2026-01-25 07:40:00,2026-01-25 05:58:30,2026-01-25 06:15:43,17.22,59,53,89.8,93.12,7,0.278,0,12.16,76.94,1,6.2,94.35
T00014,GRADE,DOZ001,DOZER,OP007,2026-01-13 15:45:00,2026-01-13 17:45:00,2026-01-13 15:45:36,2026-01-13 17:46:39,121.04,664,299,45.0,77.44,81,0.662,1,0.26,67.1,0,16.14,666.58
T00015,DIG,EXC001,EXCAVATOR,OP005,2026-01-25 16:30:00,2026-01-25 17:45:00,2026-01-25 16:32:47,2026-01-25 17:00:47,28.01,194,194,100.0,41.58,22,0.344,0,5.94,73.14,0,12.76,110.79
T00016,LIFT,EXC002,EXCAVATOR,OP001,2026-01-24 17:30:00,2026-01-24 19:10:00,2026-01-24 17:25:58,2026-01-24 18:10:00,44.02,148,111,75.0,94.43,18,0.6,1,3.84,58.12,0,13.82,207.74
T00017,DIG,EXC002,EXCAVATOR,OP004,2026-01-05 11:15:00,2026-01-05 12:30:00,2026-01-05 11:09:39,2026-01-05 12:29:02,79.37,632,284,44.9,50.0,74,0.631,1,11.19,86.43,0,14.72,445.15
T00018,DIG,EXC002,EXCAVATOR,OP008,2026-01-01 07:30:00,2026-01-01 08:45:00,2026-01-01 07:42:23,2026-01-01 08:26:30,44.13,394,394,100.0,36.71,45,0.175,1,6.92,71.18,0,16.59,203.15
T00019,LIFT,EXC001,EXCAVATOR,OP002,2026-01-24 13:00:00,2026-01-24 14:40:00,2026-01-24 13:19:35,2026-01-24 13:49:45,30.16,156,117,75.0,80.14,18,0.231,1,5.74,83.75,0,7.16,195.84
T00020,LIFT,EXC002,EXCAVATOR,OP003,2026-01-09 14:45:00,2026-01-09 16:25:00,2026-01-09 15:00:21,2026-01-09 15:19:56,19.58,74,41,55.4,71.83,8,0.125,0,3.2,80.05,0,8.75,76.56
T00021,LIFT,EXC002,EXCAVATOR,OP007,2026-01-22 16:30:00,2026-01-22 18:10:00,2026-01-22 16:40:47,2026-01-22 17:03:05,22.29,132,73,55.3,74.78,15,0.106,0,5.29,69.77,0,3.18,152.78
T00022,GRADE,DOZ001,DOZER,OP004,2026-01-08 07:30:00,2026-01-08 09:30:00,2026-01-08 07:24:43,2026-01-08 08:05:19,40.6,193,174,90.2,63.07,24,0.457,0,6.95,42.12,0,13.37,148.72
T00023,LIFT,EXC001,EXCAVATOR,OP001,2026-01-03 17:00:00,2026-01-03 18:40:00,2026-01-03 16:38:29,2026-01-03 16:59:24,20.91,78,78,100.0,78.01,9,0.236,0,6.41,72.9,0,9.21,99.41
T00024,DIG,EXC002,EXCAVATOR,OP002,2026-01-17 09:30:00,2026-01-17 10:45:00,2026-01-17 09:39:38,2026-01-17 10:21:38,42.0,577,577,100.0,31.13,64,0.166,0,6.72,67.88,0,8.79,213.94
T00025,LIFT,EXC002,EXCAVATOR,OP004,2026-01-26 13:45:00,2026-01-26 15:25:00,2026-01-26 13:20:33,2026-01-26 13:38:32,17.99,68,68,100.0,76.56,8,0.283,0,3.18,78.32,0,7.78,85.93
T00026,GRADE,DOZ001,DOZER,OP007,2026-01-14 13:00:00,2026-01-14 15:00:00,2026-01-14 12:49:52,2026-01-14 13:47:30,57.63,351,351,100.0,65.4,43,0.563,0,1.69,63.23,0,10.76,266.82
T00027,LOAD,LOD001,LOADER,OP004,2026-01-07 09:45:00,2026-01-07 11:05:00,2026-01-07 10:10:50,2026-01-07 10:26:13,15.39,75,71,94.7,40.55,9,0.229,0,5.13,72.13,0,9.02,48.96
T00028,LOAD,LOD001,LOADER,OP004,2026-01-28 07:45:00,2026-01-28 09:05:00,2026-01-28 07:49:20,2026-01-28 08:16:41,27.35,246,160,65.0,45.81,28,0.215,0,7.23,70.42,0,4.07,143.58
T00029,DIG,EXC001,EXCAVATOR,OP001,2026-01-03 09:15:00,2026-01-03 10:30:00,2026-01-03 09:13:37,2026-01-03 09:51:38,38.02,496,471,95.0,32.32,54,0.311,0,0.8,86.31,0,7.18,217.77
T00030,LIFT,EXC002,EXCAVATOR,OP001,2026-01-06 12:00:00,2026-01-06 13:40:00,2026-01-06 12:06:10,2026-01-06 12:31:22,25.2,119,119,100.0,89.82,14,0.53,0,4.34,91.16,0,4.24,183.75
T00031,GRADE,DOZ001,DOZER,OP007,2026-01-23 17:45:00,2026-01-23 19:45:00,2026-01-23 17:32:45,2026-01-23 19:10:54,98.15,467,467,100.0,84.0,57,0.769,1,8.84,61.16,0,18.35,511.04
T00032,LIFT,EXC001,EXCAVATOR,OP001,2026-01-24 11:00:00,2026-01-24 12:40:00,2026-01-24 11:16:00,2026-01-24 11:35:34,19.56,32,29,90.6,91.4,4,0.323,1,8.33,58.69,0,13.81,50.33
T00033,LIFT,EXC001,EXCAVATOR,OP002,2026-01-28 08:00:00,2026-01-28 09:40:00,2026-01-28 08:04:23,2026-01-28 08:18:08,13.75,37,33,89.2,74.46,5,0.438,0,0.0,75.44,0,8.61,53.56
T00034,LIFT,EXC002,EXCAVATOR,OP002,2026-01-29 15:15:00,2026-01-29 16:55:00,2026-01-29 15:12:42,2026-01-29 15:23:10,10.47,30,27,90.0,65.05,4,0.134,0,3.69,71.53,0,7.25,35.39
T00035,GRADE,DOZ001,DOZER,OP005,2026-01-07 16:30:00,2026-01-07 18:30:00,2026-01-07 16:23:25,2026-01-07 17:52:31,89.09,638,638,100.0,59.16,79,0.686,0,2.54,62.14,0,11.19,478.54
T00036,LIFT,EXC002,EXCAVATOR,OP008,2026-01-11 07:00:00,2026-01-11 08:40:00,2026-01-11 07:02:26,2026-01-11 07:36:54,34.46,137,123,89.8,102.72,15,0.288,0,8.33,81.77,0,9.87,203.51
T00037,DIG,EXC001,EXCAVATOR,OP004,2026-01-17 10:15:00,2026-01-17 11:30:00,2026-01-17 10:02:33,2026-01-17 11:02:17,59.73,437,284,65.0,50.0,51,0.5,1,9.22,76.82,0,15.54,281.17
T00038,LIFT,EXC002,EXCAVATOR,OP005,2026-01-06 13:30:00,2026-01-06 15:10:00,2026-01-06 13:24:09,2026-01-06 13:50:36,26.46,155,155,100.0,65.47,17,0.181,0,0.83,76.28,0,7.91,149.32
T00039,LOAD,LOD001,LOADER,OP003,2026-01-09 07:00:00,2026-01-09 08:20:00,2026-01-09 07:01:11,2026-01-09 07:35:19,34.13,230,218,94.8,47.23,27,0.481,1,5.26,71.5,0,12.41,163.52
T00040,LOAD,LOD001,LOADER,OP004,2026-01-23 11:15:00,2026-01-23 12:35:00,2026-01-23 11:18:12,2026-01-23 11:43:41,25.48,215,194,90.2,41.84,27,0.34,0,2.37,74.8,0,8.34,135.21
T00041,LOAD,LOD001,LOADER,OP005,2026-01-29 06:00:00,2026-01-29 07:20:00,2026-01-29 06:02:02,2026-01-29 06:41:21,39.32,202,192,95.0,60.0,26,0.945,1,2.81,79.6,1,15.4,222.1
T00042,LOAD,LOD001,LOADER,OP001,2026-01-11 08:30:00,2026-01-11 09:50:00,2026-01-11 08:54:54,2026-01-11 09:08:35,13.69,81,69,85.2,40.09,10,0.33,0,4.06,75.38,0,6.44,52.53
T00043,GRADE,DOZ001,DOZER,OP002,2026-01-03 17:15:00,2026-01-03 19:15:00,2026-01-03 17:25:42,2026-01-03 17:57:14,31.54,223,145,65.0,53.12,26,0.505,0,2.61,37.7,0,9.94,123.55
T00044,LIFT,EXC002,EXCAVATOR,OP003,2026-01-02 10:30:00,2026-01-02 12:10:00,2026-01-02 10:19:43,2026-01-02 10:33:52,14.15,30,16,53.3,96.97,4,0.551,0,7.7,82.33,0,8.55,59.44
T00045,LIFT,EXC001,EXCAVATOR,OP002,2026-01-12 14:45:00,2026-01-12 16:25:00,2026-01-12 14:25:24,2026-01-12 14:49:35,24.18,59,32,54.2,80.44,7,0.396,0,8.1,71.55,0,14.35,83.7
T00046,LIFT,EXC001,EXCAVATOR,OP003,2026-01-29 12:00:00,2026-01-29 13:40:00,2026-01-29 12:08:42,2026-01-29 12:35:09,26.45,65,55,84.6,114.25,9,0.633,0,8.69,78.8,0,7.95,144.15
T00047,LOAD,LOD001,LOADER,OP004,2026-01-09 08:00:00,2026-01-09 09:20:00,2026-01-09 08:30:27,2026-01-09 08:51:02,20.58,137,89,65.0,44.6,16,0.376,0,0.74,90.87,0,7.22,99.97
T00048,GRADE,DOZ001,DOZER,OP004,2026-01-27 13:30:00,2026-01-27 15:30:00,2026-01-27 13:26:52,2026-01-27 15:47:22,140.51,775,581,75.0,73.07,99,0.556,1,3.3,68.52,0,16.19,697.69
T00049,LIFT,EXC001,EXCAVATOR,OP001,2026-01-22 09:45:00,2026-01-22 11:25:00,2026-01-22 09:45:00,2026-01-22 10:05:51,20.85,104,104,100.0,79.65,11,0.166,0,3.85,82.96,0,6.25,118.97
T00050,DIG,EXC002,EXCAVATOR,OP006,2026-01-21 14:45:00,2026-01-21 16:00:00,2026-01-21 14:13:05,2026-01-21 14:55:17,42.21,629,629,100.0,31.81,72,0.349,0,4.43,62.26,0,4.03,253.21
T00051,DIG,EXC001,EXCAVATOR,OP005,2026-01-06 15:30:00,2026-01-06 16:45:00,2026-01-06 15:41:13,2026-01-06 16:01:58,20.75,119,119,100.0,31.81,13,0.306,1,4.08,73.28,0,13.86,51.39
T00052,GRADE,DOZ001,DOZER,OP006,2026-01-14 15:00:00,2026-01-14 17:00:00,2026-01-14 15:05:19,2026-01-14 17:11:58,126.65,938,516,55.0,64.79,114,0.709,1,2.46,54.75,0,13.27,725.08
T00053,LIFT,EXC002,EXCAVATOR,OP001,2026-01-23 12:00:00,2026-01-23 13:40:00,2026-01-23 12:14:57,2026-01-23 12:45:36,30.65,153,84,54.9,69.29,17,0.176,0,0.0,93.65,0,10.87,164.33
T00054,LIFT,EXC002,EXCAVATOR,OP007,2026-01-03 16:30:00,2026-01-03 18:10:00,2026-01-03 16:38:04,2026-01-03 17:06:16,28.21,100,90,90.0,87.65,11,0.245,1,4.23,85.72,0,14.14,154.56
T00055,DIG,EXC002,EXCAVATOR,OP005,2026-01-22 12:30:00,2026-01-22 13:45:00,2026-01-22 12:33:04,2026-01-22 13:12:08,39.07,492,418,85.0,28.2,54,0.269,0,2.99,60.22,0,11.97,151.15
T00056,LIFT,EXC001,EXCAVATOR,OP007,2026-01-22 12:15:00,2026-01-22 13:55:00,2026-01-22 11:58:07,2026-01-22 12:26:34,28.45,97,97,100.0,99.23,13,0.617,0,5.93,79.84,0,6.95,175.19
T00057,DIG,EXC002,EXCAVATOR,OP005,2026-01-07 12:30:00,2026-01-07 13:45:00,2026-01-07 12:09:43,2026-01-07 12:55:05,45.37,556,528,95.0,35.29,62,0.329,0,10.33,64.95,0,9.85,220.78
T00058,LIFT,EXC002,EXCAVATOR,OP003,2026-01-22 07:30:00,2026-01-22 09:10:00,2026-01-22 07:27:01,2026-01-22 08:07:26,40.41,151,136,90.1,99.47,18,0.484,0,9.46,83.08,0,10.65,246.04
T00059,LOAD,LOD001,LOADER,OP004,2026-01-22 10:15:00,2026-01-22 11:35:00,2026-01-22 10:20:09,2026-01-22 10:48:05,27.94,246,246,100.0,47.44,26,0.253,0,6.79,78.19,0,7.38,160.16
T00060,DIG,EXC001,EXCAVATOR,OP004,2026-01-16 15:00:00,2026-01-16 16:15:00,2026-01-16 14:53:48,2026-01-16 15:42:17,48.48,546,546,100.0,38.24,61,0.275,0,4.87,72.47,0,9.6,268.75
T00061,LIFT,EXC002,EXCAVATOR,OP008,2026-01-13 09:15:00,2026-01-13 10:55:00,2026-01-13 09:18:12,2026-01-13 09:41:28,23.26,21,12,57.1,103.39,3,0.575,1,8.02,67.05,0,17.97,48.37
T00062,DIG,EXC002,EXCAVATOR,OP004,2026-01-06 17:45:00,2026-01-06 19:00:00,2026-01-06 17:23:53,2026-01-06 17:40:44,16.84,131,124,94.7,37.4,16,0.382,0,4.63,80.23,0,5.99,65.84
T00063,DIG,EXC002,EXCAVATOR,OP003,2026-01-26 13:30:00,2026-01-26 14:45:00,2026-01-26 13:41:48,2026-01-26 14:23:41,41.87,533,480,90.1,29.39,57,0.139,0,1.69,60.32,0,11.22,170.26
T00064,GRADE,DOZ001,DOZER,OP003,2026-01-24 13:45:00,2026-01-24 15:45:00,2026-01-24 13:37:31,2026-01-24 14:34:49,57.31,680,578,85.0,46.84,70,0.132,0,2.64,71.67,0,7.37,348.63
T00065,LOAD,LOD001,LOADER,OP004,2026-01-09 13:00:00,2026-01-09 14:20:00,2026-01-09 13:28:17,2026-01-09 13:53:35,25.31,222,222,100.0,45.81,25,0.263,0,8.48,66.29,0,6.22,140.33
T00066,LOAD,LOD001,LOADER,OP006,2026-01-29 14:00:00,2026-01-29 15:20:00,2026-01-29 13:44:54,2026-01-29 14:01:44,16.83,75,75,100.0,44.27,9,0.555,0,3.41,74.86,0,10.19,49.6
T00067,GRADE,DOZ001,DOZER,OP004,2026-01-03 12:45:00,2026-01-03 14:45:00,2026-01-03 12:47:52,2026-01-03 15:08:26,140.56,827,786,95.0,78.87,100,0.771,1,0.0,51.3,0,19.13,708.48
T00068,GRADE,DOZ001,DOZER,OP004,2026-01-27 12:45:00,2026-01-27 14:45:00,2026-01-27 12:40:16,2026-01-27 13:11:04,30.79,190,124,65.3,61.49,21,0.288,0,5.92,73.82,0,8.41,140.19
T00069,GRADE,DOZ001,DOZER,OP001,2026-01-12 10:45:00,2026-01-12 12:45:00,2026-01-12 10:51:27,2026-01-12 12:33:36,102.15,1008,958,95.0,48.96,108,0.215,0,4.57,60.9,0,10.83,525.67
T00070,LIFT,EXC002,EXCAVATOR,OP004,2026-01-09 12:45:00,2026-01-09 14:25:00,2026-01-09 12:56:34,2026-01-09 13:05:29,8.92,27,27,100.0,88.28,3,0.271,0,5.02,71.54,0,4.51,34.28
T00071,GRADE,DOZ001,DOZER,OP008,2026-01-30 08:00:00,2026-01-30 10:00:00,2026-01-30 07:42:37,2026-01-30 09:24:45,102.13,956,860,90.0,53.09,100,0.238,0,2.94,63.77,0,6.14,569.98
T00072,DIG,EXC001,EXCAVATOR,OP007,2026-01-05 13:15:00,2026-01-05 14:30:00,2026-01-05 13:34:55,2026-01-05 13:54:52,19.95,131,131,100.0,37.95,14,0.209,1,7.26,55.2,0,11.09,55.39
T00073,LOAD,LOD001,LOADER,OP008,2026-01-11 11:45:00,2026-01-11 13:05:00,2026-01-11 11:50:31,2026-01-11 12:21:38,31.12,111,94,84.7,57.2,14,0.664,1,7.16,68.57,0,16.75,101.37
T00074,GRADE,DOZ001,DOZER,OP002,2026-01-16 06:00:00,2026-01-16 08:00:00,2026-01-16 06:06:46,2026-01-16 07:49:54,103.13,866,866,100.0,62.15,94,0.398,0,6.49,53.24,1,5.75,516.94
T00075,DIG,EXC001,EXCAVATOR,OP001,2026-01-08 09:00:00,2026-01-08 10:15:00,2026-01-08 08:48:23,2026-01-08 09:18:09,29.77,236,236,100.0,36.54,26,0.289,1,11.42,63.04,0,13.93,107.28
T00076,GRADE,DOZ001,DOZER,OP004,2026-01-15 17:30:00,2026-01-15 19:30:00,2026-01-15 17:26:37,2026-01-15 18:59:30,92.89,905,905,100.0,53.35,97,0.143,0,4.44,51.24,0,6.64,464.55
T00077,DIG,EXC001,EXCAVATOR,OP005,2026-01-04 15:00:00,2026-01-04 16:15:00,2026-01-04 15:12:35,2026-01-04 16:09:14,56.64,399,359,90.0,43.48,48,0.608,1,8.42,77.25,0,19.66,245.62
T00078,GRADE,DOZ001,DOZER,OP004,2026-01-03 15:15:00,2026-01-03 17:15:00,2026-01-03 15:08:38,2026-01-03 15:49:11,40.55,358,304,84.9,58.63,37,0.23,0,7.16,64.01,0,7.48,209.69
T00079,LOAD,LOD001,LOADER,OP001,2026-01-12 14:45:00,2026-01-12 16:05:00,2026-01-12 14:56:11,2026-01-12 15:20:15,24.06,209,209,100.0,38.55,23,0.303,0,4.61,73.2,0,9.29,104.28
T00080,LOAD,LOD001,LOADER,OP007,2026-01-27 13:00:00,2026-01-27 14:20:00,2026-01-27 12:53:07,2026-01-27 13:30:18,37.18,150,68,45.3,57.64,18,0.835,1,0.4,56.38,0,17.78,115.68
T00081,GRADE,DOZ001,DOZER,OP007,2026-01-06 17:30:00,2026-01-06 19:30:00,2026-01-06 17:29:41,2026-01-06 19:36:55,127.23,1140,1083,95.0,62.12,129,0.43,0,2.75,63.96,0,5.3,775.91
T00082,LOAD,LOD001,LOADER,OP004,2026-01-27 07:30:00,2026-01-27 08:50:00,2026-01-27 07:43:55,2026-01-27 08:06:51,22.93,155,155,100.0,49.66,18,0.527,0,7.47,60.44,0,8.03,99.89
T00083,GRADE,DOZ001,DOZER,OP006,2026-01-01 13:30:00,2026-01-01 15:30:00,2026-01-01 13:25:48,2026-01-01 14:26:24,60.59,522,496,95.0,54.56,57,0.311,1,4.72,47.17,0,7.49,281.07
T00084,LOAD,LOD001,LOADER,OP006,2026-01-09 15:30:00,2026-01-09 16:50:00,2026-01-09 15:29:33,2026-01-09 15:47:10,17.63,182,182,100.0,38.5,19,0.198,0,7.92,75.63,0,5.44,91.73
T00085,LIFT,EXC001,EXCAVATOR,OP004,2026-01-24 12:45:00,2026-01-24 14:25:00,2026-01-24 12:19:47,2026-01-24 12:44:40,24.88,81,69,85.2,90.48,10,0.434,0,3.97,80.48,0,10.55,131.19
T00086,GRADE,DOZ001,DOZER,OP001,2026-01-03 10:15:00,2026-01-03 12:15:00,2026-01-03 10:19:22,2026-01-03 12:24:00,124.63,978,831,85.0,58.67,111,0.593,0,1.59,53.76,0,10.44,621.27
T00087,LOAD,LOD001,LOADER,OP008,2026-01-18 14:30:00,2026-01-18 15:50:00,2026-01-18 14:29:13,2026-01-18 15:06:59,37.76,148,67,45.3,60.0,19,0.875,1,7.6,83.87,0,18.33,146.37
T00088,LOAD,LOD001,LOADER,OP008,2026-01-09 10:30:00,2026-01-09 11:50:00,2026-01-09 10:46:30,2026-01-09 11:06:28,19.97,99,99,100.0,45.83,12,0.34,0,8.52,55.15,0,10.8,64.91
T00089,LIFT,EXC002,EXCAVATOR,OP002,2026-01-24 14:15:00,2026-01-24 15:55:00,2026-01-24 14:34:42,2026-01-24 14:51:49,17.13,69,69,100.0,73.68,8,0.288,0,0.92,59.56,0,7.3,75.41
T00090,GRADE,DOZ001,DOZER,OP005,2026-01-04 09:30:00,2026-01-04 11:30:00,2026-01-04 09:59:16,2026-01-04 11:22:11,82.91,615,615,100.0,58.37,78,0.798,0,2.59,55.46,0,7.03,453.67
T00091,LOAD,LOD001,LOADER,OP003,2026-01-09 06:00:00,2026-01-09 07:20:00,2026-01-09 05:48:08,2026-01-09 06:13:42,25.56,181,181,100.0,50.04,21,0.468,0,3.79,75.92,1,8.05,127.52
T00092,LIFT,EXC002,EXCAVATOR,OP002,2026-01-28 06:30:00,2026-01-28 08:10:00,2026-01-28 06:32:40,2026-01-28 07:05:42,33.04,140,133,95.0,85.94,17,0.379,0,5.61,69.97,1,11.71,210.95
T00093,LOAD,LOD001,LOADER,OP001,2026-01-09 13:00:00,2026-01-09 14:20:00,2026-01-09 12:56:35,2026-01-09 13:28:45,32.16,250,250,100.0,45.01,29,0.477,0,5.13,85.64,0,10.41,175.82
T00094,GRADE,DOZ001,DOZER,OP001,2026-01-05 08:30:00,2026-01-05 10:30:00,2026-01-05 08:33:20,2026-01-05 09:27:06,53.76,324,146,45.1,64.71,40,0.591,0,9.4,47.56,0,12.58,234.9
T00095,DIG,EXC002,EXCAVATOR,OP004,2026-01-25 14:45:00,2026-01-25 16:00:00,2026-01-25 14:48:46,2026-01-25 15:26:32,37.77,541,298,55.1,34.98,56,0.088,0,3.51,72.54,0,5.16,218.45
T00096,LOAD,LOD001,LOADER,OP005,2026-01-19 15:00:00,2026-01-19 16:20:00,2026-01-19 14:47:49,2026-01-19 15:13:28,25.65,196,88,44.9,43.75,22,0.428,0,9.09,77.69,0,8.18,119.83
T00097,DIG,EXC001,EXCAVATOR,OP004,2026-01-09 16:00:00,2026-01-09 17:15:00,2026-01-09 16:08:20,2026-01-09 16:40:23,32.04,240,240,100.0,46.45,29,0.558,1,5.15,52.44,0,9.59,139.28
T00098,DIG,EXC001,EXCAVATOR,OP001,2026-01-14 13:45:00,2026-01-14 15:00:00,2026-01-14 13:41:19,2026-01-14 14:18:10,36.85,378,378,100.0,40.46,48,0.694,0,4.34,73.39,0,4.48,228.92
T00099,LOAD,LOD001,LOADER,OP008,2026-01-03 16:15:00,2026-01-03 17:35:00,2026-01-03 16:21:02,2026-01-03 16:46:48,25.76,107,80,74.8,60.0,14,0.825,1,4.7,79.8,0,14.45,112.37
T00100,LIFT,EXC002,EXCAVATOR,OP002,2026-01-18 09:15:00,2026-01-18 10:55:00,2026-01-18 09:25:03,2026-01-18 09:46:05,21.03,88,66,75.0,70.63,11,0.525,0,0.77,57.64,0,8.44,99.11
T00101,DIG,EXC001,EXCAVATOR,OP003,2026-01-26 10:30:00,2026-01-26 11:45:00,2026-01-26 10:30:20,2026-01-26 11:12:57,42.63,529,529,100.0,35.57,61,0.35,0,6.09,74.0,0,6.46,238.02
T00102,LOAD,LOD001,LOADER,OP005,2026-01-17 14:45:00,2026-01-17 16:05:00,2026-01-17 14:41:20,2026-01-17 15:05:25,24.1,152,152,100.0,41.12,18,0.35,0,5.05,96.65,0,11.76,100.51
T00103,DIG,EXC002,EXCAVATOR,OP006,2026-01-20 10:00:00,2026-01-20 11:15:00,2026-01-20 09:45:29,2026-01-20 09:57:15,11.78,173,173,100.0,30.59,20,0.247,0,5.92,68.54,0,1.58,67.0
T00104,DIG,EXC002,EXCAVATOR,OP001,2026-01-25 08:45:00,2026-01-25 10:00:00,2026-01-25 08:37:27,2026-01-25 09:25:16,47.8,611,550,90.0,36.19,73,0.554,0,5.67,61.11,0,6.79,278.97
T00105,LOAD,LOD001,LOADER,OP007,2026-01-21 13:00:00,2026-01-21 14:20:00,2026-01-21 13:14:29,2026-01-21 13:33:04,18.59,160,160,100.0,48.75,20,0.42,0,7.16,57.15,0,2.34,109.02
T00106,LOAD,LOD001,LOADER,OP002,2026-01-28 08:30:00,2026-01-28 09:50:00,2026-01-28 08:29:31,2026-01-28 08:58:54,29.4,145,123,84.8,42.08,18,0.527,1,0.0,73.09,0,17.66,94.92
T00107,LOAD,LOD001,LOADER,OP001,2026-01-15 07:30:00,2026-01-15 08:50:00,2026-01-15 07:28:56,2026-01-15 07:47:13,18.28,104,104,100.0,52.48,13,0.622,0,8.62,69.91,0,6.91,90.77
T00108,GRADE,DOZ001,DOZER,OP008,2026-01-14 06:15:00,2026-01-14 08:15:00,2026-01-14 06:17:12,2026-01-14 08:19:56,122.73,890,801,90.0,66.33,103,0.383,0,5.34,60.32,1,6.93,658.56
T00109,GRADE,DOZ001,DOZER,OP001,2026-01-07 10:15:00,2026-01-07 12:15:00,2026-01-07 10:22:17,2026-01-07 11:25:17,63.01,739,702,95.0,49.11,80,0.2,0,3.24,55.64,0,4.81,389.02
T00110,GRADE,DOZ001,DOZER,OP001,2026-01-21 15:15:00,2026-01-21 17:15:00,2026-01-21 15:36:35,2026-01-21 16:42:25,65.83,474,474,100.0,59.62,53,0.568,0,3.8,64.56,0,13.17,339.38
T00111,DIG,EXC002,EXCAVATOR,OP002,2026-01-08 07:45:00,2026-01-08 09:00:00,2026-01-08 07:55:19,2026-01-08 08:18:42,23.38,200,180,90.0,28.89,22,0.374,0,1.57,48.34,0,12.57,66.26
T00112,LIFT,EXC002,EXCAVATOR,OP005,2026-01-17 17:30:00,2026-01-17 19:10:00,2026-01-17 17:28:58,2026-01-17 17:57:55,28.96,126,82,65.1,65.84,14,0.17,0,2.22,84.89,0,11.53,133.68
T00113,GRADE,DOZ001,DOZER,OP008,2026-01-18 08:45:00,2026-01-18 10:45:00,2026-01-18 09:00:28,2026-01-18 10:28:10,87.7,540,297,55.0,71.34,61,0.386,0,5.36,77.02,0,10.63,432.83
T00114,LIFT,EXC001,EXCAVATOR,OP005,2026-01-25 12:30:00,2026-01-25 14:10:00,2026-01-25 12:35:20,2026-01-25 13:09:12,33.87,149,149,100.0,85.27,18,0.465,0,4.45,88.88,0,8.29,212.02
T00115,DIG,EXC002,EXCAVATOR,OP005,2026-01-27 15:45:00,2026-01-27 17:00:00,2026-01-27 15:24:36,2026-01-27 15:50:32,25.93,232,220,94.8,31.39,28,0.591,0,0.44,56.94,0,9.88,85.73
T00116,GRADE,DOZ001,DOZER,OP006,2026-01-18 14:45:00,2026-01-18 16:45:00,2026-01-18 14:56:28,2026-01-18 18:24:24,207.94,1082,595,55.0,84.0,142,0.909,1,8.04,82.14,0,10.79,1382.29
T00117,LIFT,EXC001,EXCAVATOR,OP007,2026-01-08 12:00:00,2026-01-08 13:40:00,2026-01-08 11:49:52,2026-01-08 12:10:01,20.15,101,86,85.1,94.11,11,0.254,1,7.62,69.51,0,4.06,141.07
T00118,GRADE,DOZ001,DOZER,OP003,2026-01-16 06:15:00,2026-01-16 08:15:00,2026-01-16 05:59:57,2026-01-16 08:31:30,151.56,1178,530,45.0,65.27,130,0.243,0,9.71,49.23,1,11.0,774.98
T00119,LOAD,LOD001,LOADER,OP008,2026-01-04 14:45:00,2026-01-04 16:05:00,2026-01-04 15:06:16,2026-01-04 15:17:04,10.8,43,37,86.0,39.9,6,0.365,0,0.0,67.34,0,7.07,31.31
T00120,GRADE,DOZ001,DOZER,OP002,2026-01-16 10:30:00,2026-01-16 12:30:00,2026-01-16 10:19:54,2026-01-16 12:34:40,134.76,964,868,90.0,62.08,115,0.631,0,5.61,54.27,0,7.99,653.56
T00121,LOAD,LOD001,LOADER,OP006,2026-01-21 17:45:00,2026-01-21 19:05:00,2026-01-21 17:46:02,2026-01-21 18:00:29,14.44,178,178,100.0,34.65,19,0.102,0,3.74,47.76,0,3.47,72.27
T00122,DIG,EXC001,EXCAVATOR,OP005,2026-01-08 17:00:00,2026-01-08 18:15:00,2026-01-08 16:54:52,2026-01-08 17:54:44,59.86,524,236,45.0,45.32,66,0.607,1,1.39,73.67,0,16.45,340.33
T00123,DIG,EXC002,EXCAVATOR,OP003,2026-01-23 10:00:00,2026-01-23 11:15:00,2026-01-23 09:24:56,2026-01-23 09:53:17,28.35,127,127,100.0,41.55,15,0.422,1,7.72,65.04,0,17.96,70.58
T00124,DIG,EXC002,EXCAVATOR,OP006,2026-01-12 12:15:00,2026-01-12 13:30:00,2026-01-12 12:06:29,2026-01-12 12:27:09,20.66,330,314,95.2,30.81,36,0.299,0,2.51,68.74,0,3.97,120.36
T00125,LIFT,EXC001,EXCAVATOR,OP003,2026-01-03 15:45:00,2026-01-03 17:25:00,2026-01-03 15:35:58,2026-01-03 15:58:25,22.45,81,77,95.1,86.79,10,0.233,0,9.05,73.08,0,8.46,120.21
T00126,LIFT,EXC001,EXCAVATOR,OP008,2026-01-21 10:45:00,2026-01-21 12:25:00,2026-01-21 10:50:49,2026-01-21 11:19:22,28.56,85,76,89.4,94.76,9,0.322,1,7.07,69.32,0,14.73,123.77
T00127,GRADE,DOZ001,DOZER,OP003,2026-01-03 13:30:00,2026-01-03 15:30:00,2026-01-03 13:32:26,2026-01-03 14:49:20,76.9,762,686,90.0,50.91,83,0.14,0,3.3,54.53,0,9.01,391.67
T00128,GRADE,DOZ001,DOZER,OP008,2026-01-28 10:15:00,2026-01-28 12:15:00,2026-01-28 10:17:19,2026-01-28 12:16:32,119.22,937,609,65.0,57.43,105,0.329,0,1.53,64.28,0,12.18,670.32
T00129,DIG,EXC001,EXCAVATOR,OP007,2026-01-19 11:30:00,2026-01-19 12:45:00,2026-01-19 11:29:43,2026-01-19 12:04:20,34.61,382,382,100.0,34.71,45,0.244,0,5.35,64.96,0,8.58,177.13
T00130,GRADE,DOZ001,DOZER,OP001,2026-01-19 16:00:00,2026-01-19 18:00:00,2026-01-19 16:04:50,2026-01-19 18:28:08,143.29,1167,759,65.0,57.35,125,0.328,1,3.4,50.78,0,17.22,713.94
T00131,LOAD,LOD001,LOADER,OP006,2026-01-08 16:15:00,2026-01-08 17:35:00,2026-01-08 16:38:16,2026-01-08 16:58:32,20.27,198,198,100.0,35.35,22,0.283,0,2.29,67.98,0,7.31,95.55
T00132,LIFT,EXC001,EXCAVATOR,OP001,2026-01-10 13:00:00,2026-01-10 14:40:00,2026-01-10 12:39:32,2026-01-10 13:04:32,25.0,113,96,85.0,84.53,13,0.231,0,6.53,82.67,0,9.39,160.59
T00133,DIG,EXC002,EXCAVATOR,OP006,2026-01-24 12:15:00,2026-01-24 13:30:00,2026-01-24 12:08:40,2026-01-24 12:34:51,26.19,285,285,100.0,36.76,34,0.53,0,4.25,75.09,0,5.36,145.58
T00134,LOAD,LOD001,LOADER,OP003,2026-01-09 13:30:00,2026-01-09 14:50:00,2026-01-09 13:41:24,2026-01-09 14:09:10,27.78,231,150,64.9,42.78,27,0.481,0,3.87,68.51,0,10.3,132.44
T00135,DIG,EXC002,EXCAVATOR,OP002,2026-01-05 09:45:00,2026-01-05 11:00:00,2026-01-05 09:51:00,2026-01-05 10:46:03,55.05,650,650,100.0,33.67,76,0.492,0,2.68,60.66,0,12.4,279.73
T00136,GRADE,DOZ001,DOZER,OP005,2026-01-18 07:45:00,2026-01-18 09:45:00,2026-01-18 07:32:49,2026-01-18 09:17:55,105.1,904,814,90.0,55.16,97,0.257,0,8.63,56.48,0,16.1,495.44
T00137,LOAD,LOD001,LOADER,OP006,2026-01-04 16:15:00,2026-01-04 17:35:00,2026-01-04 16:12:47,2026-01-04 16:35:33,22.77,160,160,100.0,40.39,19,0.481,0,2.14,73.23,0,9.98,96.96
T00138,LOAD,LOD001,LOADER,OP002,2026-01-21 13:30:00,2026-01-21 14:50:00,2026-01-21 13:26:17,2026-01-21 14:03:57,37.67,206,206,100.0,50.27,26,0.8,1,3.88,51.32,0,15.89,144.88
T00139,LIFT,EXC001,EXCAVATOR,OP001,2026-01-10 13:00:00,2026-01-10 14:40:00,2026-01-10 13:00:15,2026-01-10 13:15:16,15.02,44,44,100.0,78.13,5,0.172,0,12.15,68.21,0,8.51,56.77
T00140,LIFT,EXC002,EXCAVATOR,OP008,2026-01-12 16:45:00,2026-01-12 18:25:00,2026-01-12 16:46:45,2026-01-12 17:08:38,21.87,59,38,64.4,72.65,7,0.404,0,0.26,78.67,0,11.95,73.11
T00141,DIG,EXC002,EXCAVATOR,OP007,2026-01-09 06:30:00,2026-01-09 07:45:00,2026-01-09 06:44:06,2026-01-09 07:14:18,30.2,302,287,95.0,39.18,34,0.461,0,2.01,64.93,1,7.53,142.53
T00142,LIFT,EXC002,EXCAVATOR,OP002,2026-01-22 11:30:00,2026-01-22 13:10:00,2026-01-22 11:22:15,2026-01-22 11:34:49,12.57,35,35,100.0,62.75,4,0.062,0,5.15,69.88,0,8.39,34.12
T00143,LIFT,EXC001,EXCAVATOR,OP008,2026-01-03 16:15:00,2026-01-03 17:55:00,2026-01-03 16:03:40,2026-01-03 16:18:47,15.12,25,25,100.0,102.94,4,0.738,0,8.04,67.34,0,8.26,60.94
T00144,LOAD,LOD001,LOADER,OP003,2026-01-26 15:15:00,2026-01-26 16:35:00,2026-01-26 15:28:31,2026-01-26 15:37:24,8.89,57,43,75.4,37.94,6,0.091,0,3.8,70.66,0,5.1,30.75
T00145,LIFT,EXC001,EXCAVATOR,OP004,2026-01-11 08:00:00,2026-01-11 09:40:00,2026-01-11 08:13:19,2026-01-11 08:29:15,15.94,90,58,64.4,75.14,10,0.192,0,1.8,71.7,0,4.04,105.72
T00146,LIFT,EXC001,EXCAVATOR,OP005,2026-01-26 08:00:00,2026-01-26 09:40:00,2026-01-26 08:04:54,2026-01-26 08:18:33,13.65,26,26,100.0,68.36,3,0.26,0,2.84,67.9,0,10.23,30.98
T00147,LOAD,LOD001,LOADER,OP006,2026-01-01 08:30:00,2026-01-01 09:50:00,2026-01-01 08:11:31,2026-01-01 08:23:43,12.19,53,53,100.0,36.39,6,0.186,0,6.07,69.05,0,8.56,30.19
T00148,GRADE,DOZ001,DOZER,OP002,2026-01-16 13:30:00,2026-01-16 15:30:00,2026-01-16 13:24:20,2026-01-16 14:00:18,35.98,373,354,94.9,46.32,40,0.198,0,4.9,66.38,0,8.27,188.39
T00149,LIFT,EXC001,EXCAVATOR,OP005,2026-01-15 16:00:00,2026-01-15 17:40:00,2026-01-15 15:59:38,2026-01-15 16:17:07,17.49,35,16,45.7,73.25,4,0.045,0,3.93,98.0,0,13.35,51.72
T00150,GRADE,DOZ001,DOZER,OP002,2026-01-16 17:45:00,2026-01-16 19:45:00,2026-01-16 17:44:38,2026-01-16 18:24:33,39.91,300,165,55.0,52.59,33,0.214,0,5.81,63.08,0,8.88,178.01
T00151,LOAD,LOD001,LOADER,OP002,2026-01-05 10:30:00,2026-01-05 11:50:00,2026-01-05 10:36:15,2026-01-05 11:15:24,39.15,137,62,45.3,60.0,18,0.615,1,2.83,85.74,0,22.72,150.09
T00152,LOAD,LOD001,LOADER,OP007,2026-01-04 17:00:00,2026-01-04 18:20:00,2026-01-04 17:11:22,2026-01-04 17:52:34,41.21,258,232,89.9,55.4,33,0.507,1,3.93,77.94,0,11.78,242.22
T00153,LIFT,EXC002,EXCAVATOR,OP008,2026-01-29 09:45:00,2026-01-29 11:25:00,2026-01-29 09:53:21,2026-01-29 10:17:16,23.91,106,80,75.5,74.73,12,0.174,0,2.0,69.16,0,8.25,123.78
T00154,GRADE,DOZ001,DOZER,OP002,2026-01-11 12:30:00,2026-01-11 14:30:00,2026-01-11 12:28:22,2026-01-11 13:54:46,86.4,672,672,100.0,57.11,80,0.465,0,7.5,58.37,0,10.25,446.92
T00155,LIFT,EXC002,EXCAVATOR,OP002,2026-01-03 07:00:00,2026-01-03 08:40:00,2026-01-03 06:58:08,2026-01-03 07:27:40,29.53,130,130,100.0,75.81,15,0.269,0,6.35,85.38,0,10.57,158.17
T00156,LOAD,LOD001,LOADER,OP001,2026-01-19 14:30:00,2026-01-19 15:50:00,2026-01-19 14:42:02,2026-01-19 15:04:38,22.6,211,211,100.0,43.71,25,0.471,0,0.0,72.6,0,4.39,133.88
T00157,LOAD,LOD001,LOADER,OP001,2026-01-10 15:30:00,2026-01-10 16:50:00,2026-01-10 15:21:08,2026-01-10 15:46:45,25.63,130,130,100.0,51.61,17,0.785,0,6.76,62.26,0,11.01,117.92
T00158,LIFT,EXC001,EXCAVATOR,OP008,2026-01-08 07:30:00,2026-01-08 09:10:00,2026-01-08 07:19:35,2026-01-08 07:59:39,40.07,114,114,100.0,115.26,15,0.744,1,3.35,69.74,0,11.25,238.18
T00159,LOAD,LOD001,LOADER,OP007,2026-01-28 14:00:00,2026-01-28 15:20:00,2026-01-28 13:59:12,2026-01-28 14:19:29,20.28,195,107,54.9,45.96,22,0.251,0,7.38,65.36,0,5.74,124.08
T00160,LOAD,LOD001,LOADER,OP003,2026-01-09 17:30:00,2026-01-09 18:50:00,2026-01-09 17:44:26,2026-01-09 18:15:14,30.8,126,126,100.0,53.35,16,0.632,1,7.09,73.92,0,16.58,113.89
T00161,LIFT,EXC001,EXCAVATOR,OP007,2026-01-03 08:00:00,2026-01-03 09:40:00,2026-01-03 07:55:33,2026-01-03 08:11:08,15.59,43,37,86.0,74.83,6,0.356,0,0.46,73.91,0,9.42,63.14
T00162,LIFT,EXC002,EXCAVATOR,OP007,2026-01-15 11:15:00,2026-01-15 12:55:00,2026-01-15 11:22:39,2026-01-15 11:58:29,35.82,114,114,100.0,116.0,14,0.647,1,1.5,88.75,0,8.76,226.85
T00163,LOAD,LOD001,LOADER,OP001,2026-01-05 08:00:00,2026-01-05 09:20:00,2026-01-05 07:59:04,2026-01-05 08:25:45,26.69,212,212,100.0,43.7,25,0.371,1,6.57,66.87,0,8.48,131.02
T00164,GRADE,DOZ001,DOZER,OP008,2026-01-20 13:45:00,2026-01-20 15:45:00,2026-01-20 13:47:18,2026-01-20 15:13:15,85.94,709,709,100.0,60.53,78,0.325,0,6.03,67.15,0,7.26,474.35
T00165,DIG,EXC002,EXCAVATOR,OP007,2026-01-04 10:45:00,2026-01-04 12:00:00,2026-01-04 10:43:45,2026-01-04 11:37:00,53.24,619,557,90.0,41.44,74,0.579,0,4.96,68.51,0,5.49,351.08
T00166,DIG,EXC001,EXCAVATOR,OP007,2026-01-20 06:00:00,2026-01-20 07:15:00,2026-01-20 05:56:11,2026-01-20 06:18:12,22.02,289,289,100.0,36.33,31,0.131,0,4.38,73.37,1,3.25,123.04
T00167,LIFT,EXC001,EXCAVATOR,OP005,2026-01-10 11:00:00,2026-01-10 12:40:00,2026-01-10 11:03:57,2026-01-10 11:18:59,15.03,21,20,95.2,83.11,3,0.454,0,0.87,91.78,0,11.27,40.67
T00168,GRADE,DOZ001,DOZER,OP003,2026-01-13 14:15:00,2026-01-13 16:15:00,2026-01-13 14:31:28,2026-01-13 17:20:51,169.39,1174,1115,95.0,75.44,138,0.538,0,10.35,43.92,0,7.66,925.84
T00169,LOAD,LOD001,LOADER,OP007,2026-01-28 17:00:00,2026-01-28 18:20:00,2026-01-28 17:02:16,2026-01-28 17:17:03,14.78,151,151,100.0,39.71,16,0.023,0,5.75,75.71,0,4.19,74.7
T00170,DIG,EXC002,EXCAVATOR,OP007,2026-01-19 12:45:00,2026-01-19 14:00:00,2026-01-19 12:29:28,2026-01-19 12:54:11,24.72,376,376,100.0,32.72,40,0.179,0,2.87,68.27,0,2.91,145.35
T00171,DIG,EXC002,EXCAVATOR,OP003,2026-01-26 15:45:00,2026-01-26 17:00:00,2026-01-26 15:39:21,2026-01-26 16:11:02,31.68,450,450,100.0,29.82,48,0.147,0,6.23,65.93,0,7.82,148.24
T00172,DIG,EXC001,EXCAVATOR,OP007,2026-01-19 12:00:00,2026-01-19 13:15:00,2026-01-19 12:12:05,2026-01-19 13:08:32,56.45,485,315,64.9,41.67,57,0.491,1,3.14,75.44,0,15.17,250.31
T00173,LOAD,LOD001,LOADER,OP006,2026-01-25 08:00:00,2026-01-25 09:20:00,2026-01-25 07:41:31,2026-01-25 07:58:39,17.14,170,153,90.0,34.23,19,0.161,0,2.51,66.02,0,5.17,77.76
T00174,LIFT,EXC002,EXCAVATOR,OP006,2026-01-24 16:15:00,2026-01-24 17:55:00,2026-01-24 15:59:05,2026-01-24 16:20:15,21.16,80,80,100.0,79.4,9,0.433,0,4.79,74.11,0,9.25,100.93
T00175,LOAD,LOD001,LOADER,OP003,2026-01-20 08:00:00,2026-01-20 09:20:00,2026-01-20 07:48:34,2026-01-20 08:11:46,23.21,85,38,44.7,48.08,10,0.447,1,4.53,79.1,0,14.43,68.91
T00176,GRADE,DOZ001,DOZER,OP008,2026-01-22 15:30:00,2026-01-22 17:30:00,2026-01-22 15:16:12,2026-01-22 17:49:35,153.38,797,797,100.0,78.48,108,0.753,1,5.4,66.9,0,12.1,881.95
T00177,DIG,EXC002,EXCAVATOR,OP008,2026-01-21 10:30:00,2026-01-21 11:45:00,2026-01-21 10:31:01,2026-01-21 10:53:06,22.09,137,137,100.0,34.99,16,0.377,0,6.92,73.8,0,12.76,62.75
T00178,DIG,EXC002,EXCAVATOR,OP008,2026-01-15 06:00:00,2026-01-15 07:15:00,2026-01-15 06:01:53,2026-01-15 06:38:08,36.25,457,297,65.0,35.08,48,0.165,0,2.91,52.12,1,8.82,154.82
T00179,DIG,EXC001,EXCAVATOR,OP007,2026-01-15 15:00:00,2026-01-15 16:15:00,2026-01-15 15:05:16,2026-01-15 15:50:02,44.77,540,297,55.0,37.47,60,0.379,0,6.36,72.22,0,4.15,236.27
T00180,LIFT,EXC002,EXCAVATOR,OP008,2026-01-17 08:00:00,2026-01-17 09:40:00,2026-01-17 07:55:42,2026-01-17 08:28:04,32.36,135,135,100.0,81.67,16,0.375,0,4.75,80.54,0,10.58,173.2
T00181,LOAD,LOD001,LOADER,OP003,2026-01-02 09:45:00,2026-01-02 11:05:00,2026-01-02 09:39:15,2026-01-02 10:04:36,25.35,152,144,94.7,52.0,18,0.548,1,6.46,76.21,0,8.47,124.03
T00182,LIFT,EXC002,EXCAVATOR,OP006,2026-01-30 10:45:00,2026-01-30 12:25:00,2026-01-30 10:26:49,2026-01-30 10:45:08,18.33,124,93,75.0,75.77,13,0.165,0,6.77,87.12,0,3.05,147.81
T00183,DIG,EXC002,EXCAVATOR,OP002,2026-01-11 07:45:00,2026-01-11 09:00:00,2026-01-11 08:01:38,2026-01-11 08:44:38,42.99,370,370,100.0,37.6,47,0.629,0,3.0,50.93,0,13.54,175.14
T00184,LIFT,EXC002,EXCAVATOR,OP002,2026-01-19 16:15:00,2026-01-19 17:55:00,2026-01-19 16:03:54,2026-01-19 16:44:42,40.81,109,109,100.0,87.75,14,0.669,1,0.79,70.93,0,20.33,168.66
T00185,GRADE,DOZ001,DOZER,OP002,2026-01-10 14:45:00,2026-01-10 16:45:00,2026-01-10 14:43:59,2026-01-10 16:22:38,98.64,822,616,74.9,51.16,97,0.349,0,2.18,53.37,0,15.86,449.49
T00186,DIG,EXC002,EXCAVATOR,OP006,2026-01-01 11:30:00,2026-01-01 12:45:00,2026-01-01 11:33:15,2026-01-01 11:57:25,24.16,264,119,45.1,34.49,30,0.207,0,8.25,76.11,0,8.62,123.7
T00187,LOAD,LOD001,LOADER,OP004,2026-01-08 08:15:00,2026-01-08 09:35:00,2026-01-08 08:28:29,2026-01-08 08:43:15,14.77,59,59,100.0,44.49,7,0.373,0,2.08,88.95,0,9.57,42.01
T00188,DIG,EXC001,EXCAVATOR,OP006,2026-01-29 15:15:00,2026-01-29 16:30:00,2026-01-29 15:31:34,2026-01-29 16:06:29,34.92,465,465,100.0,34.94,54,0.376,0,4.11,51.95,0,3.47,200.79
T00189,LIFT,EXC001,EXCAVATOR,OP008,2026-01-02 12:30:00,2026-01-02 14:10:00,2026-01-02 12:23:02,2026-01-02 12:51:03,28.03,80,36,45.0,77.73,10,0.303,1,2.31,69.09,0,15.03,104.73
T00190,LOAD,LOD001,LOADER,OP004,2026-01-18 09:30:00,2026-01-18 10:50:00,2026-01-18 09:22:33,2026-01-18 09:54:59,32.43,247,185,74.9,46.56,28,0.319,0,5.77,58.0,0,11.22,150.27
T00191,LIFT,EXC002,EXCAVATOR,OP008,2026-01-15 10:45:00,2026-01-15 12:25:00,2026-01-15 11:08:54,2026-01-15 11:39:07,30.21,148,141,95.3,89.25,17,0.272,0,5.35,83.22,0,6.0,219.42
T00192,LIFT,EXC001,EXCAVATOR,OP003,2026-01-28 10:00:00,2026-01-28 11:40:00,2026-01-28 09:47:46,2026-01-28 10:15:31,27.75,143,93,65.0,74.03,16,0.251,0,0.0,69.1,0,7.13,168.52
T00193,DIG,EXC001,EXCAVATOR,OP005,2026-01-03 08:30:00,2026-01-03 09:45:00,2026-01-03 08:04:15,2026-01-03 08:56:55,52.66,540,297,55.0,38.09,64,0.436,1,4.88,69.65,0,12.94,256.54
T00194,LIFT,EXC002,EXCAVATOR,OP002,2026-01-30 09:45:00,2026-01-30 11:25:00,2026-01-30 09:34:46,2026-01-30 10:03:45,28.97,109,60,55.0,79.85,13,0.355,0,6.03,74.75,0,10.15,141.87
T00195,GRADE,DOZ001,DOZER,OP007,2026-01-17 11:15:00,2026-01-17 13:15:00,2026-01-17 11:02:33,2026-01-17 12:38:34,96.01,940,423,45.0,59.99,102,0.138,0,4.99,61.65,0,2.85,609.72
T00196,LOAD,LOD001,LOADER,OP001,2026-01-11 07:30:00,2026-01-11 08:50:00,2026-01-11 07:35:11,2026-01-11 08:10:06,34.91,242,242,100.0,46.52,28,0.426,1,7.07,69.19,0,13.2,176.92
T00197,DIG,EXC002,EXCAVATOR,OP008,2026-01-23 08:45:00,2026-01-23 10:00:00,2026-01-23 08:57:10,2026-01-23 09:31:20,34.15,539,485,90.0,26.89,56,0.16,0,0.0,82.13,0,9.75,183.91
T00198,DIG,EXC001,EXCAVATOR,OP005,2026-01-07 08:45:00,2026-01-07 10:00:00,2026-01-07 08:48:06,2026-01-07 09:16:43,28.61,193,145,75.1,39.18,24,0.542,1,4.74,72.33,0,15.4,98.31
T00199,LIFT,EXC002,EXCAVATOR,OP002,2026-01-02 09:45:00,2026-01-02 11:25:00,2026-01-02 09:42:07,2026-01-02 10:15:35,33.47,137,137,100.0,86.87,16,0.415,0,5.29,93.59,0,10.3,217.16
T00200,GRADE,DOZ001,DOZER,OP004,2026-01-23 08:30:00,2026-01-23 10:30:00,2026-01-23 08:23:16,2026-01-23 10:58:44,155.45,1029,1029,100.0,71.17,125,0.647,0,4.32,59.57,0,7.18,872.73
T00201,LOAD,LOD001,LOADER,OP007,2026-01-06 16:00:00,2026-01-06 17:20:00,2026-01-06 16:10:45,2026-01-06 16:27:33,16.79,174,78,44.8,39.68,20,0.374,0,0.0,78.2,0,4.03,99.4
T00202,DIG,EXC001,EXCAVATOR,OP007,2026-01-28 13:00:00,2026-01-28 14:15:00,2026-01-28 13:00:41,2026-01-28 13:53:21,52.68,476,214,45.0,47.81,54,0.548,0,10.41,70.69,0,7.59,270.07
T00203,LOAD,LOD001,LOADER,OP006,2026-01-26 07:30:00,2026-01-26 08:50:00,2026-01-26 07:28:53,2026-01-26 07:53:21,24.46,101,86,85.1,52.84,12,0.532,1,5.5,74.18,0,13.74,84.32
T00204,DIG,EXC002,EXCAVATOR,OP003,2026-01-02 11:30:00,2026-01-02 12:45:00,2026-01-02 11:24:56,2026-01-02 11:55:01,30.08,259,168,64.9,33.58,29,0.321,1,2.67,76.51,0,13.29,119.69
T00205,GRADE,DOZ001,DOZER,OP003,2026-01-26 08:00:00,2026-01-26 10:00:00,2026-01-26 08:10:10,2026-01-26 10:56:41,166.51,1087,1087,100.0,68.17,135,0.637,1,0.52,71.05,0,13.12,977.83
T00206,LIFT,EXC001,EXCAVATOR,OP004,2026-01-29 06:30:00,2026-01-29 08:10:00,2026-01-29 06:26:22,2026-01-29 06:55:58,29.6,99,94,94.9,100.63,12,0.283,1,6.63,65.91,1,9.08,162.96
T00207,GRADE,DOZ001,DOZER,OP001,2026-01-25 16:15:00,2026-01-25 18:15:00,2026-01-25 16:02:47,2026-01-25 17:27:06,84.3,735,735,100.0,52.59,82,0.209,0,3.19,66.45,0,12.43,424.51
T00208,DIG,EXC002,EXCAVATOR,OP005,2026-01-04 11:45:00,2026-01-04 13:00:00,2026-01-04 12:09:14,2026-01-04 12:47:05,37.85,489,416,85.1,30.66,52,0.186,0,2.83,55.99,0,9.57,171.74
T00209,GRADE,DOZ001,DOZER,OP003,2026-01-16 17:45:00,2026-01-16 19:45:00,2026-01-16 17:49:24,2026-01-16 20:05:59,136.58,902,496,55.0,65.93,106,0.436,0,3.52,75.63,0,11.67,698.38
T00210,LOAD,LOD001,LOADER,OP007,2026-01-03 12:15:00,2026-01-03 13:35:00,2026-01-03 12:15:02,2026-01-03 12:36:01,20.98,179,179,100.0,41.5,19,0.032,0,6.04,71.34,0,7.84,106.11
T00211,DIG,EXC001,EXCAVATOR,OP006,2026-01-22 10:30:00,2026-01-22 11:45:00,2026-01-22 10:36:16,2026-01-22 11:13:13,36.94,536,482,89.9,34.01,61,0.336,0,1.12,71.73,0,7.22,233.2
T00212,GRADE,DOZ001,DOZER,OP008,2026-01-12 13:00:00,2026-01-12 15:00:00,2026-01-12 13:18:52,2026-01-12 15:17:30,118.63,872,785,90.0,62.54,102,0.478,0,5.8,34.7,0,5.14,581.99
T00213,GRADE,DOZ001,DOZER,OP001,2026-01-03 16:45:00,2026-01-03 18:45:00,2026-01-03 16:48:02,2026-01-03 18:32:23,104.36,894,849,95.0,58.76,101,0.431,1,1.33,66.23,0,18.87,588.59
T00214,LIFT,EXC001,EXCAVATOR,OP003,2026-01-28 15:45:00,2026-01-28 17:25:00,2026-01-28 15:26:24,2026-01-28 15:38:52,12.46,28,28,100.0,78.36,4,0.324,0,4.16,79.43,0,7.24,45.71
T00215,LIFT,EXC002,EXCAVATOR,OP006,2026-01-13 15:00:00,2026-01-13 16:40:00,2026-01-13 15:16:25,2026-01-13 15:26:14,9.81,59,53,89.8,72.01,7,0.276,0,0.0,71.37,0,2.13,65.17
T00216,LOAD,LOD001,LOADER,OP008,2026-01-25 07:15:00,2026-01-25 08:35:00,2026-01-25 07:02:14,2026-01-25 07:20:34,18.34,175,175,100.0,37.9,19,0.12,0,2.94,71.69,0,6.33,90.22
T00217,LOAD,LOD001,LOADER,OP004,2026-01-04 06:15:00,2026-01-04 07:35:00,2026-01-04 06:36:59,2026-01-04 06:57:55,20.94,167,159,95.2,41.74,18,0.149,0,4.27,63.67,1,7.9,88.08
T00218,DIG,EXC002,EXCAVATOR,OP005,2026-01-23 13:15:00,2026-01-23 14:30:00,2026-01-23 13:27:25,2026-01-23 14:05:27,38.03,372,316,84.9,38.76,44,0.508,0,6.76,56.16,0,10.52,173.31
T00219,GRADE,DOZ001,DOZER,OP002,2026-01-05 07:45:00,2026-01-05 09:45:00,2026-01-05 08:02:43,2026-01-05 09:03:45,61.04,503,277,55.1,53.78,52,0.193,0,3.82,57.0,0,15.02,272.69
T00220,GRADE,DOZ001,DOZER,OP006,2026-01-22 11:00:00,2026-01-22 13:00:00,2026-01-22 10:57:14,2026-01-22 12:28:30,91.27,744,409,55.0,55.65,82,0.376,1,5.31,54.52,0,11.74,424.12
T00221,LIFT,EXC001,EXCAVATOR,OP006,2026-01-17 09:00:00,2026-01-17 10:40:00,2026-01-17 08:58:17,2026-01-17 09:17:20,19.04,71,53,74.6,80.01,9,0.483,0,2.59,69.23,0,6.48,98.02
T00222,LIFT,EXC002,EXCAVATOR,OP001,2026-01-12 14:30:00,2026-01-12 16:10:00,2026-01-12 14:15:25,2026-01-12 14:53:58,38.54,139,104,74.8,77.47,16,0.271,1,1.95,69.44,0,16.68,168.56
T00223,LIFT,EXC001,EXCAVATOR,OP002,2026-01-10 12:45:00,2026-01-10 14:25:00,2026-01-10 12:45:01,2026-01-10 13:25:25,40.4,154,154,100.0,76.69,18,0.183,1,3.48,77.41,0,17.39,189.47
T00224,GRADE,DOZ001,DOZER,OP003,2026-01-11 16:00:00,2026-01-11 18:00:00,2026-01-11 16:17:08,2026-01-11 18:36:14,139.09,1071,1017,95.0,58.62,124,0.481,1,0.15,56.99,0,12.55,686.16
T00225,LOAD,LOD001,LOADER,OP003,2026-01-25 08:45:00,2026-01-25 10:05:00,2026-01-25 08:44:13,2026-01-25 09:08:37,24.4,168,92,54.8,42.49,19,0.306,0,6.62,70.24,0,12.87,101.33
T00226,DIG,EXC001,EXCAVATOR,OP003,2026-01-10 08:15:00,2026-01-10 09:30:00,2026-01-10 08:26:53,2026-01-10 08:56:55,30.03,410,226,55.1,34.11,46,0.313,0,1.22,79.47,0,7.89,173.57
T00227,LIFT,EXC002,EXCAVATOR,OP005,2026-01-28 07:30:00,2026-01-28 09:10:00,2026-01-28 07:30:07,2026-01-28 08:03:16,33.16,70,63,90.0,94.7,9,0.696,1,3.86,71.32,0,20.0,113.24
T00228,LOAD,LOD001,LOADER,OP005,2026-01-20 14:00:00,2026-01-20 15:20:00,2026-01-20 13:53:39,2026-01-20 14:19:09,25.51,168,151,89.9,44.78,20,0.667,0,1.84,89.47,0,12.86,117.28
T00229,LIFT,EXC001,EXCAVATOR,OP006,2026-01-27 15:00:00,2026-01-27 16:40:00,2026-01-27 15:01:16,2026-01-27 15:09:53,8.62,27,27,100.0,72.26,4,0.15,0,9.3,83.8,0,3.8,43.52
T00230,LOAD,LOD001,LOADER,OP007,2026-01-20 16:00:00,2026-01-20 17:20:00,2026-01-20 15:47:39,2026-01-20 16:14:57,27.29,167,109,65.3,58.76,21,0.632,0,9.85,80.1,0,6.85,160.56
T00231,LOAD,LOD001,LOADER,OP008,2026-01-08 16:45:00,2026-01-08 18:05:00,2026-01-08 16:34:40,2026-01-08 16:48:45,14.09,116,110,94.8,39.54,13,0.184,0,6.19,62.48,0,4.63,56.62
T00232,DIG,EXC001,EXCAVATOR,OP008,2026-01-14 13:45:00,2026-01-14 15:00:00,2026-01-14 13:37:59,2026-01-14 13:58:37,20.63,288,288,100.0,30.53,31,0.132,0,0.0,78.29,0,4.85,106.92
T00233,LIFT,EXC002,EXCAVATOR,OP006,2026-01-24 11:45:00,2026-01-24 13:25:00,2026-01-24 11:42:45,2026-01-24 11:58:13,15.47,53,40,75.5,79.84,7,0.496,0,2.12,70.44,0,6.6,77.33
T00234,DIG,EXC002,EXCAVATOR,OP004,2026-01-15 07:30:00,2026-01-15 08:45:00,2026-01-15 07:33:12,2026-01-15 08:14:46,41.57,540,540,100.0,34.84,59,0.206,0,5.77,58.18,0,7.31,213.68
T00235,DIG,EXC001,EXCAVATOR,OP005,2026-01-13 15:45:00,2026-01-13 17:00:00,2026-01-13 15:35:35,2026-01-13 16:06:14,30.65,334,150,44.9,32.92,37,0.238,0,5.13,79.59,0,12.62,141.48
T00236,LIFT,EXC002,EXCAVATOR,OP006,2026-01-07 08:45:00,2026-01-07 10:25:00,2026-01-07 08:49:14,2026-01-07 09:23:01,33.79,151,143,94.7,85.34,20,0.69,0,3.44,72.5,0,6.01,237.68
T00237,LOAD,LOD001,LOADER,OP001,2026-01-03 12:45:00,2026-01-03 14:05:00,2026-01-03 12:48:17,2026-01-03 13:09:28,21.19,101,101,100.0,39.67,11,0.262,0,6.44,74.02,0,13.91,58.58
T00238,LOAD,LOD001,LOADER,OP001,2026-01-10 13:45:00,2026-01-10 15:05:00,2026-01-10 13:43:51,2026-01-10 13:57:55,14.06,113,107,94.7,41.93,13,0.232,0,3.98,75.1,0,5.79,69.57
T00239,DIG,EXC002,EXCAVATOR,OP003,2026-01-29 10:30:00,2026-01-29 11:45:00,2026-01-29 10:34:20,2026-01-29 11:12:32,38.21,492,492,100.0,32.64,55,0.262,0,1.2,81.47,0,8.29,202.07
T00240,GRADE,DOZ001,DOZER,OP004,2026-01-12 14:30:00,2026-01-12 16:30:00,2026-01-12 14:42:35,2026-01-12 15:13:23,30.8,300,300,100.0,50.98,31,0.105,0,3.58,56.62,0,4.46,151.6
T00241,GRADE,DOZ001,DOZER,OP002,2026-01-05 07:45:00,2026-01-05 09:45:00,2026-01-05 07:45:22,2026-01-05 09:30:05,104.71,914,686,75.1,59.12,110,0.619,0,3.08,54.06,0,9.84,612.91
T00242,LOAD,LOD001,LOADER,OP003,2026-01-07 15:45:00,2026-01-07 17:05:00,2026-01-07 15:37:26,2026-01-07 15:57:28,20.03,168,168,100.0,36.46,18,0.149,0,4.62,76.43,0,9.09,83.83
T00243,DIG,EXC001,EXCAVATOR,OP006,2026-01-26 13:45:00,2026-01-26 15:00:00,2026-01-26 13:36:53,2026-01-26 14:03:47,26.91,232,209,90.1,39.54,28,0.486,1,5.82,48.15,0,9.04,102.57
T00244,LIFT,EXC002,EXCAVATOR,OP006,2026-01-06 12:30:00,2026-01-06 14:10:00,2026-01-06 12:28:50,2026-01-06 12:50:10,21.34,106,101,95.3,87.53,14,0.781,0,2.8,80.56,0,3.52,158.23
T00245,GRADE,DOZ001,DOZER,OP008,2026-01-27 06:30:00,2026-01-27 08:30:00,2026-01-27 06:41:40,2026-01-27 08:07:50,86.16,828,745,90.0,54.26,89,0.213,0,1.31,56.87,1,4.44,473.62
T00246,GRADE,DOZ001,DOZER,OP001,2026-01-20 13:30:00,2026-01-20 15:30:00,2026-01-20 13:11:34,2026-01-20 14:18:50,67.26,616,524,85.1,55.16,65,0.173,0,1.15,68.94,0,7.24,378.27
T00247,GRADE,DOZ001,DOZER,OP007,2026-01-05 16:15:00,2026-01-05 18:15:00,2026-01-05 16:06:18,2026-01-05 16:33:51,27.55,214,193,90.2,58.08,22,0.043,0,5.09,69.28,0,5.1,135.92
T00248,DIG,EXC001,EXCAVATOR,OP001,2026-01-15 11:45:00,2026-01-15 13:00:00,2026-01-15 11:24:21,2026-01-15 11:54:11,29.83,235,235,100.0,35.67,27,0.47,0,7.02,72.51,0,13.78,118.29
T00249,LIFT,EXC002,EXCAVATOR,OP008,2026-01-28 17:00:00,2026-01-28 18:40:00,2026-01-28 16:34:37,2026-01-28 17:03:43,29.1,55,52,94.5,116.0,7,0.853,1,6.52,67.92,0,14.81,110.31
T00250,LOAD,LOD001,LOADER,OP007,2026-01-11 08:45:00,2026-01-11 10:05:00,2026-01-11 08:47:12,2026-01-11 09:11:20,24.12,176,176,100.0,42.47,19,0.358,1,4.71,69.27,0,10.67,97.19
T00251,LOAD,LOD001,LOADER,OP008,2026-01-07 09:30:00,2026-01-07 10:50:00,2026-01-07 09:07:42,2026-01-07 09:33:06,25.41,182,182,100.0,44.78,22,0.577,0,4.5,78.28,0,8.99,127.33
T00252,LOAD,LOD001,LOADER,OP004,2026-01-23 17:45:00,2026-01-23 19:05:00,2026-01-23 17:58:58,2026-01-23 18:19:32,20.57,121,115,95.0,42.42,14,0.386,0,4.18,74.53,0,10.15,82.42
T00253,LOAD,LOD001,LOADER,OP002,2026-01-19 16:45:00,2026-01-19 18:05:00,2026-01-19 17:01:15,2026-01-19 17:20:49,19.56,141,106,75.2,36.25,15,0.209,0,3.44,74.31,0,9.82,68.04
T00254,LIFT,EXC002,EXCAVATOR,OP001,2026-01-10 17:00:00,2026-01-10 18:40:00,2026-01-10 16:59:37,2026-01-10 17:19:21,19.73,108,59,54.6,77.53,13,0.489,0,4.78,67.58,0,4.13,128.76
T00255,LOAD,LOD001,LOADER,OP004,2026-01-07 14:30:00,2026-01-07 15:50:00,2026-01-07 14:17:41,2026-01-07 14:42:42,25.02,183,156,85.2,42.19,21,0.246,0,5.45,88.76,0,10.09,120.77
T00256,LIFT,EXC001,EXCAVATOR,OP004,2026-01-08 06:15:00,2026-01-08 07:55:00,2026-01-08 06:14:21,2026-01-08 06:40:26,26.09,79,79,100.0,94.47,10,0.375,0,6.59,90.39,1,10.34,142.12
T00257,GRADE,DOZ001,DOZER,OP008,2026-01-04 16:15:00,2026-01-04 18:15:00,2026-01-04 16:25:01,2026-01-04 17:00:14,35.23,160,72,45.0,68.42,19,0.415,1,4.74,44.51,0,14.29,117.57
T00258,LIFT,EXC002,EXCAVATOR,OP008,2026-01-16 16:15:00,2026-01-16 17:55:00,2026-01-16 16:23:28,2026-01-16 16:55:50,32.37,93,93,100.0,107.49,12,0.687,0,2.25,89.66,0,10.88,182.46
T00259,DIG,EXC001,EXCAVATOR,OP004,2026-01-18 17:00:00,2026-01-18 18:15:00,2026-01-18 16:58:21,2026-01-18 17:25:33,27.2,259,259,100.0,40.22,30,0.329,0,4.06,80.24,0,7.09,143.58
T00260,LIFT,EXC001,EXCAVATOR,OP007,2026-01-26 13:15:00,2026-01-26 14:55:00,2026-01-26 13:12:26,2026-01-26 13:28:13,15.79,94,61,64.9,82.32,11,0.278,0,3.99,71.06,0,2.39,116.63
T00261,DIG,EXC002,EXCAVATOR,OP002,2026-01-30 11:30:00,2026-01-30 12:45:00,2026-01-30 11:25:39,2026-01-30 12:35:37,69.96,545,245,45.0,50.0,67,0.765,1,9.97,69.73,0,17.02,356.32
T00262,GRADE,DOZ001,DOZER,OP008,2026-01-09 09:00:00,2026-01-09 11:00:00,2026-01-09 09:10:20,2026-01-09 11:14:29,124.15,827,827,100.0,67.72,98,0.34,1,7.29,62.55,0,13.55,697.25
T00263,GRADE,DOZ001,DOZER,OP003,2026-01-01 17:30:00,2026-01-01 19:30:00,2026-01-01 17:35:12,2026-01-01 19:10:49,95.62,754,679,90.1,61.91,87,0.448,0,3.27,52.44,0,8.27,529.77
T00264,LIFT,EXC001,EXCAVATOR,OP007,2026-01-27 12:30:00,2026-01-27 14:10:00,2026-01-27 12:22:55,2026-01-27 12:34:40,11.76,42,42,100.0,77.51,5,0.152,0,5.72,50.68,0,5.3,52.35
T00265,DIG,EXC001,EXCAVATOR,OP003,2026-01-16 11:15:00,2026-01-16 12:30:00,2026-01-16 11:20:01,2026-01-16 11:35:49,15.8,86,86,100.0,36.67,10,0.425,1,2.17,65.66,0,9.69,43.8
T00266,LIFT,EXC002,EXCAVATOR,OP005,2026-01-11 10:00:00,2026-01-11 11:40:00,2026-01-11 10:13:14,2026-01-11 10:34:59,21.75,86,77,89.5,78.63,10,0.051,0,7.98,81.74,0,10.44,115.81
T00267,LIFT,EXC001,EXCAVATOR,OP002,2026-01-15 10:15:00,2026-01-15 11:55:00,2026-01-15 09:59:56,2026-01-15 10:27:56,28.0,123,105,85.4,84.82,16,0.589,0,2.78,82.95,0,7.92,188.19
T00268,LOAD,LOD001,LOADER,OP005,2026-01-12 15:15:00,2026-01-12 16:35:00,2026-01-12 15:21:33,2026-01-12 15:41:38,20.08,96,43,44.8,39.68,12,0.372,0,3.95,73.89,0,11.09,60.98
T00269,GRADE,DOZ001,DOZER,OP008,2026-01-24 15:30:00,2026-01-24 17:30:00,2026-01-24 15:31:34,2026-01-24 17:49:32,137.96,1001,851,85.0,59.11,115,0.53,1,0.76,55.12,0,14.7,659.29
T00270,GRADE,DOZ001,DOZER,OP004,2026-01-22 15:00:00,2026-01-22 17:00:00,2026-01-22 14:43:16,2026-01-22 17:35:32,172.27,1064,1011,95.0,72.88,137,0.571,1,1.38,77.7,0,16.26,1087.15
T00271,LOAD,LOD001,LOADER,OP002,2026-01-02 14:15:00,2026-01-02 15:35:00,2026-01-02 14:15:36,2026-01-02 14:38:20,22.73,186,177,95.2,36.4,21,0.195,0,3.0,80.16,0,9.18,99.91
T00272,LIFT,EXC002,EXCAVATOR,OP008,2026-01-04 16:15:00,2026-01-04 17:55:00,2026-01-04 16:16:54,2026-01-04 17:02:06,45.19,145,145,100.0,98.23,17,0.611,1,7.92,67.23,0,17.35,227.13
T00273,GRADE,DOZ001,DOZER,OP008,2026-01-05 14:45:00,2026-01-05 16:45:00,2026-01-05 14:32:23,2026-01-05 16:03:30,91.13,1085,976,90.0,46.83,112,0.168,0,0.0,50.34,0,5.88,452.95
T00274,GRADE,DOZ001,DOZER,OP001,2026-01-13 10:00:00,2026-01-13 12:00:00,2026-01-13 10:07:53,2026-01-13 11:09:06,61.22,596,536,89.9,51.14,65,0.351,0,0.59,63.39,0,6.22,337.29
T00275,DIG,EXC002,EXCAVATOR,OP006,2026-01-23 07:00:00,2026-01-23 08:15:00,2026-01-23 07:01:28,2026-01-23 07:15:08,13.67,150,68,45.3,33.14,17,0.611,0,4.4,71.47,0,6.06,65.56
T00276,GRADE,DOZ001,DOZER,OP005,2026-01-14 08:15:00,2026-01-14 10:15:00,2026-01-14 08:11:25,2026-01-14 10:19:24,127.98,1010,1010,100.0,58.22,118,0.484,0,6.12,34.89,0,13.47,592.81
T00277,GRADE,DOZ001,DOZER,OP007,2026-01-13 07:15:00,2026-01-13 09:15:00,2026-01-13 07:17:24,2026-01-13 10:02:41,165.29,862,862,100.0,84.0,107,0.616,1,6.81,51.85,0,15.49,820.19
T00278,GRADE,DOZ001,DOZER,OP004,2026-01-27 06:00:00,2026-01-27 08:00:00,2026-01-27 05:48:19,2026-01-27 07:22:05,93.78,761,723,95.0,57.64,77,0.106,0,7.49,66.04,1,12.92,471.59
T00279,GRADE,DOZ001,DOZER,OP004,2026-01-08 13:30:00,2026-01-08 15:30:00,2026-01-08 13:09:41,2026-01-08 14:45:18,95.62,467,467,100.0,84.0,58,0.719,1,5.76,80.5,0,14.42,512.67
T00280,DIG,EXC001,EXCAVATOR,OP007,2026-01-20 06:15:00,2026-01-20 07:30:00,2026-01-20 06:06:45,2026-01-20 06:31:05,24.34,291,291,100.0,40.84,32,0.392,0,1.74,65.16,1,2.56,140.74
T00281,DIG,EXC002,EXCAVATOR,OP001,2026-01-08 17:00:00,2026-01-08 18:15:00,2026-01-08 17:04:26,2026-01-08 17:45:50,41.41,491,466,94.9,31.77,53,0.121,0,6.64,73.96,0,11.02,187.47
T00282,LIFT,EXC001,EXCAVATOR,OP003,2026-01-17 10:15:00,2026-01-17 11:55:00,2026-01-17 10:08:13,2026-01-17 10:31:49,23.61,101,91,90.1,74.02,11,0.26,0,3.68,71.46,0,8.88,114.25
T00283,LOAD,LOD001,LOADER,OP005,2026-01-29 08:15:00,2026-01-29 09:35:00,2026-01-29 08:19:05,2026-01-29 08:39:46,20.69,145,145,100.0,39.94,16,0.376,0,5.52,73.6,0,10.04,81.58
T00284,DIG,EXC001,EXCAVATOR,OP007,2026-01-18 13:00:00,2026-01-18 14:15:00,2026-01-18 13:14:18,2026-01-18 13:56:25,42.12,432,194,44.9,42.52,51,0.419,0,7.38,76.72,0,5.01,244.4
T00285,GRADE,DOZ001,DOZER,OP007,2026-01-14 08:30:00,2026-01-14 10:30:00,2026-01-14 08:33:46,2026-01-14 11:05:11,151.42,920,920,100.0,78.85,106,0.458,1,3.56,84.85,0,12.12,899.09
T00286,GRADE,DOZ001,DOZER,OP004,2026-01-10 17:15:00,2026-01-10 19:15:00,2026-01-10 17:13:18,2026-01-10 19:07:56,114.63,1098,604,55.0,56.86,119,0.301,0,2.9,63.33,0,10.51,713.91
T00287,GRADE,DOZ001,DOZER,OP003,2026-01-13 09:30:00,2026-01-13 11:30:00,2026-01-13 09:28:06,2026-01-13 10:35:22,67.28,566,566,100.0,55.69,66,0.515,0,3.65,59.39,0,6.02,373.7
T00288,DIG,EXC002,EXCAVATOR,OP006,2026-01-03 14:15:00,2026-01-03 15:30:00,2026-01-03 14:36:55,2026-01-03 14:55:45,18.84,132,132,100.0,36.15,18,0.753,0,4.2,51.62,0,7.99,64.87
T00289,DIG,EXC001,EXCAVATOR,OP004,2026-01-26 15:15:00,2026-01-26 16:30:00,2026-01-26 15:20:44,2026-01-26 16:00:50,40.1,570,570,100.0,33.2,61,0.106,0,6.72,66.78,0,6.35,206.36
T00290,LOAD,LOD001,LOADER,OP001,2026-01-07 09:00:00,2026-01-07 10:20:00,2026-01-07 08:54:33,2026-01-07 09:31:26,36.89,231,104,45.0,53.38,29,0.547,1,4.97,59.67,0,15.79,181.58
T00291,GRADE,DOZ001,DOZER,OP004,2026-01-13 09:30:00,2026-01-13 11:30:00,2026-01-13 09:33:27,2026-01-13 10:51:41,78.24,729,729,100.0,55.22,78,0.156,0,5.28,59.78,0,6.46,435.15
T00292,LOAD,LOD001,LOADER,OP005,2026-01-12 14:45:00,2026-01-12 16:05:00,2026-01-12 14:41:23,2026-01-12 15:01:42,20.32,159,159,100.0,31.43,18,0.184,0,2.95,64.18,0,10.89,73.06
T00293,GRADE,DOZ001,DOZER,OP004,2026-01-12 11:45:00,2026-01-12 13:45:00,2026-01-12 11:47:10,2026-01-12 12:20:25,33.25,243,219,90.1,52.85,28,0.236,0,4.08,56.73,0,8.36,142.05
T00294,LIFT,EXC001,EXCAVATOR,OP001,2026-01-09 14:45:00,2026-01-09 16:25:00,2026-01-09 14:18:12,2026-01-09 14:51:23,33.2,95,95,100.0,103.63,12,0.703,1,5.12,74.36,0,12.47,177.86
T00295,LOAD,LOD001,LOADER,OP007,2026-01-19 09:45:00,2026-01-19 11:05:00,2026-01-19 09:40:24,2026-01-19 10:02:19,21.91,180,162,90.0,51.83,22,0.522,0,6.33,80.11,0,3.76,144.8
T00296,LOAD,LOD001,LOADER,OP008,2026-01-24 16:45:00,2026-01-24 18:05:00,2026-01-24 16:50:46,2026-01-24 17:08:22,17.6,157,157,100.0,44.4,18,0.251,0,4.12,85.15,0,4.28,109.2
T00297,LOAD,LOD001,LOADER,OP003,2026-01-24 14:45:00,2026-01-24 16:05:00,2026-01-24 14:59:11,2026-01-24 15:12:48,13.61,87,48,55.2,43.98,10,0.355,0,5.33,61.16,0,7.14,52.67
T00298,DIG,EXC001,EXCAVATOR,OP002,2026-01-27 16:00:00,2026-01-27 17:15:00,2026-01-27 16:13:45,2026-01-27 16:25:50,12.08,86,86,100.0,35.33,10,0.448,0,3.2,62.75,0,6.19,37.83
T00299,LIFT,EXC001,EXCAVATOR,OP003,2026-01-01 09:45:00,2026-01-01 11:25:00,2026-01-01 09:48:50,2026-01-01 10:26:07,37.29,115,115,100.0,95.14,14,0.522,1,3.0,73.36,0,15.09,181.92
T00300,GRADE,DOZ001,DOZER,OP001,2026-01-01 14:45:00,2026-01-01 16:45:00,2026-01-01 15:03:06,2026-01-01 15:50:45,47.64,174,174,100.0,75.9,22,0.607,1,11.26,49.03,0,19.81,166.2
T00301,LOAD,LOD001,LOADER,OP001,2026-01-17 17:45:00,2026-01-17 19:05:00,2026-01-17 17:53:18,2026-01-17 18:20:11,26.88,246,135,54.9,41.54,29,0.522,0,0.0,63.1,0,6.97,140.97
T00302,LIFT,EXC001,EXCAVATOR,OP002,2026-01-17 08:15:00,2026-01-17 09:55:00,2026-01-17 08:08:10,2026-01-17 08:31:56,23.77,69,62,89.9,78.57,8,0.296,0,3.89,77.6,0,14.32,91.05
T00303,LOAD,LOD001,LOADER,OP005,2026-01-26 12:00:00,2026-01-26 13:20:00,2026-01-26 11:58:57,2026-01-26 12:18:39,19.71,135,61,45.2,35.8,15,0.117,0,6.14,64.63,0,12.4,65.65
T00304,GRADE,DOZ001,DOZER,OP004,2026-01-10 16:00:00,2026-01-10 18:00:00,2026-01-10 15:51:21,2026-01-10 16:42:47,51.43,214,214,100.0,80.67,26,0.548,1,7.16,57.37,0,16.47,212.55
T00305,GRADE,DOZ001,DOZER,OP008,2026-01-02 16:00:00,2026-01-02 18:00:00,2026-01-02 16:13:58,2026-01-02 17:23:30,69.53,500,500,100.0,61.2,59,0.475,0,8.0,46.67,0,9.36,348.06
T00306,GRADE,DOZ001,DOZER,OP002,2026-01-29 14:00:00,2026-01-29 16:00:00,2026-01-29 13:37:28,2026-01-29 14:58:18,80.83,620,620,100.0,59.98,70,0.258,0,5.7,65.15,0,10.86,434.48
T00307,GRADE,DOZ001,DOZER,OP001,2026-01-30 07:30:00,2026-01-30 09:30:00,2026-01-30 07:16:11,2026-01-30 07:49:39,33.46,217,217,100.0,57.19,25,0.298,0,4.64,67.69,0,9.63,137.92
T00308,LOAD,LOD001,LOADER,OP004,2026-01-19 08:45:00,2026-01-19 10:05:00,2026-01-19 09:15:01,2026-01-19 09:26:58,11.95,59,59,100.0,46.42,7,0.342,0,4.74,77.06,0,6.53,42.56
T00309,LIFT,EXC002,EXCAVATOR,OP006,2026-01-13 17:15:00,2026-01-13 18:55:00,2026-01-13 16:50:13,2026-01-13 16:59:10,8.96,40,38,95.0,68.86,5,0.048,0,9.89,68.25,0,2.68,47.16
T00310,LOAD,LOD001,LOADER,OP002,2026-01-14 09:00:00,2026-01-14 10:20:00,2026-01-14 09:04:31,2026-01-14 09:29:03,24.53,127,114,89.8,38.18,15,0.334,0,2.97,72.29,0,13.29,82.52
T00311,GRADE,DOZ001,DOZER,OP001,2026-01-21 10:45:00,2026-01-21 12:45:00,2026-01-21 10:44:03,2026-01-21 13:47:45,183.71,1154,1154,100.0,74.12,137,0.733,1,2.5,53.9,0,14.47,937.28
T00312,GRADE,DOZ001,DOZER,OP003,2026-01-22 15:45:00,2026-01-22 17:45:00,2026-01-22 15:41:04,2026-01-22 16:13:06,32.02,325,244,75.1,49.97,35,0.287,0,0.07,76.85,0,4.44,188.22
T00313,LOAD,LOD001,LOADER,OP002,2026-01-03 10:15:00,2026-01-03 11:35:00,2026-01-03 10:17:27,2026-01-03 10:36:50,19.39,137,116,84.7,36.75,16,0.268,0,1.28,43.61,0,10.04,65.05
T00314,LIFT,EXC002,EXCAVATOR,OP006,2026-01-12 07:00:00,2026-01-12 08:40:00,2026-01-12 07:08:31,2026-01-12 07:16:39,8.13,21,9,42.9,83.3,3,0.551,0,1.06,66.6,0,1.55,32.94
T00315,GRADE,DOZ001,DOZER,OP005,2026-01-04 08:00:00,2026-01-04 10:00:00,2026-01-04 07:45:43,2026-01-04 09:02:40,76.95,533,506,94.9,60.43,64,0.498,0,6.6,62.79,0,10.11,376.15
T00316,GRADE,DOZ001,DOZER,OP001,2026-01-03 11:00:00,2026-01-03 13:00:00,2026-01-03 10:55:39,2026-01-03 12:34:49,99.16,814,529,65.0,60.67,96,0.511,0,9.04,59.07,0,10.49,561.65
T00317,DIG,EXC002,EXCAVATOR,OP007,2026-01-13 07:15:00,2026-01-13 08:30:00,2026-01-13 07:01:48,2026-01-13 07:54:50,53.03,613,613,100.0,36.5,68,0.296,1,4.72,68.65,0,11.66,279.49
T00318,GRADE,DOZ001,DOZER,OP003,2026-01-09 10:30:00,2026-01-09 12:30:00,2026-01-09 10:40:38,2026-01-09 13:09:32,148.9,1159,1159,100.0,61.68,138,0.661,0,1.09,66.49,0,7.05,905.47
T00319,LIFT,EXC002,EXCAVATOR,OP005,2026-01-14 10:45:00,2026-01-14 12:25:00,2026-01-14 10:42:05,2026-01-14 10:57:07,15.03,39,39,100.0,76.0,5,0.29,0,2.61,65.06,0,8.7,56.95
T00320,LIFT,EXC002,EXCAVATOR,OP004,2026-01-15 07:15:00,2026-01-15 08:55:00,2026-01-15 07:15:01,2026-01-15 07:36:29,21.47,97,97,100.0,82.82,11,0.127,0,0.0,92.84,0,6.28,133.59
T00321,GRADE,DOZ001,DOZER,OP007,2026-01-26 11:45:00,2026-01-26 13:45:00,2026-01-26 11:16:42,2026-01-26 12:59:23,102.68,835,793,95.0,61.95,93,0.35,0,4.69,32.87,0,9.69,494.19
T00322,LIFT,EXC002,EXCAVATOR,OP006,2026-01-20 17:15:00,2026-01-20 18:55:00,2026-01-20 17:30:08,2026-01-20 17:57:13,27.08,142,142,100.0,80.53,17,0.298,0,5.18,76.86,0,4.27,188.23
T00323,GRADE,DOZ001,DOZER,OP005,2026-01-24 17:45:00,2026-01-24 19:45:00,2026-01-24 17:50:31,2026-01-24 18:44:34,54.05,646,646,100.0,43.96,66,0.069,0,3.67,57.54,0,5.7,279.21
T00324,LOAD,LOD001,LOADER,OP006,2026-01-04 15:15:00,2026-01-04 16:35:00,2026-01-04 15:19:18,2026-01-04 15:36:40,17.36,191,86,45.0,41.71,22,0.299,0,5.36,90.13,0,3.64,119.35
T00325,LIFT,EXC001,EXCAVATOR,OP008,2026-01-23 09:45:00,2026-01-23 11:25:00,2026-01-23 09:53:07,2026-01-23 10:28:47,35.67,94,61,64.9,114.55,13,0.735,0,4.05,85.37,0,12.84,212.44
T00326,DIG,EXC002,EXCAVATOR,OP008,2026-01-05 16:30:00,2026-01-05 17:45:00,2026-01-05 16:31:47,2026-01-05 17:08:15,36.46,327,327,100.0,41.5,43,0.824,0,6.1,70.44,0,6.72,189.71
T00327,LIFT,EXC002,EXCAVATOR,OP007,2026-01-03 13:45:00,2026-01-03 15:25:00,2026-01-03 14:07:16,2026-01-03 14:29:32,22.26,122,116,95.1,79.81,14,0.446,0,3.78,70.62,0,5.28,152.0
T00328,GRADE,DOZ001,DOZER,OP006,2026-01-23 14:00:00,2026-01-23 16:00:00,2026-01-23 14:00:06,2026-01-23 14:53:38,53.54,373,280,75.1,58.4,41,0.339,1,10.89,59.94,0,12.64,240.99
T00329,LOAD,LOD001,LOADER,OP001,2026-01-19 16:45:00,2026-01-19 18:05:00,2026-01-19 16:37:55,2026-01-19 17:01:27,23.54,232,232,100.0,36.12,25,0.057,0,2.12,52.9,0,8.49,108.28
T00330,GRADE,DOZ001,DOZER,OP001,2026-01-04 10:15:00,2026-01-04 12:15:00,2026-01-04 10:17:23,2026-01-04 12:49:50,152.46,1195,1016,85.0,65.03,144,0.685,0,4.59,30.96,0,11.85,814.64
T00331,LIFT,EXC002,EXCAVATOR,OP006,2026-01-13 13:15:00,2026-01-13 14:55:00,2026-01-13 13:01:32,2026-01-13 13:24:35,23.05,108,49,45.4,83.95,13,0.494,0,7.29,73.13,0,5.21,149.89
T00332,GRADE,DOZ001,DOZER,OP005,2026-01-14 07:00:00,2026-01-14 09:00:00,2026-01-14 07:11:40,2026-01-14 08:08:50,57.16,440,440,100.0,54.1,55,0.693,0,1.08,49.93,0,7.57,290.98
T00333,LOAD,LOD001,LOADER,OP004,2026-01-17 13:30:00,2026-01-17 14:50:00,2026-01-17 13:44:28,2026-01-17 14:06:16,21.8,161,161,100.0,42.99,18,0.188,0,2.19,78.83,0,8.9,98.81
T00334,GRADE,DOZ001,DOZER,OP002,2026-01-10 06:00:00,2026-01-10 08:00:00,2026-01-10 06:08:47,2026-01-10 06:46:27,37.67,196,127,64.8,54.03,22,0.265,1,2.59,50.26,1,15.36,113.82
T00335,DIG,EXC001,EXCAVATOR,OP004,2026-01-17 08:15:00,2026-01-17 09:30:00,2026-01-17 07:54:20,2026-01-17 08:25:16,30.93,418,397,95.0,34.71,46,0.348,0,4.78,69.06,0,8.45,174.0
T00336,GRADE,DOZ001,DOZER,OP007,2026-01-21 08:15:00,2026-01-21 10:15:00,2026-01-21 08:33:40,2026-01-21 10:42:35,128.9,1035,1035,100.0,65.76,115,0.255,0,7.4,76.99,0,2.86,813.63
T00337,LIFT,EXC002,EXCAVATOR,OP007,2026-01-13 06:15:00,2026-01-13 07:55:00,2026-01-13 06:15:12,2026-01-13 06:38:19,23.12,72,72,100.0,116.0,9,0.547,0,9.96,86.25,1,5.72,140.4
T00338,DIG,EXC001,EXCAVATOR,OP003,2026-01-12 11:15:00,2026-01-12 12:30:00,2026-01-12 11:18:24,2026-01-12 11:55:36,37.19,548,548,100.0,29.57,58,0.143,0,0.0,72.04,0,8.6,187.55
T00339,GRADE,DOZ001,DOZER,OP007,2026-01-20 12:00:00,2026-01-20 14:00:00,2026-01-20 12:04:50,2026-01-20 13:51:19,106.49,862,862,100.0,61.7,101,0.433,0,3.03,60.32,0,2.63,594.78
T00340,GRADE,DOZ001,DOZER,OP005,2026-01-30 15:00:00,2026-01-30 17:00:00,2026-01-30 14:52:35,2026-01-30 15:53:29,60.9,424,424,100.0,61.62,50,0.547,0,10.22,61.57,0,9.54,301.24
T00341,LIFT,EXC002,EXCAVATOR,OP002,2026-01-06 11:15:00,2026-01-06 12:55:00,2026-01-06 11:24:09,2026-01-06 11:56:35,32.43,150,150,100.0,74.85,17,0.436,0,5.41,70.67,0,11.22,165.18
T00342,LIFT,EXC002,EXCAVATOR,OP007,2026-01-06 13:15:00,2026-01-06 14:55:00,2026-01-06 13:07:22,2026-01-06 13:33:14,25.85,62,59,95.2,114.89,8,0.522,1,7.5,70.58,0,11.28,124.86
T00343,LIFT,EXC001,EXCAVATOR,OP006,2026-01-27 13:00:00,2026-01-27 14:40:00,2026-01-27 13:04:12,2026-01-27 13:26:40,22.47,111,50,45.0,71.46,13,0.455,0,3.52,53.82,0,8.35,119.95
T00344,GRADE,DOZ001,DOZER,OP004,2026-01-27 12:45:00,2026-01-27 14:45:00,2026-01-27 12:26:03,2026-01-27 14:12:36,106.55,987,839,85.0,57.6,106,0.131,0,5.24,51.97,0,8.74,580.32
T00345,GRADE,DOZ001,DOZER,OP008,2026-01-06 07:00:00,2026-01-06 09:00:00,2026-01-06 07:15:12,2026-01-06 08:37:50,82.62,601,601,100.0,57.91,69,0.378,1,0.93,63.35,0,16.02,392.3
T00346,LOAD,LOD001,LOADER,OP005,2026-01-06 13:45:00,2026-01-06 15:05:00,2026-01-06 13:50:00,2026-01-06 14:21:38,31.62,180,171,95.0,45.27,20,0.445,1,0.0,83.89,0,18.18,127.61
T00347,DIG,EXC002,EXCAVATOR,OP006,2026-01-18 06:45:00,2026-01-18 08:00:00,2026-01-18 06:28:15,2026-01-18 07:23:12,54.93,639,639,100.0,41.5,70,0.301,0,9.73,80.43,1,6.52,338.02
T00348,GRADE,DOZ001,DOZER,OP004,2026-01-10 06:45:00,2026-01-10 08:45:00,2026-01-10 06:38:03,2026-01-10 08:23:58,105.91,688,688,100.0,71.67,82,0.48,0,3.21,54.66,1,7.96,568.77
T00349,DIG,EXC002,EXCAVATOR,OP002,2026-01-25 09:15:00,2026-01-25 10:30:00,2026-01-25 09:03:29,2026-01-25 09:56:40,53.18,439,285,64.9,46.78,54,0.566,1,6.9,84.77,0,14.57,284.5
T00350,GRADE,DOZ001,DOZER,OP003,2026-01-26 09:15:00,2026-01-26 11:15:00,2026-01-26 09:07:54,2026-01-26 09:44:37,36.72,271,244,90.0,50.21,30,0.111,0,3.98,62.93,0,11.06,147.97
T00351,LOAD,LOD001,LOADER,OP006,2026-01-23 10:30:00,2026-01-23 11:50:00,2026-01-23 10:53:40,2026-01-23 11:10:15,16.59,186,186,100.0,35.64,21,0.262,0,3.33,75.44,0,4.12,97.49
T00352,DIG,EXC001,EXCAVATOR,OP007,2026-01-30 06:30:00,2026-01-30 07:45:00,2026-01-30 06:22:20,2026-01-30 06:48:28,26.13,209,178,85.2,47.91,25,0.59,0,6.64,69.68,1,4.32,134.84
T00353,LIFT,EXC001,EXCAVATOR,OP003,2026-01-23 11:15:00,2026-01-23 12:55:00,2026-01-23 11:13:28,2026-01-23 11:38:09,24.69,120,114,95.0,70.81,14,0.398,0,0.0,56.67,0,10.01,124.97
T00354,LOAD,LOD001,LOADER,OP007,2026-01-15 07:00:00,2026-01-15 08:20:00,2026-01-15 07:20:37,2026-01-15 07:36:52,16.25,143,136,95.1,40.14,16,0.176,0,6.85,71.21,0,6.83,76.71
T00355,LOAD,LOD001,LOADER,OP008,2026-01-16 11:00:00,2026-01-16 12:20:00,2026-01-16 10:53:55,2026-01-16 11:16:40,22.75,238,155,65.1,36.73,26,0.171,0,2.58,63.57,0,9.16,118.4
T00356,DIG,EXC002,EXCAVATOR,OP006,2026-01-28 07:45:00,2026-01-28 09:00:00,2026-01-28 07:42:56,2026-01-28 08:12:19,29.39,303,136,44.9,30.17,34,0.269,1,2.86,68.28,0,11.04,113.13
T00357,LIFT,EXC002,EXCAVATOR,OP005,2026-01-11 10:30:00,2026-01-11 12:10:00,2026-01-11 10:29:54,2026-01-11 11:03:25,33.53,160,144,90.0,80.74,19,0.424,0,7.36,85.19,0,8.41,220.47
T00358,GRADE,DOZ001,DOZER,OP001,2026-01-02 07:45:00,2026-01-02 09:45:00,2026-01-02 07:50:52,2026-01-02 08:20:38,29.77,183,183,100.0,51.3,21,0.224,0,3.62,77.3,0,11.82,117.62
T00359,LIFT,EXC002,EXCAVATOR,OP008,2026-01-01 12:15:00,2026-01-01 13:55:00,2026-01-01 12:09:33,2026-01-01 12:38:34,29.02,53,34,64.2,116.0,7,0.763,1,8.54,70.88,0,16.55,101.67
T00360,LOAD,LOD001,LOADER,OP005,2026-01-03 16:30:00,2026-01-03 17:50:00,2026-01-03 16:53:22,2026-01-03 17:20:41,27.31,104,104,100.0,46.28,13,0.614,1,2.9,82.96,0,17.28,81.99
T00361,LIFT,EXC001,EXCAVATOR,OP007,2026-01-21 10:15:00,2026-01-21 11:55:00,2026-01-21 09:58:17,2026-01-21 10:19:25,21.15,129,116,89.9,69.11,14,0.119,0,0.0,47.68,0,5.08,121.47
T00362,DIG,EXC001,EXCAVATOR,OP004,2026-01-16 07:15:00,2026-01-16 08:30:00,2026-01-16 07:40:17,2026-01-16 08:05:57,25.68,311,295,94.9,35.36,34,0.29,0,4.02,90.16,0,8.5,140.9
T00363,GRADE,DOZ001,DOZER,OP001,2026-01-23 11:00:00,2026-01-23 13:00:00,2026-01-23 11:05:45,2026-01-23 12:59:51,114.09,1014,862,85.0,52.33,112,0.166,0,2.7,76.65,0,8.63,582.57
T00364,GRADE,DOZ001,DOZER,OP004,2026-01-13 07:00:00,2026-01-13 09:00:00,2026-01-13 06:48:35,2026-01-13 07:37:20,48.74,361,361,100.0,57.98,40,0.113,0,6.55,48.26,0,10.09,209.69
T00365,LOAD,LOD001,LOADER,OP007,2026-01-25 08:15:00,2026-01-25 09:35:00,2026-01-25 07:57:02,2026-01-25 08:06:46,9.73,57,54,94.7,37.13,7,0.145,0,0.94,59.53,0,6.61,31.73
T00366,DIG,EXC001,EXCAVATOR,OP008,2026-01-12 17:15:00,2026-01-12 18:30:00,2026-01-12 17:22:06,2026-01-12 17:47:08,25.04,235,129,54.9,40.04,27,0.397,0,6.12,82.07,0,9.88,124.75
T00367,GRADE,DOZ001,DOZER,OP002,2026-01-29 07:15:00,2026-01-29 09:15:00,2026-01-29 07:14:01,2026-01-29 08:25:22,71.34,402,362,90.0,71.43,46,0.451,1,11.19,71.84,0,17.42,353.72
T00368,GRADE,DOZ001,DOZER,OP007,2026-01-11 08:15:00,2026-01-11 10:15:00,2026-01-11 08:21:40,2026-01-11 09:32:40,71.0,717,645,90.0,56.82,77,0.02,0,10.09,64.07,0,4.98,436.7
T00369,LIFT,EXC002,EXCAVATOR,OP001,2026-01-28 16:30:00,2026-01-28 18:10:00,2026-01-28 16:43:14,2026-01-28 17:01:46,18.54,72,68,94.4,84.14,8,0.441,0,4.5,80.15,0,9.42,92.33
T00370,LIFT,EXC002,EXCAVATOR,OP005,2026-01-21 06:15:00,2026-01-21 07:55:00,2026-01-21 06:23:01,2026-01-21 06:54:29,31.47,146,146,100.0,84.63,17,0.231,0,3.46,78.51,1,7.5,189.04
T00371,LIFT,EXC002,EXCAVATOR,OP002,2026-01-17 06:30:00,2026-01-17 08:10:00,2026-01-17 06:37:44,2026-01-17 07:03:54,26.17,101,101,100.0,79.68,12,0.386,0,3.94,65.71,1,10.23,128.16
T00372,GRADE,DOZ001,DOZER,OP003,2026-01-25 13:00:00,2026-01-25 15:00:00,2026-01-25 13:05:01,2026-01-25 13:33:56,28.93,184,166,90.2,53.5,21,0.228,0,3.58,72.09,0,10.84,113.75
T00373,DIG,EXC002,EXCAVATOR,OP004,2026-01-02 06:45:00,2026-01-02 08:00:00,2026-01-02 06:20:23,2026-01-02 07:25:01,64.62,598,598,100.0,41.45,72,0.405,1,2.02,62.79,1,14.88,315.56
T00374,GRADE,DOZ001,DOZER,OP007,2026-01-03 16:15:00,2026-01-03 18:15:00,2026-01-03 16:18:36,2026-01-03 18:27:51,129.25,718,718,100.0,83.51,85,0.599,1,5.55,52.61,0,10.94,632.79
T00375,DIG,EXC001,EXCAVATOR,OP003,2026-01-18 11:45:00,2026-01-18 13:00:00,2026-01-18 11:53:09,2026-01-18 12:07:49,14.67,147,147,100.0,32.94,17,0.231,0,6.26,65.2,0,5.33,61.35
T00376,GRADE,DOZ001,DOZER,OP001,2026-01-08 07:45:00,2026-01-08 09:45:00,2026-01-08 07:35:53,2026-01-08 08:21:46,45.88,387,368,95.1,52.87,44,0.212,0,1.56,68.69,0,10.04,236.16
T00377,DIG,EXC002,EXCAVATOR,OP003,2026-01-04 06:15:00,2026-01-04 07:30:00,2026-01-04 06:18:33,2026-01-04 06:36:22,17.82,91,91,100.0,50.0,11,0.712,1,6.42,66.58,1,8.65,60.91
T00378,LOAD,LOD001,LOADER,OP003,2026-01-12 08:30:00,2026-01-12 09:50:00,2026-01-12 08:20:05,2026-01-12 08:59:35,39.5,227,148,65.2,60.0,27,0.788,0,11.64,83.82,0,10.72,206.84
T00379,DIG,EXC002,EXCAVATOR,OP007,2026-01-09 14:00:00,2026-01-09 15:15:00,2026-01-09 14:10:25,2026-01-09 14:45:07,34.7,349,297,85.1,38.96,40,0.378,0,3.0,69.51,0,11.76,180.97
T00380,DIG,EXC002,EXCAVATOR,OP008,2026-01-17 11:00:00,2026-01-17 12:15:00,2026-01-17 11:05:59,2026-01-17 11:59:05,53.09,591,384,65.0,39.63,65,0.303,1,7.21,80.06,0,14.24,292.66
T00381,LIFT,EXC002,EXCAVATOR,OP003,2026-01-09 07:00:00,2026-01-09 08:40:00,2026-01-09 07:08:03,2026-01-09 07:25:54,17.86,78,66,84.6,77.61,10,0.411,0,2.2,63.81,0,5.86,100.86
T00382,DIG,EXC001,EXCAVATOR,OP001,2026-01-08 06:45:00,2026-01-08 08:00:00,2026-01-08 07:00:54,2026-01-08 07:43:00,42.11,452,452,100.0,36.75,54,0.618,0,0.44,58.99,1,9.03,202.39
T00383,LIFT,EXC001,EXCAVATOR,OP001,2026-01-18 17:45:00,2026-01-18 19:25:00,2026-01-18 17:52:02,2026-01-18 18:15:34,23.53,77,77,100.0,90.23,9,0.436,0,5.68,86.02,0,9.99,114.52
T00384,GRADE,DOZ001,DOZER,OP005,2026-01-27 07:30:00,2026-01-27 09:30:00,2026-01-27 07:35:39,2026-01-27 08:31:40,56.02,394,374,94.9,58.14,47,0.462,0,6.97,54.98,0,10.26,273.83
T00385,DIG,EXC001,EXCAVATOR,OP004,2026-01-26 14:00:00,2026-01-26 15:15:00,2026-01-26 14:26:27,2026-01-26 15:05:13,38.76,490,490,100.0,34.16,53,0.296,0,4.51,80.3,0,8.58,207.13
T00386,GRADE,DOZ001,DOZER,OP005,2026-01-11 07:45:00,2026-01-11 09:45:00,2026-01-11 07:57:43,2026-01-11 08:41:47,44.08,166,166,100.0,70.72,21,0.805,1,0.76,75.29,0,19.32,163.01
T00387,LOAD,LOD001,LOADER,OP004,2026-01-15 11:45:00,2026-01-15 13:05:00,2026-01-15 11:36:16,2026-01-15 12:06:24,30.13,237,178,75.1,45.77,27,0.267,0,6.74,68.08,0,8.47,147.26
T00388,LIFT,EXC001,EXCAVATOR,OP001,2026-01-30 12:00:00,2026-01-30 13:40:00,2026-01-30 12:22:17,2026-01-30 12:43:51,21.56,79,75,94.9,86.26,9,0.434,0,3.07,87.41,0,8.1,109.25
T00389,DIG,EXC002,EXCAVATOR,OP001,2026-01-25 16:45:00,2026-01-25 18:00:00,2026-01-25 17:06:23,2026-01-25 17:42:15,35.87,394,394,100.0,38.23,45,0.453,0,11.2,66.85,0,7.2,188.23
T00390,LIFT,EXC002,EXCAVATOR,OP008,2026-01-02 08:30:00,2026-01-02 10:10:00,2026-01-02 08:49:10,2026-01-02 09:08:07,18.94,43,43,100.0,82.39,5,0.237,1,1.75,67.7,0,12.08,61.56
T00391,LIFT,EXC002,EXCAVATOR,OP006,2026-01-15 17:00:00,2026-01-15 18:40:00,2026-01-15 16:57:28,2026-01-15 17:10:16,12.8,44,42,95.5,86.25,6,0.516,0,4.56,76.43,0,5.71,67.76
T00392,GRADE,DOZ001,DOZER,OP001,2026-01-14 16:15:00,2026-01-14 18:15:00,2026-01-14 16:41:13,2026-01-14 18:01:55,80.7,634,634,100.0,57.82,68,0.227,1,5.87,69.89,0,15.17,423.22
T00393,LOAD,LOD001,LOADER,OP006,2026-01-11 13:30:00,2026-01-11 14:50:00,2026-01-11 13:39:58,2026-01-11 13:59:59,20.01,99,99,100.0,43.21,12,0.448,1,7.2,80.28,0,11.37,71.2
T00394,LIFT,EXC001,EXCAVATOR,OP002,2026-01-05 07:15:00,2026-01-05 08:55:00,2026-01-05 07:10:58,2026-01-05 07:39:11,28.21,135,128,94.8,68.04,15,0.262,0,1.09,64.78,0,12.4,133.14
T00395,GRADE,DOZ001,DOZER,OP006,2026-01-25 09:45:00,2026-01-25 11:45:00,2026-01-25 09:55:40,2026-01-25 11:06:56,71.26,781,742,95.0,46.97,83,0.12,0,5.13,53.07,0,1.65,355.2
T00396,DIG,EXC001,EXCAVATOR,OP003,2026-01-26 16:30:00,2026-01-26 17:45:00,2026-01-26 16:31:02,2026-01-26 16:49:14,18.2,121,121,100.0,39.12,15,0.485,0,5.44,82.78,0,8.42,68.01
T00397,LOAD,LOD001,LOADER,OP002,2026-01-23 09:30:00,2026-01-23 10:50:00,2026-01-23 09:16:32,2026-01-23 09:37:36,21.08,141,134,95.0,34.8,16,0.26,0,5.91,53.79,0,12.92,69.38
T00398,LOAD,LOD001,LOADER,OP003,2026-01-01 12:45:00,2026-01-01 14:05:00,2026-01-01 13:13:04,2026-01-01 13:34:41,21.62,182,155,85.2,42.96,20,0.2,0,5.85,82.61,0,7.33,107.45
T00399,LIFT,EXC001,EXCAVATOR,OP008,2026-01-04 08:00:00,2026-01-04 09:40:00,2026-01-04 07:48:45,2026-01-04 08:02:26,13.69,23,23,100.0,71.6,3,0.276,0,0.57,92.73,0,10.11,35.21
T00400,LIFT,EXC001,EXCAVATOR,OP004,2026-01-27 12:30:00,2026-01-27 14:10:00,2026-01-27 12:36:59,2026-01-27 13:01:14,24.24,41,37,90.2,93.22,5,0.268,1,6.15,82.67,0,16.93,73.43
T00401,LOAD,LOD001,LOADER,OP001,2026-01-03 09:45:00,2026-01-03 11:05:00,2026-01-03 09:42:27,2026-01-03 10:22:51,40.39,247,247,100.0,45.24,28,0.42,1,2.65,67.75,0,19.28,157.22
T00402,LOAD,LOD001,LOADER,OP001,2026-01-15 06:15:00,2026-01-15 07:35:00,2026-01-15 06:13:53,2026-01-15 06:50:30,36.61,186,177,95.2,60.0,23,0.597,1,2.07,71.89,1,14.19,164.74
T00403,GRADE,DOZ001,DOZER,OP001,2026-01-13 16:45:00,2026-01-13 18:45:00,2026-01-13 17:06:37,2026-01-13 18:13:07,66.51,503,503,100.0,58.43,59,0.442,0,8.43,50.08,0,9.06,329.38
T00404,LIFT,EXC002,EXCAVATOR,OP005,2026-01-15 08:00:00,2026-01-15 09:40:00,2026-01-15 07:55:34,2026-01-15 08:34:58,39.41,82,74,90.2,94.59,10,0.526,1,5.11,71.54,0,21.12,123.82
T00405,GRADE,DOZ001,DOZER,OP008,2026-01-02 07:30:00,2026-01-02 09:30:00,2026-01-02 07:25:48,2026-01-02 10:00:45,154.94,934,934,100.0,72.95,115,0.656,1,0.0,41.53,0,15.12,728.25
T00406,LIFT,EXC001,EXCAVATOR,OP001,2026-01-13 17:30:00,2026-01-13 19:10:00,2026-01-13 17:34:19,2026-01-13 18:07:14,32.92,142,135,95.1,85.95,17,0.387,0,7.75,70.94,0,10.6,188.07
T00407,GRADE,DOZ001,DOZER,OP006,2026-01-13 10:15:00,2026-01-13 12:15:00,2026-01-13 10:19:59,2026-01-13 10:45:17,25.31,203,203,100.0,57.86,24,0.521,0,6.3,54.26,0,2.16,129.76
T00408,LIFT,EXC001,EXCAVATOR,OP005,2026-01-02 13:30:00,2026-01-02 15:10:00,2026-01-02 13:48:58,2026-01-02 14:10:30,21.53,79,36,45.6,77.01,9,0.317,0,5.62,67.31,0,12.45,93.87
T00409,DIG,EXC001,EXCAVATOR,OP004,2026-01-09 14:00:00,2026-01-09 15:15:00,2026-01-09 13:46:23,2026-01-09 14:09:46,23.38,304,274,90.1,32.9,33,0.194,0,4.46,76.19,0,6.17,119.37
T00410,GRADE,DOZ001,DOZER,OP003,2026-01-06 09:30:00,2026-01-06 11:30:00,2026-01-06 09:22:44,2026-01-06 11:08:18,105.57,884,486,55.0,62.02,102,0.344,0,5.79,62.89,0,5.8,638.24
T00411,DIG,EXC002,EXCAVATOR,OP003,2026-01-19 09:45:00,2026-01-19 11:00:00,2026-01-19 09:20:02,2026-01-19 10:20:04,60.03,635,635,100.0,38.46,75,0.631,0,6.53,56.0,0,11.95,302.61
T00412,GRADE,DOZ001,DOZER,OP002,2026-01-02 09:15:00,2026-01-02 11:15:00,2026-01-02 09:30:52,2026-01-02 10:07:01,36.15,190,180,94.7,61.31,23,0.583,0,1.09,73.63,0,14.93,156.12
T00413,DIG,EXC002,EXCAVATOR,OP004,2026-01-26 08:30:00,2026-01-26 09:45:00,2026-01-26 08:18:15,2026-01-26 08:51:33,33.3,261,144,55.2,38.45,29,0.262,1,6.07,76.58,0,15.84,127.25
T00414,LOAD,LOD001,LOADER,OP001,2026-01-05 15:15:00,2026-01-05 16:35:00,2026-01-05 15:28:00,2026-01-05 15:53:37,25.61,238,238,100.0,38.46,27,0.182,0,4.0,85.71,0,8.3,137.42
T00415,LOAD,LOD001,LOADER,OP006,2026-01-23 16:45:00,2026-01-23 18:05:00,2026-01-23 16:36:58,2026-01-23 17:06:00,29.04,190,190,100.0,48.92,23,0.685,1,2.55,74.56,0,10.29,146.94
T00416,LOAD,LOD001,LOADER,OP003,2026-01-06 17:45:00,2026-01-06 19:05:00,2026-01-06 17:41:42,2026-01-06 18:08:31,26.83,242,218,90.1,40.6,30,0.434,0,1.55,76.28,0,9.81,164.67
T00417,GRADE,DOZ001,DOZER,OP003,2026-01-23 14:30:00,2026-01-23 16:30:00,2026-01-23 14:06:30,2026-01-23 15:04:33,58.06,607,546,90.0,50.08,63,0.027,0,1.94,64.08,0,7.91,312.24
T00418,LIFT,EXC002,EXCAVATOR,OP005,2026-01-24 17:30:00,2026-01-24 19:10:00,2026-01-24 17:16:50,2026-01-24 17:35:40,18.83,52,52,100.0,78.07,6,0.365,1,0.0,63.05,0,11.02,61.99
T00419,DIG,EXC002,EXCAVATOR,OP001,2026-01-06 15:30:00,2026-01-06 16:45:00,2026-01-06 15:19:23,2026-01-06 15:48:09,28.76,306,275,89.9,37.57,34,0.332,0,9.69,62.76,0,5.68,135.6
T00420,DIG,EXC002,EXCAVATOR,OP003,2026-01-11 17:00:00,2026-01-11 18:15:00,2026-01-11 17:13:06,2026-01-11 17:41:02,27.93,323,323,100.0,32.42,38,0.387,0,0.77,46.22,0,7.4,121.59
T00421,LOAD,LOD001,LOADER,OP002,2026-01-27 17:30:00,2026-01-27 18:50:00,2026-01-27 17:37:06,2026-01-27 17:56:27,19.34,154,154,100.0,32.84,17,0.101,0,6.55,53.07,0,10.04,65.6
T00422,LIFT,EXC001,EXCAVATOR,OP002,2026-01-12 10:00:00,2026-01-12 11:40:00,2026-01-12 10:08:12,2026-01-12 10:20:58,12.78,20,20,100.0,81.97,3,0.453,0,3.03,70.76,0,8.68,37.06
T00423,GRADE,DOZ001,DOZER,OP003,2026-01-29 12:45:00,2026-01-29 14:45:00,2026-01-29 12:39:56,2026-01-29 14:27:14,107.3,925,925,100.0,55.35,105,0.386,0,1.2,69.26,0,10.43,562.5
T00424,GRADE,DOZ001,DOZER,OP008,2026-01-26 15:15:00,2026-01-26 17:15:00,2026-01-26 15:24:04,2026-01-26 16:09:37,45.56,483,459,95.0,51.79,51,0.094,0,4.34,71.84,0,5.8,267.95
T00425,DIG,EXC002,EXCAVATOR,OP001,2026-01-11 10:00:00,2026-01-11 11:15:00,2026-01-11 10:13:01,2026-01-11 10:37:56,24.91,155,155,100.0,40.59,18,0.387,1,4.11,63.58,0,12.73,77.55
T00426,GRADE,DOZ001,DOZER,OP002,2026-01-18 07:30:00,2026-01-18 09:30:00,2026-01-18 07:48:11,2026-01-18 09:56:59,128.81,1138,967,85.0,57.8,137,0.409,0,7.55,52.52,0,12.86,753.58
T00427,GRADE,DOZ001,DOZER,OP007,2026-01-06 06:00:00,2026-01-06 08:00:00,2026-01-06 06:00:26,2026-01-06 07:50:46,110.33,828,828,100.0,67.18,96,0.34,0,3.68,33.81,1,2.84,546.35
T00428,LIFT,EXC002,EXCAVATOR,OP005,2026-01-22 10:30:00,2026-01-22 12:10:00,2026-01-22 10:03:03,2026-01-22 10:21:10,18.11,80,80,100.0,83.37,9,0.54,0,3.42,72.21,0,5.61,106.53
T00429,GRADE,DOZ001,DOZER,OP003,2026-01-02 11:00:00,2026-01-02 13:00:00,2026-01-02 10:57:16,2026-01-02 14:00:54,183.63,1025,1025,100.0,80.87,126,0.721,1,6.56,60.62,0,13.81,931.83
T00430,GRADE,DOZ001,DOZER,OP002,2026-01-01 09:15:00,2026-01-01 11:15:00,2026-01-01 08:47:56,2026-01-01 10:04:36,76.66,747,336,45.0,52.22,80,0.163,0,6.9,55.8,0,11.06,412.36
T00431,GRADE,DOZ001,DOZER,OP005,2026-01-26 12:45:00,2026-01-26 14:45:00,2026-01-26 12:50:32,2026-01-26 15:32:16,161.73,1151,633,55.0,59.09,134,0.453,1,3.43,65.42,0,18.9,852.89
T00432,LOAD,LOD001,LOADER,OP007,2026-01-06 11:45:00,2026-01-06 13:05:00,2026-01-06 11:50:37,2026-01-06 12:20:52,30.25,134,134,100.0,59.26,16,0.828,1,3.51,58.64,0,14.45,122.89
T00433,DIG,EXC002,EXCAVATOR,OP008,2026-01-15 10:15:00,2026-01-15 11:30:00,2026-01-15 10:17:31,2026-01-15 10:47:09,29.64,355,320,90.1,32.94,37,0.152,0,8.56,60.61,0,9.99,130.17
T00434,LIFT,EXC001,EXCAVATOR,OP002,2026-01-22 11:45:00,2026-01-22 13:25:00,2026-01-22 11:21:30,2026-01-22 11:39:31,18.01,78,74,94.9,78.11,9,0.28,0,6.43,78.73,0,7.94,95.4
T00435,GRADE,DOZ001,DOZER,OP008,2026-01-19 09:45:00,2026-01-19 11:45:00,2026-01-19 09:59:14,2026-01-19 11:35:20,96.11,762,762,100.0,62.75,85,0.204,0,6.85,80.36,0,7.22,611.13
T00436,DIG,EXC001,EXCAVATOR,OP002,2026-01-25 13:15:00,2026-01-25 14:30:00,2026-01-25 13:11:05,2026-01-25 13:36:11,25.09,251,113,45.0,34.58,30,0.529,0,5.91,79.6,0,11.04,124.44
T00437,LIFT,EXC001,EXCAVATOR,OP001,2026-01-14 07:45:00,2026-01-14 09:25:00,2026-01-14 07:35:40,2026-01-14 08:08:54,33.23,71,32,45.1,115.62,9,0.799,1,5.01,71.86,0,17.2,138.84
T00438,LIFT,EXC002,EXCAVATOR,OP006,2026-01-30 17:00:00,2026-01-30 18:40:00,2026-01-30 17:13:20,2026-01-30 17:25:20,12.01,42,42,100.0,79.19,5,0.28,0,4.07,66.6,0,5.41,56.53
T00439,GRADE,DOZ001,DOZER,OP005,2026-01-17 13:00:00,2026-01-17 15:00:00,2026-01-17 12:56:09,2026-01-17 14:42:47,106.62,1009,1009,100.0,51.68,110,0.442,0,2.31,67.07,0,11.87,583.19
T00440,LIFT,EXC001,EXCAVATOR,OP002,2026-01-30 07:00:00,2026-01-30 08:40:00,2026-01-30 07:13:32,2026-01-30 07:46:28,32.93,93,60,64.5,107.37,12,0.833,0,8.31,69.92,0,15.51,174.17
T00441,LOAD,LOD001,LOADER,OP005,2026-01-13 16:45:00,2026-01-13 18:05:00,2026-01-13 17:01:37,2026-01-13 17:21:39,20.03,186,167,89.8,37.45,21,0.267,0,3.41,74.42,0,8.5,102.21
T00442,DIG,EXC001,EXCAVATOR,OP005,2026-01-13 08:45:00,2026-01-13 10:00:00,2026-01-13 08:46:28,2026-01-13 09:05:55,19.45,119,119,100.0,33.52,13,0.492,0,8.23,61.59,0,12.19,48.41
T00443,LOAD,LOD001,LOADER,OP001,2026-01-24 13:30:00,2026-01-24 14:50:00,2026-01-24 13:30:49,2026-01-24 13:56:07,25.31,135,135,100.0,42.44,17,0.463,1,2.89,64.62,0,13.28,94.98
T00444,LOAD,LOD001,LOADER,OP005,2026-01-27 13:00:00,2026-01-27 14:20:00,2026-01-27 13:07:21,2026-01-27 13:25:28,18.13,98,98,100.0,37.83,11,0.05,0,10.11,66.57,0,11.19,53.58
T00445,GRADE,DOZ001,DOZER,OP005,2026-01-24 12:00:00,2026-01-24 14:00:00,2026-01-24 11:38:21,2026-01-24 12:48:13,69.87,534,507,94.9,61.83,60,0.347,0,11.08,54.48,0,15.47,353.64
T00446,GRADE,DOZ001,DOZER,OP006,2026-01-27 06:15:00,2026-01-27 08:15:00,2026-01-27 06:10:33,2026-01-27 06:44:14,33.69,284,284,100.0,60.33,32,0.28,0,5.61,64.5,1,1.51,180.53
T00447,GRADE,DOZ001,DOZER,OP001,2026-01-06 09:15:00,2026-01-06 11:15:00,2026-01-06 09:27:16,2026-01-06 10:19:53,52.62,268,268,100.0,68.22,34,0.666,1,3.6,35.95,0,13.96,206.87
T00448,GRADE,DOZ001,DOZER,OP006,2026-01-23 09:30:00,2026-01-23 11:30:00,2026-01-23 09:39:03,2026-01-23 11:29:44,110.68,904,678,75.0,59.94,98,0.273,0,3.56,47.54,0,5.57,547.9
T00449,GRADE,DOZ001,DOZER,OP001,2026-01-08 11:45:00,2026-01-08 13:45:00,2026-01-08 11:56:35,2026-01-08 13:41:29,104.89,1063,1063,100.0,50.92,114,0.142,0,8.39,46.44,0,8.14,522.01
T00450,GRADE,DOZ001,DOZER,OP006,2026-01-06 10:00:00,2026-01-06 12:00:00,2026-01-06 10:34:00,2026-01-06 11:50:15,76.26,733,733,100.0,53.15,81,0.217,0,5.95,61.07,0,4.5,397.25
T00451,DIG,EXC001,EXCAVATOR,OP004,2026-01-28 09:15:00,2026-01-28 10:30:00,2026-01-28 09:25:11,2026-01-28 09:51:17,26.1,291,291,100.0,33.77,32,0.246,0,5.36,54.97,0,8.09,114.84
T00452,GRADE,DOZ001,DOZER,OP001,2026-01-16 08:15:00,2026-01-16 10:15:00,2026-01-16 08:20:19,2026-01-16 08:40:52,20.56,167,167,100.0,47.67,18,0.145,0,6.16,42.53,0,6.26,78.25
T00453,LOAD,LOD001,LOADER,OP007,2026-01-29 12:30:00,2026-01-29 13:50:00,2026-01-29 12:28:30,2026-01-29 12:53:17,24.79,157,157,100.0,50.61,19,0.398,0,5.33,69.62,0,8.76,118.97
T00454,GRADE,DOZ001,DOZER,OP007,2026-01-19 07:00:00,2026-01-19 09:00:00,2026-01-19 07:03:13,2026-01-19 08:45:05,101.87,1197,539,45.0,52.09,122,0.022,0,8.54,35.65,0,5.43,544.22
T00455,LOAD,LOD001,LOADER,OP005,2026-01-22 07:45:00,2026-01-22 09:05:00,2026-01-22 07:47:12,2026-01-22 08:01:08,13.92,56,56,100.0,37.38,7,0.097,0,9.71,62.54,0,9.56,35.29
T00456,LOAD,LOD001,LOADER,OP005,2026-01-09 16:30:00,2026-01-09 17:50:00,2026-01-09 16:18:04,2026-01-09 16:35:13,17.16,88,88,100.0,35.04,10,0.495,0,1.13,57.43,0,11.32,49.82
T00457,LIFT,EXC001,EXCAVATOR,OP007,2026-01-22 11:15:00,2026-01-22 12:55:00,2026-01-22 11:10:58,2026-01-22 11:28:13,17.25,26,23,88.5,84.58,4,0.41,1,0.63,58.02,0,11.38,45.55
T00458,LOAD,LOD001,LOADER,OP007,2026-01-13 12:00:00,2026-01-13 13:20:00,2026-01-13 11:44:46,2026-01-13 12:06:09,21.38,189,161,85.2,36.97,21,0.085,0,5.11,75.35,0,8.63,101.95
T00459,LIFT,EXC002,EXCAVATOR,OP004,2026-01-22 14:45:00,2026-01-22 16:25:00,2026-01-22 14:28:12,2026-01-22 14:53:54,25.7,111,105,94.6,85.54,14,0.477,0,0.36,92.72,0,6.99,174.21
T00460,LIFT,EXC001,EXCAVATOR,OP005,2026-01-04 13:15:00,2026-01-04 14:55:00,2026-01-04 13:06:54,2026-01-04 13:27:00,20.11,86,73,84.9,76.91,9,0.065,0,8.9,51.02,0,7.54,78.89
T00461,LIFT,EXC002,EXCAVATOR,OP002,2026-01-08 11:15:00,2026-01-08 12:55:00,2026-01-08 11:22:45,2026-01-08 11:47:57,25.21,98,93,94.9,84.32,11,0.438,0,5.92,75.13,0,9.91,124.02
T00462,LOAD,LOD001,LOADER,OP005,2026-01-19 10:45:00,2026-01-19 12:05:00,2026-01-19 10:35:26,2026-01-19 11:01:49,26.37,257,257,100.0,35.45,29,0.148,0,1.52,81.96,0,9.24,128.69
T00463,DIG,EXC001,EXCAVATOR,OP008,2026-01-29 09:00:00,2026-01-29 10:15:00,2026-01-29 08:52:47,2026-01-29 10:03:22,70.59,470,446,94.9,50.0,63,0.864,1,7.98,90.31,0,16.69,357.79
T00464,GRADE,DOZ001,DOZER,OP003,2026-01-05 09:30:00,2026-01-05 11:30:00,2026-01-05 09:22:52,2026-01-05 11:49:25,146.56,988,445,45.0,66.04,123,0.674,0,3.31,67.03,0,9.37,898.01
T00465,GRADE,DOZ001,DOZER,OP006,2026-01-28 17:15:00,2026-01-28 19:15:00,2026-01-28 17:23:13,2026-01-28 17:55:36,32.38,315,299,94.9,50.22,34,0.141,0,6.88,72.24,0,7.89,179.85
T00466,LIFT,EXC002,EXCAVATOR,OP001,2026-01-01 13:30:00,2026-01-01 15:10:00,2026-01-01 13:50:57,2026-01-01 14:05:36,14.65,73,55,75.3,67.95,8,0.043,0,1.14,86.13,0,6.15,79.79
T00467,LIFT,EXC001,EXCAVATOR,OP008,2026-01-26 07:15:00,2026-01-26 08:55:00,2026-01-26 07:01:37,2026-01-26 07:31:58,30.34,131,118,90.1,79.61,15,0.322,0,1.7,81.19,0,10.29,160.91
T00468,GRADE,DOZ001,DOZER,OP008,2026-01-13 06:00:00,2026-01-13 08:00:00,2026-01-13 06:03:40,2026-01-13 07:16:48,73.14,558,474,84.9,60.56,64,0.403,0,2.88,70.99,1,9.83,415.19
T00469,DIG,EXC002,EXCAVATOR,OP004,2026-01-01 16:00:00,2026-01-01 17:15:00,2026-01-01 15:51:18,2026-01-01 16:18:59,27.68,334,334,100.0,35.3,38,0.485,0,3.61,69.17,0,5.33,143.04
T00470,LOAD,LOD001,LOADER,OP003,2026-01-04 12:30:00,2026-01-04 13:50:00,2026-01-04 12:31:18,2026-01-04 12:50:59,19.69,82,82,100.0,46.92,10,0.426,0,4.69,80.2,0,11.87,63.12
T00471,DIG,EXC002,EXCAVATOR,OP005,2026-01-15 17:30:00,2026-01-15 18:45:00,2026-01-15 17:48:27,2026-01-15 18:49:39,61.2,524,341,65.1,41.94,61,0.625,1,6.6,71.9,0,19.59,289.03
T00472,LIFT,EXC002,EXCAVATOR,OP008,2026-01-12 09:15:00,2026-01-12 10:55:00,2026-01-12 09:21:24,2026-01-12 09:53:02,31.62,123,123,100.0,83.68,15,0.396,0,6.52,77.8,0,10.7,172.48
T00473,LIFT,EXC001,EXCAVATOR,OP004,2026-01-24 06:15:00,2026-01-24 07:55:00,2026-01-24 05:59:26,2026-01-24 06:23:36,24.17,51,51,100.0,96.82,7,0.413,0,0.92,67.05,1,12.87,94.18
T00474,DIG,EXC002,EXCAVATOR,OP005,2026-01-25 14:00:00,2026-01-25 15:15:00,2026-01-25 13:51:22,2026-01-25 14:09:12,17.83,129,116,89.9,30.14,15,0.2,0,4.39,66.37,0,12.1,53.83
T00475,DIG,EXC001,EXCAVATOR,OP002,2026-01-14 13:45:00,2026-01-14 15:00:00,2026-01-14 13:35:51,2026-01-14 13:55:27,19.6,206,196,95.1,30.0,24,0.213,0,3.53,49.28,0,9.51,77.33
T00476,GRADE,DOZ001,DOZER,OP004,2026-01-23 16:00:00,2026-01-23 18:00:00,2026-01-23 16:17:58,2026-01-23 17:45:05,87.11,766,728,95.0,53.93,85,0.299,0,2.16,58.86,0,8.79,468.33
T00477,DIG,EXC002,EXCAVATOR,OP003,2026-01-14 07:00:00,2026-01-14 08:15:00,2026-01-14 06:54:11,2026-01-14 07:25:50,31.65,369,369,100.0,31.71,43,0.367,0,1.69,76.35,0,8.92,155.71
T00478,DIG,EXC002,EXCAVATOR,OP004,2026-01-20 09:30:00,2026-01-20 10:45:00,2026-01-20 09:19:33,2026-01-20 10:28:33,69.01,615,277,45.0,50.0,77,0.805,1,4.09,53.22,0,14.24,375.98
T00479,LOAD,LOD001,LOADER,OP005,2026-01-06 06:45:00,2026-01-06 08:05:00,2026-01-06 07:03:57,2026-01-06 07:27:28,23.52,93,79,84.9,44.89,11,0.475,1,4.06,62.82,1,16.37,66.45
T00480,GRADE,DOZ001,DOZER,OP004,2026-01-01 06:00:00,2026-01-01 08:00:00,2026-01-01 05:56:20,2026-01-01 06:55:21,59.03,376,244,64.9,64.12,43,0.312,1,0.0,63.37,1,12.01,288.92
T00481,GRADE,DOZ001,DOZER,OP002,2026-01-25 14:00:00,2026-01-25 16:00:00,2026-01-25 13:38:26,2026-01-25 14:21:12,42.77,357,196,54.9,48.82,39,0.038,0,7.64,63.87,0,11.94,199.38
T00482,LIFT,EXC002,EXCAVATOR,OP005,2026-01-09 13:00:00,2026-01-09 14:40:00,2026-01-09 13:11:41,2026-01-09 13:28:22,16.68,45,34,75.6,65.64,5,0.197,1,3.5,61.25,0,10.45,45.89
T00483,DIG,EXC002,EXCAVATOR,OP006,2026-01-26 16:30:00,2026-01-26 17:45:00,2026-01-26 16:47:03,2026-01-26 17:39:16,52.21,516,439,85.1,46.53,64,0.639,1,10.55,49.39,0,7.74,281.83
T00484,DIG,EXC001,EXCAVATOR,OP001,2026-01-28 08:15:00,2026-01-28 09:30:00,2026-01-28 08:30:24,2026-01-28 09:02:07,31.71,416,416,100.0,30.07,46,0.219,0,4.41,73.21,0,8.65,152.56
T00485,GRADE,DOZ001,DOZER,OP002,2026-01-12 11:15:00,2026-01-12 13:15:00,2026-01-12 11:07:44,2026-01-12 12:08:46,61.04,383,383,100.0,65.04,44,0.571,1,6.72,48.81,0,13.34,274.44
T00486,GRADE,DOZ001,DOZER,OP007,2026-01-23 13:45:00,2026-01-23 15:45:00,2026-01-23 13:48:12,2026-01-23 15:06:46,78.58,491,491,100.0,77.54,56,0.444,1,8.44,86.38,0,6.21,496.39
T00487,DIG,EXC001,EXCAVATOR,OP002,2026-01-14 15:45:00,2026-01-14 17:00:00,2026-01-14 15:41:39,2026-01-14 16:28:13,46.57,528,528,100.0,33.74,61,0.399,0,4.06,71.08,0,12.27,237.61
T00488,GRADE,DOZ001,DOZER,OP001,2026-01-28 16:15:00,2026-01-28 18:15:00,2026-01-28 16:15:40,2026-01-28 18:42:44,147.05,1139,626,55.0,62.71,130,0.413,0,6.58,55.97,0,10.09,743.87
T00489,DIG,EXC002,EXCAVATOR,OP008,2026-01-02 07:30:00,2026-01-02 08:45:00,2026-01-02 07:35:25,2026-01-02 08:18:46,43.35,401,401,100.0,37.73,45,0.433,1,1.59,74.99,0,15.06,206.01
T00490,LIFT,EXC002,EXCAVATOR,OP002,2026-01-14 16:15:00,2026-01-14 17:55:00,2026-01-14 16:26:44,2026-01-14 17:15:16,48.54,143,143,100.0,103.68,18,0.716,1,1.32,84.81,0,17.43,248.76
T00491,GRADE,DOZ001,DOZER,OP001,2026-01-01 16:15:00,2026-01-01 18:15:00,2026-01-01 16:14:56,2026-01-01 18:08:05,113.15,1185,770,65.0,52.33,124,0.142,0,10.31,52.14,0,8.35,648.1
T00492,GRADE,DOZ001,DOZER,OP002,2026-01-25 13:30:00,2026-01-25 15:30:00,2026-01-25 13:38:36,2026-01-25 15:11:38,93.03,643,643,100.0,66.48,74,0.529,0,8.16,54.83,0,11.04,447.03
T00493,LOAD,LOD001,LOADER,OP004,2026-01-18 16:45:00,2026-01-18 18:05:00,2026-01-18 16:39:48,2026-01-18 17:03:02,23.22,143,107,74.8,44.95,17,0.383,0,4.89,71.55,0,10.06,95.65
T00494,DIG,EXC002,EXCAVATOR,OP008,2026-01-26 15:45:00,2026-01-26 17:00:00,2026-01-26 15:38:05,2026-01-26 15:54:54,16.82,170,110,64.7,33.81,21,0.536,0,0.07,67.87,0,5.55,83.36
T00495,GRADE,DOZ001,DOZER,OP002,2026-01-16 17:00:00,2026-01-16 19:00:00,2026-01-16 17:04:44,2026-01-16 17:53:28,48.72,360,360,100.0,53.14,42,0.407,0,3.81,36.99,0,11.52,195.23
T00496,DIG,EXC001,EXCAVATOR,OP002,2026-01-26 15:30:00,2026-01-26 16:45:00,2026-01-26 15:28:28,2026-01-26 16:27:23,58.91,600,540,90.0,39.83,68,0.369,0,7.58,77.07,0,9.52,300.1
T00497,GRADE,DOZ001,DOZER,OP006,2026-01-27 06:15:00,2026-01-27 08:15:00,2026-01-27 06:16:24,2026-01-27 08:35:33,139.15,1080,1080,100.0,64.88,122,0.268,0,4.49,75.68,1,7.23,803.79
T00498,GRADE,DOZ001,DOZER,OP008,2026-01-04 07:15:00,2026-01-04 09:15:00,2026-01-04 07:17:11,2026-01-04 07:41:06,23.92,154,154,100.0,56.19,17,0.202,0,5.33,67.38,0,8.0,98.2
T00499,LOAD,LOD001,LOADER,OP002,2026-01-02 08:45:00,2026-01-02 10:05:00,2026-01-02 08:38:23,2026-01-02 09:01:32,23.15,75,56,74.7,48.09,9,0.586,1,0.9,86.76,0,14.94,60.48
T00500,GRADE,DOZ001,DOZER,OP005,2026-01-20 09:15:00,2026-01-20 11:15:00,2026-01-20 09:36:57,2026-01-20 10:20:38,43.69,397,218,54.9,48.55,49,0.61,0,0.0,57.84,0,9.42,227.13
T00501,GRADE,DOZ001,DOZER,OP008,2026-01-27 09:30:00,2026-01-27 11:30:00,2026-01-27 09:10:23,2026-01-27 10:21:07,70.75,370,314,84.9,68.28,46,0.643,1,1.77,52.18,0,14.73,308.73
T00502,DIG,EXC001,EXCAVATOR,OP008,2026-01-15 16:15:00,2026-01-15 17:30:00,2026-01-15 16:01:25,2026-01-15 16:42:48,41.38,590,590,100.0,31.46,66,0.327,0,1.69,61.02,0,6.78,230.71
T00503,DIG,EXC002,EXCAVATOR,OP008,2026-01-30 14:15:00,2026-01-30 15:30:00,2026-01-30 14:11:35,2026-01-30 14:42:17,30.7,257,218,84.8,36.91,27,0.378,1,0.0,77.93,0,12.51,112.47
T00504,LIFT,EXC001,EXCAVATOR,OP007,2026-01-22 15:30:00,2026-01-22 17:10:00,2026-01-22 15:37:57,2026-01-22 16:16:41,38.73,149,97,65.1,95.69,19,0.566,0,3.57,73.72,0,8.84,255.15
T00505,GRADE,DOZ001,DOZER,OP005,2026-01-13 11:30:00,2026-01-13 13:30:00,2026-01-13 11:45:13,2026-01-13 13:58:04,132.86,1077,808,75.0,53.71,118,0.282,1,7.94,47.9,0,17.82,580.08
T00506,LIFT,EXC002,EXCAVATOR,OP005,2026-01-27 17:30:00,2026-01-27 19:10:00,2026-01-27 17:21:33,2026-01-27 17:44:18,22.75,75,75,100.0,72.72,9,0.34,0,2.55,89.05,0,11.85,99.22
T00507,LOAD,LOD001,LOADER,OP003,2026-01-23 16:15:00,2026-01-23 17:35:00,2026-01-23 16:21:55,2026-01-23 16:46:31,24.6,168,160,95.2,49.23,20,0.559,0,7.01,54.6,0,11.1,113.63
T00508,LOAD,LOD001,LOADER,OP006,2026-01-18 13:45:00,2026-01-18 15:05:00,2026-01-18 13:32:43,2026-01-18 13:50:29,17.77,212,180,84.9,34.76,23,0.124,0,8.01,65.14,0,5.98,93.78
T00509,LOAD,LOD001,LOADER,OP001,2026-01-17 07:00:00,2026-01-17 08:20:00,2026-01-17 06:48:14,2026-01-17 07:20:44,32.5,137,137,100.0,59.68,18,0.948,1,0.08,63.82,0,14.6,136.95
T00510,DIG,EXC001,EXCAVATOR,OP005,2026-01-25 08:30:00,2026-01-25 09:45:00,2026-01-25 08:16:55,2026-01-25 08:55:20,38.42,336,336,100.0,34.92,38,0.443,0,7.61,64.97,0,16.3,130.37
T00511,DIG,EXC002,EXCAVATOR,OP004,2026-01-25 14:00:00,2026-01-25 15:15:00,2026-01-25 13:56:32,2026-01-25 14:37:45,41.22,447,335,74.9,42.38,50,0.359,0,10.5,63.3,0,6.48,215.15
T00512,DIG,EXC001,EXCAVATOR,OP007,2026-01-08 14:30:00,2026-01-08 15:45:00,2026-01-08 14:25:20,2026-01-08 14:35:08,9.79,128,70,54.7,29.5,14,0.26,0,0.0,73.17,0,2.95,44.47
T00513,GRADE,DOZ001,DOZER,OP006,2026-01-18 06:00:00,2026-01-18 08:00:00,2026-01-18 05:50:33,2026-01-18 07:56:11,125.64,664,664,100.0,81.67,82,0.772,1,3.25,66.52,1,14.03,634.21
T00514,GRADE,DOZ001,DOZER,OP006,2026-01-25 15:15:00,2026-01-25 17:15:00,2026-01-25 15:43:23,2026-01-25 16:46:06,62.73,546,546,100.0,54.6,61,0.266,0,6.42,71.26,0,7.21,360.96
T00515,LIFT,EXC001,EXCAVATOR,OP003,2026-01-06 17:00:00,2026-01-06 18:40:00,2026-01-06 16:41:10,2026-01-06 17:06:29,25.32,116,116,100.0,66.68,13,0.129,0,1.94,54.71,0,10.87,111.47
T00516,LOAD,LOD001,LOADER,OP003,2026-01-06 15:30:00,2026-01-06 16:50:00,2026-01-06 15:22:54,2026-01-06 15:43:38,20.74,41,41,100.0,51.17,6,0.591,1,3.52,75.82,0,15.62,41.92
T00517,LIFT,EXC001,EXCAVATOR,OP003,2026-01-30 11:00:00,2026-01-30 12:40:00,2026-01-30 10:44:46,2026-01-30 11:10:44,25.97,97,92,94.8,94.01,12,0.58,0,7.6,78.01,0,8.02,158.7
T00518,LOAD,LOD001,LOADER,OP006,2026-01-17 09:15:00,2026-01-17 10:35:00,2026-01-17 09:13:52,2026-01-17 09:44:30,30.64,173,173,100.0,52.45,24,0.72,1,4.26,80.64,0,9.66,162.8
T00519,LIFT,EXC002,EXCAVATOR,OP007,2026-01-03 11:15:00,2026-01-03 12:55:00,2026-01-03 11:23:34,2026-01-03 11:38:52,15.29,74,67,90.5,83.24,9,0.224,0,7.12,83.77,0,4.37,103.96
T00520,LOAD,LOD001,LOADER,OP005,2026-01-07 15:45:00,2026-01-07 17:05:00,2026-01-07 15:56:13,2026-01-07 16:19:56,23.71,183,137,74.9,42.73,22,0.487,0,5.09,60.88,0,10.18,117.69
T00521,DIG,EXC001,EXCAVATOR,OP006,2026-01-15 09:15:00,2026-01-15 10:30:00,2026-01-15 09:32:32,2026-01-15 09:42:02,9.5,120,102,85.0,27.91,14,0.098,0,7.84,66.53,0,4.23,41.36
T00522,LOAD,LOD001,LOADER,OP002,2026-01-13 10:30:00,2026-01-13 11:50:00,2026-01-13 10:41:48,2026-01-13 10:56:14,14.43,46,25,54.3,36.15,5,0.214,0,5.17,74.1,0,11.81,27.53
T00523,LOAD,LOD001,LOADER,OP008,2026-01-02 10:15:00,2026-01-02 11:35:00,2026-01-02 10:16:46,2026-01-02 10:33:36,16.84,122,116,95.1,43.42,15,0.416,0,3.1,83.97,0,5.72,91.77
T00524,DIG,EXC001,EXCAVATOR,OP001,2026-01-21 07:15:00,2026-01-21 08:30:00,2026-01-21 06:56:55,2026-01-21 07:24:43,27.8,298,194,65.1,34.73,32,0.255,0,5.56,67.6,0,10.15,119.55
T00525,GRADE,DOZ001,DOZER,OP004,2026-01-18 17:45:00,2026-01-18 19:45:00,2026-01-18 17:57:50,2026-01-18 18:46:14,48.39,297,252,84.8,61.74,34,0.333,1,3.14,49.75,0,14.77,202.34
T00526,LIFT,EXC001,EXCAVATOR,OP008,2026-01-23 11:00:00,2026-01-23 12:40:00,2026-01-23 11:03:23,2026-01-23 11:31:23,28.01,42,42,100.0,95.3,5,0.292,1,4.94,78.4,0,20.07,80.34
T00527,LIFT,EXC002,EXCAVATOR,OP002,2026-01-19 09:30:00,2026-01-19 11:10:00,2026-01-19 09:44:25,2026-01-19 10:19:20,34.92,124,124,100.0,86.63,15,0.651,0,9.2,67.77,0,13.26,180.78
T00528,GRADE,DOZ001,DOZER,OP006,2026-01-01 12:00:00,2026-01-01 14:00:00,2026-01-01 12:16:47,2026-01-01 12:53:38,36.86,162,146,90.1,74.25,20,0.72,1,6.5,49.01,0,10.63,139.92
T00529,DIG,EXC001,EXCAVATOR,OP002,2026-01-12 14:00:00,2026-01-12 15:15:00,2026-01-12 14:05:17,2026-01-12 14:45:24,40.1,376,282,75.0,37.36,45,0.499,1,0.0,84.73,0,13.64,205.99
T00530,LOAD,LOD001,LOADER,OP005,2026-01-25 13:45:00,2026-01-25 15:05:00,2026-01-25 13:51:41,2026-01-25 14:16:43,25.04,141,106,75.2,35.7,17,0.262,1,0.0,52.35,0,15.14,70.46
T00531,DIG,EXC002,EXCAVATOR,OP003,2026-01-18 09:15:00,2026-01-18 10:30:00,2026-01-18 08:54:20,2026-01-18 09:36:41,42.35,480,360,75.0,39.05,56,0.524,0,2.08,63.77,0,8.26,236.73
T00532,LOAD,LOD001,LOADER,OP005,2026-01-22 17:30:00,2026-01-22 18:50:00,2026-01-22 17:20:56,2026-01-22 17:36:27,15.51,42,40,95.2,44.85,5,0.537,0,2.92,96.41,0,11.86,33.93
T00533,LIFT,EXC001,EXCAVATOR,OP001,2026-01-01 15:45:00,2026-01-01 17:25:00,2026-01-01 15:58:08,2026-01-01 16:59:10,61.04,157,149,94.9,116.0,21,0.764,1,2.77,84.99,0,21.74,354.45
T00534,DIG,EXC002,EXCAVATOR,OP004,2026-01-24 17:30:00,2026-01-24 18:45:00,2026-01-24 17:10:28,2026-01-24 17:34:59,24.53,296,296,100.0,30.45,33,0.136,0,3.65,61.97,0,7.78,106.33
T00535,LIFT,EXC001,EXCAVATOR,OP003,2026-01-08 15:30:00,2026-01-08 17:10:00,2026-01-08 15:32:46,2026-01-08 16:03:34,30.81,69,69,100.0,96.1,9,0.524,1,0.37,94.06,0,16.4,153.66
T00536,DIG,EXC002,EXCAVATOR,OP002,2026-01-10 16:00:00,2026-01-10 17:15:00,2026-01-10 16:24:30,2026-01-10 16:49:26,24.94,336,336,100.0,29.86,39,0.263,0,2.99,60.8,0,5.53,123.83
T00537,GRADE,DOZ001,DOZER,OP006,2026-01-05 16:15:00,2026-01-05 18:15:00,2026-01-05 16:27:49,2026-01-05 17:23:41,55.87,354,354,100.0,62.51,41,0.464,1,5.6,43.49,0,13.15,227.42
T00538,DIG,EXC001,EXCAVATOR,OP006,2026-01-16 13:30:00,2026-01-16 14:45:00,2026-01-16 13:17:06,2026-01-16 13:45:54,28.81,393,334,85.0,29.14,45,0.342,1,0.0,72.32,0,7.5,145.95
T00539,LIFT,EXC002,EXCAVATOR,OP006,2026-01-14 08:00:00,2026-01-14 09:40:00,2026-01-14 08:15:35,2026-01-14 08:35:52,20.27,100,100,100.0,69.91,11,0.146,0,3.7,87.5,0,7.46,110.85
T00540,LIFT,EXC002,EXCAVATOR,OP005,2026-01-27 11:15:00,2026-01-27 12:55:00,2026-01-27 10:53:56,2026-01-27 11:28:28,34.53,104,68,65.4,81.78,13,0.58,1,0.0,72.32,0,19.32,143.19
T00541,GRADE,DOZ001,DOZER,OP006,2026-01-25 10:45:00,2026-01-25 12:45:00,2026-01-25 10:47:20,2026-01-25 11:24:50,37.5,372,372,100.0,49.64,40,0.188,0,6.66,61.54,0,4.41,201.19
T00542,DIG,EXC002,EXCAVATOR,OP003,2026-01-29 14:15:00,2026-01-29 15:30:00,2026-01-29 14:18:09,2026-01-29 14:50:04,31.91,349,297,85.1,36.34,41,0.474,0,4.42,65.09,0,7.69,162.24
T00543,DIG,EXC001,EXCAVATOR,OP001,2026-01-28 14:00:00,2026-01-28 15:15:00,2026-01-28 14:07:03,2026-01-28 14:35:26,28.38,494,370,74.9,28.53,55,0.112,0,3.72,61.28,0,3.91,178.12
T00544,LIFT,EXC001,EXCAVATOR,OP005,2026-01-18 14:45:00,2026-01-18 16:25:00,2026-01-18 14:51:19,2026-01-18 15:17:46,26.45,58,58,100.0,116.0,8,0.82,1,7.64,75.95,0,10.98,128.73
T00545,LIFT,EXC002,EXCAVATOR,OP003,2026-01-15 14:00:00,2026-01-15 15:40:00,2026-01-15 14:26:55,2026-01-15 15:00:03,33.14,121,121,100.0,89.78,14,0.325,0,8.27,90.44,0,12.19,191.31
T00546,DIG,EXC001,EXCAVATOR,OP003,2026-01-25 14:15:00,2026-01-25 15:30:00,2026-01-25 14:21:00,2026-01-25 15:18:50,57.84,536,536,100.0,45.47,65,0.811,0,3.57,71.18,0,8.58,327.68
T00547,LIFT,EXC002,EXCAVATOR,OP006,2026-01-02 09:45:00,2026-01-02 11:25:00,2026-01-02 09:40:01,2026-01-02 09:57:47,17.75,79,79,100.0,77.18,10,0.236,0,5.18,72.11,0,4.89,107.21
T00548,LOAD,LOD001,LOADER,OP001,2026-01-22 09:30:00,2026-01-22 10:50:00,2026-01-22 09:26:45,2026-01-22 09:58:56,32.18,139,132,95.0,54.05,17,0.778,1,0.94,60.47,0,17.39,113.75
T00549,GRADE,DOZ001,DOZER,OP001,2026-01-21 11:00:00,2026-01-21 13:00:00,2026-01-21 11:16:06,2026-01-21 12:30:27,74.35,710,462,65.1,56.76,76,0.229,0,9.34,44.47,0,6.71,403.04
T00550,LOAD,LOD001,LOADER,OP007,2026-01-21 12:30:00,2026-01-21 13:50:00,2026-01-21 12:31:39,2026-01-21 12:56:00,24.35,190,171,90.0,54.51,23,0.61,0,6.06,70.44,0,4.07,147.66
T00551,DIG,EXC002,EXCAVATOR,OP007,2026-01-30 09:45:00,2026-01-30 11:00:00,2026-01-30 09:42:18,2026-01-30 10:16:39,34.35,441,331,75.1,30.74,48,0.033,0,5.06,55.19,0,12.06,148.87
T00552,LOAD,LOD001,LOADER,OP008,2026-01-29 15:00:00,2026-01-29 16:20:00,2026-01-29 15:21:02,2026-01-29 15:44:01,22.99,168,109,64.9,35.14,19,0.096,0,0.0,75.54,0,10.83,83.36
T00553,GRADE,DOZ001,DOZER,OP004,2026-01-03 14:30:00,2026-01-03 16:30:00,2026-01-03 14:30:50,2026-01-03 16:01:09,90.32,583,583,100.0,71.66,66,0.349,1,6.45,55.22,0,11.49,478.64
T00554,LIFT,EXC002,EXCAVATOR,OP002,2026-01-22 09:45:00,2026-01-22 11:25:00,2026-01-22 09:45:24,2026-01-22 10:08:30,23.09,104,88,84.6,70.67,12,0.231,0,3.41,81.16,0,9.6,127.73
T00555,GRADE,DOZ001,DOZER,OP008,2026-01-07 15:15:00,2026-01-07 17:15:00,2026-01-07 14:50:08,2026-01-07 16:39:31,109.38,991,991,100.0,58.26,103,0.113,0,8.79,68.28,0,9.38,602.7
T00556,DIG,EXC001,EXCAVATOR,OP003,2026-01-05 16:00:00,2026-01-05 17:15:00,2026-01-05 15:54:11,2026-01-05 16:22:20,28.15,230,230,100.0,36.99,28,0.61,0,1.17,87.89,0,10.88,136.21
T00557,LOAD,LOD001,LOADER,OP007,2026-01-20 15:00:00,2026-01-20 16:20:00,2026-01-20 15:01:11,2026-01-20 15:18:52,17.69,224,190,84.8,35.79,24,0.188,0,0.0,65.01,0,4.82,102.87
T00558,LOAD,LOD001,LOADER,OP004,2026-01-15 15:45:00,2026-01-15 17:05:00,2026-01-15 15:43:55,2026-01-15 16:10:16,26.36,163,163,100.0,50.09,19,0.482,0,4.94,72.33,0,10.5,120.86
T00559,GRADE,DOZ001,DOZER,OP003,2026-01-20 16:30:00,2026-01-20 18:30:00,2026-01-20 16:25:28,2026-01-20 17:29:33,64.1,493,419,85.0,58.66,56,0.388,0,4.68,42.56,0,13.11,326.32
T00560,LOAD,LOD001,LOADER,OP002,2026-01-08 12:45:00,2026-01-08 14:05:00,2026-01-08 12:44:51,2026-01-08 13:05:06,20.26,73,73,100.0,29.62,9,0.161,0,0.0,61.13,0,15.81,40.75
T00561,LIFT,EXC002,EXCAVATOR,OP003,2026-01-20 07:15:00,2026-01-20 08:55:00,2026-01-20 07:05:42,2026-01-20 07:36:11,30.48,141,78,55.3,79.85,15,0.081,0,7.52,88.62,0,9.05,170.78
T00562,DIG,EXC001,EXCAVATOR,OP002,2026-01-16 16:15:00,2026-01-16 17:30:00,2026-01-16 16:29:17,2026-01-16 17:23:40,54.39,632,474,75.0,36.79,71,0.378,1,2.76,61.05,0,16.71,276.14
T00563,GRADE,DOZ001,DOZER,OP006,2026-01-28 06:45:00,2026-01-28 08:45:00,2026-01-28 06:37:07,2026-01-28 08:02:29,85.38,619,340,54.9,72.58,66,0.402,0,9.6,54.16,1,5.83,451.72
T00564,GRADE,DOZ001,DOZER,OP006,2026-01-19 17:00:00,2026-01-19 19:00:00,2026-01-19 17:20:14,2026-01-19 19:40:32,140.3,1021,1021,100.0,62.45,120,0.616,1,0.0,62.36,0,15.4,723.49
T00565,GRADE,DOZ001,DOZER,OP002,2026-01-10 15:45:00,2026-01-10 17:45:00,2026-01-10 15:42:14,2026-01-10 16:54:40,72.43,677,677,100.0,52.23,71,0.137,0,4.39,70.75,0,10.62,364.18
T00566,DIG,EXC001,EXCAVATOR,OP001,2026-01-13 16:15:00,2026-01-13 17:30:00,2026-01-13 16:38:45,2026-01-13 17:11:00,32.26,403,403,100.0,32.49,46,0.308,0,2.5,79.21,0,7.35,174.02
T00567,DIG,EXC001,EXCAVATOR,OP007,2026-01-21 15:30:00,2026-01-21 16:45:00,2026-01-21 15:30:26,2026-01-21 16:12:39,42.22,347,226,65.1,50.0,42,0.602,1,1.78,88.86,0,10.01,247.42
T00568,GRADE,DOZ001,DOZER,OP005,2026-01-22 12:15:00,2026-01-22 14:15:00,2026-01-22 12:22:25,2026-01-22 15:13:27,171.02,996,946,95.0,77.28,121,0.595,1,6.47,74.7,0,17.3,926.44
T00569,GRADE,DOZ001,DOZER,OP006,2026-01-18 14:45:00,2026-01-18 16:45:00,2026-01-18 14:51:10,2026-01-18 16:24:40,93.5,669,301,45.0,69.67,77,0.431,1,5.34,72.11,0,11.07,542.22
T00570,LOAD,LOD001,LOADER,OP003,2026-01-28 16:00:00,2026-01-28 17:20:00,2026-01-28 16:03:14,2026-01-28 16:31:13,27.97,231,231,100.0,39.86,26,0.195,0,1.94,73.26,0,10.7,134.87
T00571,LIFT,EXC001,EXCAVATOR,OP004,2026-01-17 12:30:00,2026-01-17 14:10:00,2026-01-17 12:30:41,2026-01-17 13:10:16,39.57,160,144,90.0,111.45,19,0.569,0,6.36,86.38,0,7.61,304.29
T00572,DIG,EXC001,EXCAVATOR,OP007,2026-01-21 06:00:00,2026-01-21 07:15:00,2026-01-21 06:02:32,2026-01-21 06:31:00,28.47,228,217,95.2,44.85,27,0.535,0,5.55,77.01,1,6.91,140.66
T00573,GRADE,DOZ001,DOZER,OP002,2026-01-09 09:30:00,2026-01-09 11:30:00,2026-01-09 09:27:47,2026-01-09 10:23:10,55.39,313,282,90.1,66.95,39,0.768,0,3.53,73.89,0,16.8,278.07
T00574,GRADE,DOZ001,DOZER,OP005,2026-01-23 15:00:00,2026-01-23 17:00:00,2026-01-23 15:09:23,2026-01-23 16:10:02,60.67,508,457,90.0,50.94,54,0.231,1,0.0,71.8,0,15.45,295.05
T00575,GRADE,DOZ001,DOZER,OP004,2026-01-28 16:30:00,2026-01-28 18:30:00,2026-01-28 16:11:18,2026-01-28 17:13:26,62.13,548,548,100.0,51.71,64,0.271,0,0.0,65.14,0,6.97,335.97
T00576,LIFT,EXC001,EXCAVATOR,OP001,2026-01-12 09:00:00,2026-01-12 10:40:00,2026-01-12 09:01:05,2026-01-12 09:21:40,20.58,60,60,100.0,81.88,8,0.532,0,4.27,66.11,0,9.66,82.39
T00577,LOAD,LOD001,LOADER,OP006,2026-01-22 12:45:00,2026-01-22 14:05:00,2026-01-22 12:32:19,2026-01-22 13:04:28,32.16,190,190,100.0,49.4,23,0.581,1,4.15,84.37,0,13.22,144.76
T00578,DIG,EXC001,EXCAVATOR,OP002,2026-01-18 10:30:00,2026-01-18 11:45:00,2026-01-18 10:26:07,2026-01-18 11:06:04,39.96,435,196,45.1,34.76,54,0.617,0,2.77,54.52,0,8.46,182.42
T00579,LOAD,LOD001,LOADER,OP004,2026-01-15 12:00:00,2026-01-15 13:20:00,2026-01-15 12:02:20,2026-01-15 12:22:33,20.21,106,106,100.0,46.25,13,0.346,0,0.57,84.89,0,10.19,74.41
T00580,DIG,EXC001,EXCAVATOR,OP005,2026-01-11 07:30:00,2026-01-11 08:45:00,2026-01-11 07:35:54,2026-01-11 08:24:48,48.91,630,472,74.9,34.01,75,0.648,0,3.49,74.23,0,8.99,259.92
T00581,LOAD,LOD001,LOADER,OP007,2026-01-19 13:15:00,2026-01-19 14:35:00,2026-01-19 13:05:23,2026-01-19 13:28:24,23.02,233,233,100.0,45.26,26,0.176,0,5.61,88.53,0,3.4,153.89
T00582,GRADE,DOZ001,DOZER,OP001,2026-01-16 07:30:00,2026-01-16 09:30:00,2026-01-16 07:10:58,2026-01-16 07:55:49,44.86,288,288,100.0,56.57,34,0.336,0,4.67,58.66,0,12.8,199.13
T00583,LIFT,EXC001,EXCAVATOR,OP006,2026-01-14 11:00:00,2026-01-14 12:40:00,2026-01-14 11:01:03,2026-01-14 11:25:12,24.15,87,87,100.0,81.02,10,0.305,0,3.98,81.89,0,10.65,112.54
T00584,DIG,EXC002,EXCAVATOR,OP006,2026-01-03 14:15:00,2026-01-03 15:30:00,2026-01-03 14:03:13,2026-01-03 14:49:41,46.46,567,567,100.0,33.91,66,0.418,0,0.85,67.67,0,9.17,242.82
T00585,LIFT,EXC002,EXCAVATOR,OP003,2026-01-24 16:15:00,2026-01-24 17:55:00,2026-01-24 16:13:18,2026-01-24 16:40:09,26.84,147,125,85.0,68.41,16,0.272,0,0.0,82.37,0,9.71,162.1
T00586,LIFT,EXC001,EXCAVATOR,OP005,2026-01-07 09:15:00,2026-01-07 10:55:00,2026-01-07 09:32:38,2026-01-07 10:01:14,28.6,83,54,65.1,77.85,10,0.287,1,6.94,64.57,0,17.09,106.85
T00587,LOAD,LOD001,LOADER,OP002,2026-01-04 07:45:00,2026-01-04 09:05:00,2026-01-04 07:27:33,2026-01-04 07:57:44,30.18,197,197,100.0,35.67,24,0.463,0,0.0,71.69,0,15.91,113.0
T00588,DIG,EXC002,EXCAVATOR,OP006,2026-01-20 11:45:00,2026-01-20 13:00:00,2026-01-20 11:36:52,2026-01-20 12:20:04,43.2,361,343,95.0,45.34,43,0.675,1,6.79,72.21,0,12.12,216.42
T00589,LOAD,LOD001,LOADER,OP004,2026-01-25 15:15:00,2026-01-25 16:35:00,2026-01-25 15:10:29,2026-01-25 15:21:33,11.07,53,50,94.3,37.19,6,0.128,0,4.14,66.91,0,8.32,29.08
T00590,GRADE,DOZ001,DOZER,OP001,2026-01-17 11:45:00,2026-01-17 13:45:00,2026-01-17 11:37:00,2026-01-17 12:56:33,79.56,507,482,95.1,74.54,60,0.623,0,4.53,70.97,0,10.32,454.61
T00591,DIG,EXC002,EXCAVATOR,OP006,2026-01-23 06:00:00,2026-01-23 07:15:00,2026-01-23 06:22:13,2026-01-23 07:07:21,45.14,295,295,100.0,48.81,38,0.734,1,5.19,80.99,1,14.23,208.79
T00592,DIG,EXC002,EXCAVATOR,OP006,2026-01-20 10:15:00,2026-01-20 11:30:00,2026-01-20 10:08:22,2026-01-20 10:46:31,38.15,641,641,100.0,30.15,73,0.294,0,1.36,68.13,0,1.47,244.92
T00593,LOAD,LOD001,LOADER,OP006,2026-01-12 08:45:00,2026-01-12 10:05:00,2026-01-12 09:01:28,2026-01-12 09:12:25,10.96,148,148,100.0,31.98,16,0.031,0,0.0,60.19,0,2.43,59.88
T00594,LOAD,LOD001,LOADER,OP007,2026-01-09 13:15:00,2026-01-09 14:35:00,2026-01-09 13:06:05,2026-01-09 13:25:46,19.69,186,186,100.0,36.9,21,0.276,0,1.91,51.49,0,6.77,84.24
T00595,LIFT,EXC001,EXCAVATOR,OP005,2026-01-26 09:45:00,2026-01-26 11:25:00,2026-01-26 09:42:34,2026-01-26 10:28:33,45.98,117,117,100.0,116.0,16,1.0,1,3.9,91.42,0,15.04,280.19
T00596,LIFT,EXC002,EXCAVATOR,OP001,2026-01-06 12:45:00,2026-01-06 14:25:00,2026-01-06 12:51:33,2026-01-06 13:17:40,26.12,54,24,44.4,113.27,7,0.621,1,8.58,64.69,0,16.23,107.29
T00597,LOAD,LOD001,LOADER,OP005,2026-01-09 14:00:00,2026-01-09 15:20:00,2026-01-09 13:56:24,2026-01-09 14:27:17,30.89,141,141,100.0,47.28,17,0.564,1,6.61,73.34,0,17.49,102.47
T00598,LIFT,EXC001,EXCAVATOR,OP004,2026-01-27 10:45:00,2026-01-27 12:25:00,2026-01-27 10:40:09,2026-01-27 10:56:35,16.44,44,42,95.5,79.37,5,0.374,0,0.9,59.84,0,11.21,54.83
T00599,LOAD,LOD001,LOADER,OP006,2026-01-12 14:30:00,2026-01-12 15:50:00,2026-01-12 14:37:11,2026-01-12 14:57:10,19.99,128,128,100.0,38.31,15,0.367,0,4.53,79.54,0,10.41,74.43
T00600,DIG,EXC002,EXCAVATOR,OP004,2026-01-19 15:15:00,2026-01-19 16:30:00,2026-01-19 14:58:06,2026-01-19 15:37:24,39.29,371,371,100.0,38.73,44,0.496,0,1.7,68.87,0,10.89,200.29
T00601,GRADE,DOZ001,DOZER,OP002,2026-01-13 15:30:00,2026-01-13 17:30:00,2026-01-13 15:19:03,2026-01-13 17:07:53,108.84,1099,989,90.0,54.21,112,0.095,0,7.68,58.78,0,11.96,611.66
T00602,LIFT,EXC001,EXCAVATOR,OP006,2026-01-14 16:45:00,2026-01-14 18:25:00,2026-01-14 16:57:52,2026-01-14 17:10:10,12.29,38,38,100.0,78.33,5,0.346,0,3.86,66.6,0,5.76,58.68
T00603,LOAD,LOD001,LOADER,OP006,2026-01-11 16:30:00,2026-01-11 17:50:00,2026-01-11 16:26:09,2026-01-11 17:00:50,34.67,221,221,100.0,48.98,26,0.546,1,2.28,79.53,0,13.45,156.23
T00604,GRADE,DOZ001,DOZER,OP008,2026-01-25 11:45:00,2026-01-25 13:45:00,2026-01-25 11:46:51,2026-01-25 14:32:06,165.25,997,997,100.0,74.29,128,0.621,0,8.48,51.78,0,6.78,923.51
T00605,DIG,EXC001,EXCAVATOR,OP004,2026-01-22 10:00:00,2026-01-22 11:15:00,2026-01-22 09:57:20,2026-01-22 10:25:51,28.51,295,295,100.0,38.52,32,0.319,0,5.91,77.76,0,7.97,141.15
T00606,DIG,EXC001,EXCAVATOR,OP002,2026-01-30 13:00:00,2026-01-30 14:15:00,2026-01-30 12:58:35,2026-01-30 13:19:08,20.55,106,80,75.5,34.71,14,0.515,0,1.7,89.94,0,12.74,65.74
T00607,DIG,EXC001,EXCAVATOR,OP005,2026-01-20 08:00:00,2026-01-20 09:15:00,2026-01-20 08:24:39,2026-01-20 09:00:09,35.5,479,479,100.0,28.14,54,0.254,0,0.96,77.68,0,10.18,162.65
T00608,LIFT,EXC002,EXCAVATOR,OP008,2026-01-21 08:15:00,2026-01-21 09:55:00,2026-01-21 08:50:50,2026-01-21 09:22:02,31.2,154,100,64.9,87.97,18,0.438,0,3.07,83.63,0,5.55,218.51
T00609,DIG,EXC001,EXCAVATOR,OP006,2026-01-28 11:45:00,2026-01-28 13:00:00,2026-01-28 11:22:16,2026-01-28 12:09:22,47.1,558,251,45.0,37.22,67,0.605,1,4.25,61.11,0,8.41,275.07
T00610,LOAD,LOD001,LOADER,OP003,2026-01-23 14:15:00,2026-01-23 15:35:00,2026-01-23 14:14:08,2026-01-23 14:36:37,22.48,191,172,90.1,42.32,24,0.71,0,2.96,58.6,0,5.52,122.14
T00611,GRADE,DOZ001,DOZER,OP006,2026-01-16 14:15:00,2026-01-16 16:15:00,2026-01-16 14:18:36,2026-01-16 14:50:42,32.1,333,316,94.9,48.88,38,0.373,0,5.35,61.63,0,4.11,182.14
T00612,LOAD,LOD001,LOADER,OP005,2026-01-05 10:00:00,2026-01-05 11:20:00,2026-01-05 09:58:55,2026-01-05 10:21:47,22.86,40,38,95.0,60.0,6,0.782,1,8.11,68.16,0,18.68,52.81
T00613,LIFT,EXC002,EXCAVATOR,OP005,2026-01-16 14:00:00,2026-01-16 15:40:00,2026-01-16 14:11:42,2026-01-16 14:55:51,44.14,145,65,44.8,88.97,20,0.8,0,0.0,78.88,0,13.18,239.0
T00614,GRADE,DOZ001,DOZER,OP001,2026-01-25 12:30:00,2026-01-25 14:30:00,2026-01-25 12:38:39,2026-01-25 13:52:37,73.97,623,467,75.0,54.95,70,0.275,0,7.73,51.39,0,10.04,391.73
T00615,LOAD,LOD001,LOADER,OP007,2026-01-29 14:45:00,2026-01-29 16:05:00,2026-01-29 15:01:03,2026-01-29 15:20:32,19.48,141,141,100.0,40.61,16,0.244,0,2.32,79.35,0,8.65,83.56
T00616,GRADE,DOZ001,DOZER,OP004,2026-01-09 07:45:00,2026-01-09 09:45:00,2026-01-09 08:07:40,2026-01-09 09:05:33,57.88,640,608,95.0,52.34,67,0.113,0,3.07,50.12,0,4.91,325.0
T00617,LOAD,LOD001,LOADER,OP005,2026-01-14 09:00:00,2026-01-14 10:20:00,2026-01-14 09:07:19,2026-01-14 09:39:04,31.75,86,86,100.0,50.99,10,0.591,1,5.41,77.81,0,23.25,76.26
T00618,DIG,EXC002,EXCAVATOR,OP008,2026-01-09 17:45:00,2026-01-09 19:00:00,2026-01-09 17:53:01,2026-01-09 18:17:59,24.98,272,272,100.0,29.47,30,0.114,0,2.16,67.67,0,10.25,101.57
T00619,LIFT,EXC001,EXCAVATOR,OP001,2026-01-06 07:30:00,2026-01-06 09:10:00,2026-01-06 07:01:22,2026-01-06 07:34:47,33.41,88,88,100.0,94.06,11,0.615,1,0.46,71.59,0,16.17,150.63
T00620,GRADE,DOZ001,DOZER,OP004,2026-01-03 08:00:00,2026-01-03 10:00:00,2026-01-03 08:18:01,2026-01-03 10:33:34,135.55,1160,1160,100.0,56.85,138,0.257,0,1.68,72.56,0,4.8,800.08
T00621,GRADE,DOZ001,DOZER,OP008,2026-01-12 13:00:00,2026-01-12 15:00:00,2026-01-12 12:42:41,2026-01-12 14:27:37,104.92,826,826,100.0,63.65,92,0.446,0,8.66,46.85,0,7.33,535.83
T00622,LIFT,EXC001,EXCAVATOR,OP005,2026-01-25 12:00:00,2026-01-25 13:40:00,2026-01-25 11:54:16,2026-01-25 12:24:23,30.11,159,151,95.0,82.95,19,0.508,0,5.54,68.81,0,5.73,199.71
T00623,LIFT,EXC002,EXCAVATOR,OP007,2026-01-27 06:00:00,2026-01-27 07:40:00,2026-01-27 06:03:14,2026-01-27 06:22:46,19.52,83,83,100.0,101.42,10,0.507,0,5.01,66.08,1,2.62,136.37
T00624,GRADE,DOZ001,DOZER,OP001,2026-01-07 13:00:00,2026-01-07 15:00:00,2026-01-07 13:16:00,2026-01-07 14:14:02,58.03,576,547,95.0,46.31,64,0.225,0,3.49,53.82,0,10.13,287.7
T00625,LOAD,LOD001,LOADER,OP003,2026-01-21 17:00:00,2026-01-21 18:20:00,2026-01-21 17:12:58,2026-01-21 17:36:09,23.19,230,127,55.2,34.56,26,0.14,0,4.14,57.15,0,8.27,103.52
T00626,DIG,EXC002,EXCAVATOR,OP008,2026-01-21 10:15:00,2026-01-21 11:30:00,2026-01-21 10:24:49,2026-01-21 10:55:59,31.17,449,292,65.0,32.79,50,0.221,0,7.76,44.04,0,4.93,156.51
T00627,LIFT,EXC001,EXCAVATOR,OP004,2026-01-21 12:30:00,2026-01-21 14:10:00,2026-01-21 12:27:12,2026-01-21 12:39:54,12.7,23,23,100.0,88.18,3,0.446,0,6.36,74.05,0,8.29,37.7
T00628,LOAD,LOD001,LOADER,OP007,2026-01-26 09:00:00,2026-01-26 10:20:00,2026-01-26 09:03:05,2026-01-26 09:14:01,10.94,50,45,90.0,47.53,6,0.348,0,10.17,67.75,0,6.99,37.45
T00629,GRADE,DOZ001,DOZER,OP006,2026-01-25 07:15:00,2026-01-25 09:15:00,2026-01-25 07:09:04,2026-01-25 08:39:46,90.71,472,448,94.9,78.35,60,0.606,1,4.78,57.86,0,13.23,440.3
T00630,LOAD,LOD001,LOADER,OP001,2026-01-12 16:15:00,2026-01-12 17:35:00,2026-01-12 16:10:22,2026-01-12 16:30:27,20.09,219,208,95.0,37.29,24,0.07,0,4.43,74.64,0,5.94,115.95
T00631,DIG,EXC001,EXCAVATOR,OP008,2026-01-08 11:30:00,2026-01-08 12:45:00,2026-01-08 11:26:55,2026-01-08 12:15:53,48.96,529,450,85.1,36.94,62,0.495,0,3.07,40.05,0,16.14,214.71
T00632,DIG,EXC002,EXCAVATOR,OP006,2026-01-24 08:30:00,2026-01-24 09:45:00,2026-01-24 08:33:33,2026-01-24 08:53:45,20.19,120,114,95.0,41.16,14,0.593,0,8.04,63.29,0,9.43,56.53
T00633,GRADE,DOZ001,DOZER,OP008,2026-01-07 15:15:00,2026-01-07 17:15:00,2026-01-07 15:16:17,2026-01-07 17:07:26,111.15,862,862,100.0,61.76,99,0.31,0,6.41,66.54,0,9.25,611.86
T00634,GRADE,DOZ001,DOZER,OP003,2026-01-03 14:15:00,2026-01-03 16:15:00,2026-01-03 14:09:38,2026-01-03 16:13:25,123.79,1070,1070,100.0,58.22,119,0.567,0,4.68,60.39,0,8.33,667.75
T00635,LOAD,LOD001,LOADER,OP008,2026-01-01 16:45:00,2026-01-01 18:05:00,2026-01-01 17:02:49,2026-01-01 17:33:52,31.05,227,227,100.0,47.11,28,0.648,0,2.59,79.42,0,9.06,174.58
T00636,DIG,EXC002,EXCAVATOR,OP004,2026-01-11 17:00:00,2026-01-11 18:15:00,2026-01-11 16:59:15,2026-01-11 17:37:19,38.07,631,473,75.0,28.59,64,0.023,0,1.39,63.26,0,7.25,201.22
T00637,LIFT,EXC002,EXCAVATOR,OP003,2026-01-20 10:30:00,2026-01-20 12:10:00,2026-01-20 10:27:54,2026-01-20 11:00:37,32.72,124,112,90.3,76.94,14,0.186,0,7.46,83.88,0,12.38,149.73
T00638,DIG,EXC001,EXCAVATOR,OP002,2026-01-02 08:15:00,2026-01-02 09:30:00,2026-01-02 08:32:07,2026-01-02 08:47:17,15.17,112,112,100.0,33.98,14,0.549,0,4.39,72.55,0,7.24,55.44
T00639,GRADE,DOZ001,DOZER,OP002,2026-01-02 15:45:00,2026-01-02 17:45:00,2026-01-02 15:47:03,2026-01-02 17:53:11,126.13,1153,1095,95.0,50.53,134,0.471,0,0.0,54.49,0,9.14,624.83
T00640,LOAD,LOD001,LOADER,OP006,2026-01-08 15:00:00,2026-01-08 16:20:00,2026-01-08 15:01:20,2026-01-08 15:16:13,14.89,43,24,55.8,51.21,6,0.643,1,3.41,55.5,0,10.22,41.6
T00641,LIFT,EXC002,EXCAVATOR,OP002,2026-01-15 16:00:00,2026-01-15 17:40:00,2026-01-15 15:57:45,2026-01-15 16:30:54,33.15,112,106,94.6,89.04,13,0.265,0,4.25,98.0,0,13.35,185.04
T00642,GRADE,DOZ001,DOZER,OP001,2026-01-27 15:30:00,2026-01-27 17:30:00,2026-01-27 15:29:23,2026-01-27 16:00:56,31.56,233,198,85.0,56.33,28,0.431,0,8.61,61.28,0,5.51,150.86
T00643,LOAD,LOD001,LOADER,OP004,2026-01-17 07:00:00,2026-01-17 08:20:00,2026-01-17 06:48:22,2026-01-17 07:21:54,33.54,225,225,100.0,41.1,28,0.463,0,2.19,67.07,0,14.36,151.28
T00644,GRADE,DOZ001,DOZER,OP004,2026-01-17 16:15:00,2026-01-17 18:15:00,2026-01-17 15:58:45,2026-01-17 17:08:42,69.94,516,490,95.0,59.67,56,0.348,0,3.82,57.85,0,10.98,313.75
T00645,GRADE,DOZ001,DOZER,OP006,2026-01-22 13:45:00,2026-01-22 15:45:00,2026-01-22 13:52:00,2026-01-22 14:39:39,47.65,363,363,100.0,60.86,42,0.37,0,8.42,85.33,0,5.05,283.88
T00646,LIFT,EXC002,EXCAVATOR,OP006,2026-01-22 08:45:00,2026-01-22 10:25:00,2026-01-22 08:54:35,2026-01-22 09:15:10,20.57,110,61,55.5,71.54,13,0.448,0,3.33,68.12,0,4.82,121.53
T00647,LOAD,LOD001,LOADER,OP007,2026-01-25 16:45:00,2026-01-25 18:05:00,2026-01-25 16:42:47,2026-01-25 17:18:22,35.59,251,213,84.9,50.73,31,0.582,0,9.05,74.36,0,7.53,176.64
T00648,LIFT,EXC001,EXCAVATOR,OP007,2026-01-25 14:30:00,2026-01-25 16:10:00,2026-01-25 14:38:36,2026-01-25 14:59:52,21.28,112,50,44.6,72.12,13,0.218,0,0.28,85.93,0,5.84,130.07
T00649,GRADE,DOZ001,DOZER,OP001,2026-01-24 06:30:00,2026-01-24 08:30:00,2026-01-24 06:32:48,2026-01-24 06:58:19,25.52,183,174,95.1,57.99,20,0.23,0,2.16,68.96,1,9.19,121.83
T00650,LOAD,LOD001,LOADER,OP005,2026-01-08 09:30:00,2026-01-08 10:50:00,2026-01-08 09:17:47,2026-01-08 09:26:24,8.61,45,34,75.6,47.67,5,0.52,0,6.48,60.44,0,5.81,30.69
T00651,LOAD,LOD001,LOADER,OP002,2026-01-02 13:30:00,2026-01-02 14:50:00,2026-01-02 13:24:47,2026-01-02 13:41:48,17.02,79,79,100.0,38.25,9,0.288,0,5.3,81.44,0,11.28,48.32
T00652,LOAD,LOD001,LOADER,OP004,2026-01-09 10:00:00,2026-01-09 11:20:00,2026-01-09 09:44:15,2026-01-09 10:23:07,38.87,186,186,100.0,60.0,24,0.852,1,4.28,74.14,0,14.87,180.04
T00653,LIFT,EXC001,EXCAVATOR,OP006,2026-01-26 13:15:00,2026-01-26 14:55:00,2026-01-26 13:19:03,2026-01-26 13:48:00,28.96,144,108,75.0,78.92,17,0.468,0,4.9,66.02,0,7.13,167.27
T00654,DIG,EXC002,EXCAVATOR,OP001,2026-01-24 15:45:00,2026-01-24 17:00:00,2026-01-24 16:03:27,2026-01-24 16:25:16,21.83,160,120,75.0,36.46,19,0.534,0,0.0,77.89,0,12.13,82.76
T00655,LOAD,LOD001,LOADER,OP007,2026-01-14 07:15:00,2026-01-14 08:35:00,2026-01-14 07:20:00,2026-01-14 08:01:28,41.47,231,208,90.0,53.88,27,0.436,1,10.7,58.52,0,16.8,162.44
T00656,DIG,EXC002,EXCAVATOR,OP001,2026-01-10 14:00:00,2026-01-10 15:15:00,2026-01-10 13:54:34,2026-01-10 14:40:16,45.69,406,386,95.1,39.9,45,0.382,1,7.89,58.12,0,18.13,210.73
T00657,LIFT,EXC002,EXCAVATOR,OP004,2026-01-05 06:45:00,2026-01-05 08:25:00,2026-01-05 06:39:48,2026-01-05 07:30:41,50.87,134,114,85.1,116.0,17,0.715,1,7.43,67.62,1,16.94,268.25
T00658,DIG,EXC001,EXCAVATOR,OP007,2026-01-10 12:15:00,2026-01-10 13:30:00,2026-01-10 12:17:32,2026-01-10 12:32:38,15.1,215,215,100.0,31.99,24,0.25,0,2.75,66.43,0,2.31,81.32
T00659,GRADE,DOZ001,DOZER,OP007,2026-01-09 07:45:00,2026-01-09 09:45:00,2026-01-09 07:51:13,2026-01-09 10:07:21,136.13,1177,1118,95.0,62.6,134,0.542,0,3.78,54.94,0,10.84,836.52
T00660,LIFT,EXC001,EXCAVATOR,OP008,2026-01-18 09:45:00,2026-01-18 11:25:00,2026-01-18 09:59:08,2026-01-18 10:33:13,34.08,121,109,90.1,86.28,14,0.418,0,6.31,69.16,0,11.87,162.89
T00661,LIFT,EXC001,EXCAVATOR,OP004,2026-01-03 10:45:00,2026-01-03 12:25:00,2026-01-03 10:36:36,2026-01-03 11:07:30,30.91,102,87,85.3,89.49,12,0.289,0,4.71,80.71,0,11.43,152.09
T00662,DIG,EXC001,EXCAVATOR,OP007,2026-01-14 11:30:00,2026-01-14 12:45:00,2026-01-14 11:34:56,2026-01-14 12:10:09,35.23,275,275,100.0,39.71,32,0.337,1,5.08,82.44,0,14.05,147.28
T00663,DIG,EXC002,EXCAVATOR,OP003,2026-01-12 15:45:00,2026-01-12 17:00:00,2026-01-12 16:07:22,2026-01-12 16:33:16,25.9,229,218,95.2,35.2,26,0.419,1,0.0,72.31,0,12.28,108.01
T00664,LIFT,EXC001,EXCAVATOR,OP006,2026-01-05 17:00:00,2026-01-05 18:40:00,2026-01-05 16:41:03,2026-01-05 16:51:56,10.9,48,41,85.4,67.98,5,0.055,0,6.25,79.41,0,4.78,51.07
T00665,LIFT,EXC001,EXCAVATOR,OP005,2026-01-01 11:00:00,2026-01-01 12:40:00,2026-01-01 11:02:37,2026-01-01 11:27:01,24.39,98,93,94.9,87.78,12,0.293,0,6.22,87.38,0,8.79,148.38
T00666,DIG,EXC002,EXCAVATOR,OP004,2026-01-24 14:15:00,2026-01-24 15:30:00,2026-01-24 14:08:29,2026-01-24 14:31:40,23.18,288,274,95.1,32.86,30,0.13,0,4.2,51.13,0,6.86,94.87
T00667,LOAD,LOD001,LOADER,OP003,2026-01-23 17:00:00,2026-01-23 18:20:00,2026-01-23 16:51:21,2026-01-23 17:12:53,21.54,136,122,89.7,44.36,16,0.242,1,4.64,70.07,0,12.32,85.68
T00668,DIG,EXC002,EXCAVATOR,OP003,2026-01-02 10:15:00,2026-01-02 11:30:00,2026-01-02 10:12:02,2026-01-02 10:41:29,29.46,357,357,100.0,28.63,42,0.273,0,2.34,70.52,0,9.42,132.84
T00669,DIG,EXC001,EXCAVATOR,OP007,2026-01-22 10:30:00,2026-01-22 11:45:00,2026-01-22 10:51:20,2026-01-22 11:14:02,22.71,190,190,100.0,43.23,23,0.49,0,6.68,56.26,0,6.14,103.35
T00670,GRADE,DOZ001,DOZER,OP007,2026-01-17 17:00:00,2026-01-17 19:00:00,2026-01-17 16:57:32,2026-01-17 19:25:31,147.99,796,756,95.0,84.0,91,0.555,1,6.91,71.46,0,13.0,812.15
T00671,DIG,EXC001,EXCAVATOR,OP004,2026-01-17 13:00:00,2026-01-17 14:15:00,2026-01-17 13:24:26,2026-01-17 13:48:15,23.81,120,120,100.0,37.72,14,0.279,1,3.58,66.64,0,15.01,64.75
T00672,LOAD,LOD001,LOADER,OP008,2026-01-13 17:15:00,2026-01-13 18:35:00,2026-01-13 17:25:52,2026-01-13 17:36:28,10.61,44,44,100.0,40.35,5,0.291,0,3.49,70.4,0,7.25,27.31
T00673,LOAD,LOD001,LOADER,OP005,2026-01-08 14:30:00,2026-01-08 15:50:00,2026-01-08 14:50:55,2026-01-08 15:31:58,41.05,247,247,100.0,52.19,32,0.809,0,6.88,78.48,0,13.21,211.95
T00674,LOAD,LOD001,LOADER,OP001,2026-01-18 10:15:00,2026-01-18 11:35:00,2026-01-18 09:54:47,2026-01-18 10:23:19,28.53,78,78,100.0,60.0,10,0.685,1,8.46,60.32,0,18.53,79.9
T00675,GRADE,DOZ001,DOZER,OP002,2026-01-24 12:15:00,2026-01-24 14:15:00,2026-01-24 12:14:10,2026-01-24 14:05:07,110.95,1004,1004,100.0,56.79,105,0.381,0,4.11,56.23,0,11.57,568.32
T00676,LIFT,EXC002,EXCAVATOR,OP005,2026-01-30 15:30:00,2026-01-30 17:10:00,2026-01-30 15:21:40,2026-01-30 16:00:38,38.96,134,127,94.8,80.69,17,0.521,0,2.72,90.78,0,16.41,221.94
T00677,LIFT,EXC001,EXCAVATOR,OP004,2026-01-28 08:30:00,2026-01-28 10:10:00,2026-01-28 08:07:55,2026-01-28 08:47:56,40.02,154,85,55.2,92.86,18,0.341,0,6.03,83.71,0,10.7,230.08
T00678,GRADE,DOZ001,DOZER,OP003,2026-01-11 07:00:00,2026-01-11 09:00:00,2026-01-11 06:55:15,2026-01-11 08:14:39,79.39,527,527,100.0,65.25,62,0.537,0,6.12,70.16,0,11.96,446.65
T00679,LIFT,EXC001,EXCAVATOR,OP006,2026-01-29 12:45:00,2026-01-29 14:25:00,2026-01-29 12:30:33,2026-01-29 12:48:37,18.07,97,92,94.8,78.97,11,0.389,0,3.54,87.42,0,3.31,129.3
T00680,LOAD,LOD001,LOADER,OP004,2026-01-04 08:15:00,2026-01-04 09:35:00,2026-01-04 08:30:49,2026-01-04 08:42:14,11.41,46,34,73.9,46.99,5,0.328,0,6.28,68.36,0,8.99,29.86
T00681,LOAD,LOD001,LOADER,OP004,2026-01-08 16:00:00,2026-01-08 17:20:00,2026-01-08 15:49:35,2026-01-08 16:18:26,28.85,131,131,100.0,56.69,16,0.722,1,1.23,80.11,0,13.73,125.18
T00682,GRADE,DOZ001,DOZER,OP008,2026-01-23 16:30:00,2026-01-23 18:30:00,2026-01-23 16:40:21,2026-01-23 17:45:49,65.46,526,342,65.0,59.7,57,0.3,0,4.76,81.36,0,7.17,397.01
T00683,GRADE,DOZ001,DOZER,OP003,2026-01-06 09:15:00,2026-01-06 11:15:00,2026-01-06 09:08:26,2026-01-06 09:43:56,35.49,216,216,100.0,51.76,23,0.205,1,1.86,63.08,0,15.65,114.76
T00684,DIG,EXC002,EXCAVATOR,OP007,2026-01-08 17:15:00,2026-01-08 18:30:00,2026-01-08 17:23:01,2026-01-08 17:48:14,25.22,289,289,100.0,33.91,31,0.108,0,5.17,57.88,0,7.7,107.97
T00685,GRADE,DOZ001,DOZER,OP006,2026-01-28 13:15:00,2026-01-28 15:15:00,2026-01-28 13:31:42,2026-01-28 16:26:32,174.83,1025,1025,100.0,70.49,138,0.828,1,5.08,61.33,0,12.69,962.89
T00686,DIG,EXC002,EXCAVATOR,OP006,2026-01-13 15:00:00,2026-01-13 16:15:00,2026-01-13 15:01:03,2026-01-13 15:36:10,35.12,613,613,100.0,27.87,67,0.254,0,2.13,78.58,0,4.0,210.84
T00687,GRADE,DOZ001,DOZER,OP004,2026-01-17 14:45:00,2026-01-17 16:45:00,2026-01-17 14:41:22,2026-01-17 15:10:52,29.49,230,218,94.8,58.34,24,0.154,0,7.25,56.13,0,7.53,136.11
T00688,DIG,EXC001,EXCAVATOR,OP005,2026-01-15 12:30:00,2026-01-15 13:45:00,2026-01-15 12:18:15,2026-01-15 12:45:04,26.81,372,353,94.9,28.79,41,0.314,0,0.18,71.1,0,7.33,125.78
T00689,GRADE,DOZ001,DOZER,OP001,2026-01-23 14:15:00,2026-01-23 16:15:00,2026-01-23 14:14:43,2026-01-23 17:03:30,168.8,1099,824,75.0,78.36,132,0.678,1,2.43,40.5,0,17.59,847.03
T00690,GRADE,DOZ001,DOZER,OP002,2026-01-06 15:15:00,2026-01-06 17:15:00,2026-01-06 15:41:53,2026-01-06 17:57:18,135.42,955,955,100.0,58.74,116,0.581,1,6.3,64.37,0,21.85,660.31
T00691,GRADE,DOZ001,DOZER,OP003,2026-01-15 15:15:00,2026-01-15 17:15:00,2026-01-15 15:05:59,2026-01-15 17:47:27,161.47,1081,1081,100.0,67.18,130,0.507,1,4.09,63.47,0,15.92,877.47
T00692,LOAD,LOD001,LOADER,OP002,2026-01-03 07:45:00,2026-01-03 09:05:00,2026-01-03 07:41:23,2026-01-03 08:08:34,27.18,202,202,100.0,42.76,24,0.536,0,2.97,60.37,0,10.08,119.82
T00693,GRADE,DOZ001,DOZER,OP007,2026-01-18 12:00:00,2026-01-18 14:00:00,2026-01-18 12:09:48,2026-01-18 13:06:02,56.23,499,274,54.9,60.05,54,0.193,0,3.48,62.97,0,4.88,341.76
T00694,LIFT,EXC001,EXCAVATOR,OP003,2026-01-06 17:00:00,2026-01-06 18:40:00,2026-01-06 16:54:39,2026-01-06 17:17:33,22.89,127,127,100.0,68.94,14,0.137,0,2.72,92.35,0,6.8,151.66
T00695,GRADE,DOZ001,DOZER,OP003,2026-01-04 08:15:00,2026-01-04 10:15:00,2026-01-04 08:20:59,2026-01-04 09:01:49,40.84,157,141,89.8,80.74,19,0.654,1,4.45,61.02,0,14.57,161.53
T00696,LOAD,LOD001,LOADER,OP008,2026-01-16 13:00:00,2026-01-16 14:20:00,2026-01-16 12:58:17,2026-01-16 13:22:18,24.02,195,127,65.1,35.13,21,0.042,0,4.14,59.23,0,14.28,87.17
T00697,LIFT,EXC001,EXCAVATOR,OP008,2026-01-15 12:45:00,2026-01-15 14:25:00,2026-01-15 12:48:32,2026-01-15 13:05:22,16.84,40,36,90.0,93.77,5,0.405,0,5.03,92.08,0,9.85,74.21
T00698,DIG,EXC001,EXCAVATOR,OP005,2026-01-20 16:15:00,2026-01-20 17:30:00,2026-01-20 16:18:32,2026-01-20 16:47:32,29.0,130,130,100.0,30.72,15,0.385,0,4.19,81.3,0,21.32,62.54
T00699,DIG,EXC002,EXCAVATOR,OP001,2026-01-05 06:30:00,2026-01-05 07:45:00,2026-01-05 06:27:57,2026-01-05 07:16:57,49.0,419,230,54.9,42.88,52,0.66,0,3.71,67.5,1,8.33,241.92
T00700,DIG,EXC001,EXCAVATOR,OP007,2026-01-06 08:30:00,2026-01-06 09:45:00,2026-01-06 08:36:52,2026-01-06 08:57:39,20.78,261,117,44.8,34.62,29,0.202,0,4.18,66.98,0,3.02,104.24
T00701,LOAD,LOD001,LOADER,OP002,2026-01-25 10:30:00,2026-01-25 11:50:00,2026-01-25 10:38:31,2026-01-25 10:58:02,19.52,134,74,55.2,43.0,16,0.464,0,7.54,51.1,0,7.44,74.61
T00702,DIG,EXC002,EXCAVATOR,OP002,2026-01-10 13:15:00,2026-01-10 14:30:00,2026-01-10 13:16:51,2026-01-10 13:38:23,21.53,204,173,84.8,30.92,23,0.201,0,3.37,66.69,0,10.86,84.33
T00703,LOAD,LOD001,LOADER,OP007,2026-01-17 09:15:00,2026-01-17 10:35:00,2026-01-17 09:33:23,2026-01-17 09:58:56,25.55,196,196,100.0,47.88,23,0.244,0,8.47,65.0,0,7.2,127.46
T00704,DIG,EXC002,EXCAVATOR,OP005,2026-01-14 15:30:00,2026-01-14 16:45:00,2026-01-14 15:27:16,2026-01-14 16:07:15,39.99,345,328,95.1,39.55,40,0.369,0,7.89,65.24,0,11.85,173.26
T00705,LOAD,LOD001,LOADER,OP008,2026-01-17 17:45:00,2026-01-17 19:05:00,2026-01-17 17:47:55,2026-01-17 18:07:28,19.54,166,124,74.7,35.39,17,0.027,0,6.2,72.64,0,9.65,80.08
T00706,LIFT,EXC002,EXCAVATOR,OP004,2026-01-01 07:00:00,2026-01-01 08:40:00,2026-01-01 06:58:36,2026-01-01 07:30:40,32.06,139,125,89.9,92.11,16,0.404,0,7.63,89.24,0,9.71,207.52
T00707,DIG,EXC001,EXCAVATOR,OP007,2026-01-14 06:30:00,2026-01-14 07:45:00,2026-01-14 06:23:30,2026-01-14 07:11:58,48.48,438,394,90.0,46.04,53,0.569,0,7.29,73.76,1,7.2,277.42
T00708,LIFT,EXC001,EXCAVATOR,OP004,2026-01-23 10:30:00,2026-01-23 12:10:00,2026-01-23 10:16:11,2026-01-23 10:35:17,19.11,37,37,100.0,96.8,5,0.344,0,10.08,83.02,0,11.04,73.97
T00709,LOAD,LOD001,LOADER,OP002,2026-01-22 11:30:00,2026-01-22 12:50:00,2026-01-22 11:22:00,2026-01-22 11:43:26,21.43,141,120,85.1,42.94,17,0.546,0,2.82,83.69,0,12.05,95.65
T00710,DIG,EXC001,EXCAVATOR,OP004,2026-01-11 11:45:00,2026-01-11 13:00:00,2026-01-11 11:53:46,2026-01-11 13:13:11,79.42,565,424,75.0,50.0,73,0.825,1,5.6,46.61,0,16.79,351.66
T00711,LIFT,EXC002,EXCAVATOR,OP003,2026-01-21 13:30:00,2026-01-21 15:10:00,2026-01-21 13:42:37,2026-01-21 14:19:37,36.99,138,104,75.4,101.4,18,0.747,0,9.16,71.24,0,5.05,225.99
T00712,GRADE,DOZ001,DOZER,OP005,2026-01-19 17:30:00,2026-01-19 19:30:00,2026-01-19 17:33:13,2026-01-19 18:00:24,27.18,188,188,100.0,49.1,20,0.058,0,4.86,67.72,0,10.81,109.21
T00713,LOAD,LOD001,LOADER,OP002,2026-01-05 10:00:00,2026-01-05 11:20:00,2026-01-05 09:59:22,2026-01-05 10:24:14,24.88,126,57,45.2,42.99,15,0.333,1,7.13,56.7,0,15.89,77.08
T00714,LIFT,EXC002,EXCAVATOR,OP003,2026-01-20 07:30:00,2026-01-20 09:10:00,2026-01-20 07:16:43,2026-01-20 07:54:17,37.58,100,85,85.0,116.0,13,0.712,1,7.85,67.62,0,16.72,201.97
T00715,LOAD,LOD001,LOADER,OP002,2026-01-16 09:30:00,2026-01-16 10:50:00,2026-01-16 09:17:12,2026-01-16 09:34:48,17.6,155,116,74.8,40.71,18,0.368,0,7.46,74.94,0,7.45,91.26
T00716,LOAD,LOD001,LOADER,OP005,2026-01-06 07:30:00,2026-01-06 08:50:00,2026-01-06 07:14:25,2026-01-06 07:41:13,26.8,240,240,100.0,35.23,27,0.211,0,3.8,78.11,0,10.95,110.38
T00717,LIFT,EXC001,EXCAVATOR,OP008,2026-01-17 06:45:00,2026-01-17 08:25:00,2026-01-17 06:50:10,2026-01-17 07:21:23,31.23,148,148,100.0,84.15,17,0.306,0,2.68,57.33,1,7.38,176.41
T00718,LOAD,LOD001,LOADER,OP005,2026-01-25 11:15:00,2026-01-25 12:35:00,2026-01-25 11:03:03,2026-01-25 11:28:59,25.93,236,153,64.8,36.05,27,0.405,0,0.0,72.2,0,11.67,132.43
T00719,LIFT,EXC001,EXCAVATOR,OP001,2026-01-15 12:00:00,2026-01-15 13:40:00,2026-01-15 11:40:07,2026-01-15 12:02:27,22.34,21,21,100.0,87.4,3,0.434,1,5.68,84.47,0,17.97,46.42
T00720,DIG,EXC001,EXCAVATOR,OP006,2026-01-15 06:00:00,2026-01-15 07:15:00,2026-01-15 05:55:07,2026-01-15 06:45:39,50.53,613,460,75.0,36.33,73,0.473,0,4.26,65.15,1,2.64,275.45
T00721,LOAD,LOD001,LOADER,OP005,2026-01-21 09:30:00,2026-01-21 10:50:00,2026-01-21 09:36:06,2026-01-21 09:57:17,21.18,91,91,100.0,49.17,12,0.575,0,5.91,69.72,0,11.35,76.93
T00722,LOAD,LOD001,LOADER,OP008,2026-01-22 07:30:00,2026-01-22 08:50:00,2026-01-22 07:28:03,2026-01-22 07:41:20,13.28,78,78,100.0,40.68,9,0.302,0,2.89,72.66,0,7.17,47.48
T00723,DIG,EXC001,EXCAVATOR,OP002,2026-01-07 14:30:00,2026-01-07 15:45:00,2026-01-07 14:37:55,2026-01-07 15:29:36,51.68,642,642,100.0,34.77,71,0.299,0,2.9,77.66,0,10.54,269.38
T00724,LIFT,EXC002,EXCAVATOR,OP004,2026-01-06 07:30:00,2026-01-06 09:10:00,2026-01-06 07:17:32,2026-01-06 07:50:01,32.48,106,101,95.3,90.86,13,0.438,0,4.02,59.48,0,11.52,163.52
T00725,DIG,EXC001,EXCAVATOR,OP001,2026-01-16 16:00:00,2026-01-16 17:15:00,2026-01-16 15:59:58,2026-01-16 16:29:04,29.1,188,188,100.0,33.47,21,0.396,1,3.68,63.55,0,17.38,78.18
T00726,DIG,EXC002,EXCAVATOR,OP007,2026-01-06 17:45:00,2026-01-06 19:00:00,2026-01-06 17:44:37,2026-01-06 18:21:56,37.31,444,444,100.0,36.91,49,0.192,0,4.0,84.87,0,7.17,210.42
T00727,LIFT,EXC001,EXCAVATOR,OP008,2026-01-19 08:00:00,2026-01-19 09:40:00,2026-01-19 08:07:28,2026-01-19 08:36:31,29.05,139,139,100.0,81.08,16,0.28,0,5.45,79.58,0,7.43,177.65
T00728,LOAD,LOD001,LOADER,OP008,2026-01-08 09:15:00,2026-01-08 10:35:00,2026-01-08 09:26:56,2026-01-08 09:54:58,28.03,260,143,55.0,42.1,32,0.636,0,1.4,63.55,0,7.76,155.82
T00729,LOAD,LOD001,LOADER,OP007,2026-01-06 17:30:00,2026-01-06 18:50:00,2026-01-06 17:28:27,2026-01-06 17:54:53,26.45,241,157,65.1,43.24,27,0.292,0,5.95,72.15,0,7.27,149.93
T00730,LOAD,LOD001,LOADER,OP008,2026-01-01 07:45:00,2026-01-01 09:05:00,2026-01-01 07:36:41,2026-01-01 07:52:52,16.18,68,68,100.0,43.07,8,0.332,0,8.82,57.8,0,10.44,43.15
T00731,GRADE,DOZ001,DOZER,OP005,2026-01-25 11:15:00,2026-01-25 13:15:00,2026-01-25 10:59:15,2026-01-25 13:14:17,135.03,1190,1190,100.0,52.87,137,0.372,0,4.72,52.0,0,14.32,712.6
T00732,DIG,EXC002,EXCAVATOR,OP002,2026-01-26 10:45:00,2026-01-26 12:00:00,2026-01-26 10:51:26,2026-01-26 11:37:14,45.8,490,441,90.0,33.66,55,0.328,0,7.43,65.99,0,12.79,203.57
T00733,LIFT,EXC001,EXCAVATOR,OP003,2026-01-16 12:00:00,2026-01-16 13:40:00,2026-01-16 12:18:54,2026-01-16 12:42:27,23.55,107,107,100.0,78.33,12,0.163,0,5.53,87.05,0,7.89,138.64
T00734,GRADE,DOZ001,DOZER,OP006,2026-01-18 17:15:00,2026-01-18 19:15:00,2026-01-18 17:27:01,2026-01-18 18:18:56,51.91,504,454,90.1,50.14,56,0.094,0,7.42,61.22,0,4.87,289.84
T00735,DIG,EXC002,EXCAVATOR,OP002,2026-01-19 15:45:00,2026-01-19 17:00:00,2026-01-19 16:04:58,2026-01-19 16:38:09,33.18,413,392,94.9,30.5,46,0.312,0,5.25,63.67,0,8.79,150.98
T00736,GRADE,DOZ001,DOZER,OP005,2026-01-13 07:00:00,2026-01-13 09:00:00,2026-01-13 06:55:09,2026-01-13 08:30:13,95.07,926,926,100.0,52.45,98,0.177,0,5.53,73.65,0,9.4,521.96
T00737,DIG,EXC001,EXCAVATOR,OP004,2026-01-27 08:00:00,2026-01-27 09:15:00,2026-01-27 08:01:43,2026-01-27 08:30:13,28.5,230,207,90.0,39.24,28,0.61,0,3.75,65.95,0,10.3,118.31
T00738,GRADE,DOZ001,DOZER,OP007,2026-01-20 15:45:00,2026-01-20 17:45:00,2026-01-20 15:32:54,2026-01-20 16:58:55,86.01,550,550,100.0,67.54,70,0.666,0,1.92,51.81,0,7.21,440.9
T00739,LOAD,LOD001,LOADER,OP005,2026-01-30 12:30:00,2026-01-30 13:50:00,2026-01-30 12:20:17,2026-01-30 12:49:23,29.1,62,56,90.3,46.8,8,0.623,1,3.19,71.79,0,20.73,54.22
T00740,GRADE,DOZ001,DOZER,OP005,2026-01-02 11:00:00,2026-01-02 13:00:00,2026-01-02 10:53:06,2026-01-02 11:16:30,23.4,151,128,84.8,53.57,17,0.349,0,5.51,60.72,0,9.86,101.08
T00741,LOAD,LOD001,LOADER,OP005,2026-01-28 06:15:00,2026-01-28 07:35:00,2026-01-28 06:08:16,2026-01-28 06:38:41,30.42,150,128,85.3,44.05,17,0.375,1,2.52,76.7,1,17.65,98.6
T00742,GRADE,DOZ001,DOZER,OP007,2026-01-13 12:45:00,2026-01-13 14:45:00,2026-01-13 12:57:04,2026-01-13 14:18:32,81.47,582,524,90.0,64.93,72,0.683,0,3.99,52.83,0,7.96,480.79
T00743,GRADE,DOZ001,DOZER,OP004,2026-01-18 12:30:00,2026-01-18 14:30:00,2026-01-18 12:23:23,2026-01-18 15:00:12,156.81,1004,1004,100.0,74.91,119,0.687,0,6.74,72.52,0,8.24,914.04
T00744,LIFT,EXC001,EXCAVATOR,OP001,2026-01-03 16:00:00,2026-01-03 17:40:00,2026-01-03 15:54:00,2026-01-03 16:11:04,17.07,56,48,85.7,85.99,7,0.251,0,6.9,91.25,0,7.08,91.66
T00745,GRADE,DOZ001,DOZER,OP003,2026-01-03 08:45:00,2026-01-03 10:45:00,2026-01-03 08:45:03,2026-01-03 10:17:33,92.51,1083,596,55.0,43.37,114,0.092,0,2.2,56.19,0,9.8,480.56
T00746,GRADE,DOZ001,DOZER,OP008,2026-01-17 12:45:00,2026-01-17 14:45:00,2026-01-17 12:48:10,2026-01-17 16:00:53,192.72,937,937,100.0,84.0,127,0.813,1,8.69,59.22,0,14.92,1005.79
T00747,LIFT,EXC002,EXCAVATOR,OP001,2026-01-19 13:15:00,2026-01-19 14:55:00,2026-01-19 13:23:07,2026-01-19 13:53:59,30.87,148,148,100.0,74.27,17,0.352,0,0.37,73.04,0,9.83,179.54
T00748,LOAD,LOD001,LOADER,OP001,2026-01-19 13:30:00,2026-01-19 14:50:00,2026-01-19 13:45:25,2026-01-19 13:58:04,12.65,68,61,89.7,43.15,8,0.218,0,8.28,96.62,0,8.49,49.73
T00749,DIG,EXC001,EXCAVATOR,OP005,2026-01-15 14:00:00,2026-01-15 15:15:00,2026-01-15 13:43:23,2026-01-15 14:30:00,46.62,615,400,65.0,28.02,63,0.092,0,5.59,74.26,0,13.83,197.3
T00750,DIG,EXC001,EXCAVATOR,OP008,2026-01-21 17:00:00,2026-01-21 18:15:00,2026-01-21 16:57:13,2026-01-21 18:07:22,70.15,632,474,75.0,41.95,77,0.666,1,0.0,52.76,0,16.33,322.6
T00751,LOAD,LOD001,LOADER,OP006,2026-01-18 06:45:00,2026-01-18 08:05:00,2026-01-18 06:31:16,2026-01-18 06:54:57,23.67,156,148,94.9,48.98,19,0.421,0,7.33,72.4,1,9.4,121.82
T00752,GRADE,DOZ001,DOZER,OP007,2026-01-12 10:30:00,2026-01-12 12:30:00,2026-01-12 10:35:27,2026-01-12 11:40:45,65.3,493,493,100.0,60.44,57,0.445,0,5.77,59.34,0,7.89,329.09
T00753,LOAD,LOD001,LOADER,OP001,2026-01-21 13:15:00,2026-01-21 14:35:00,2026-01-21 13:20:01,2026-01-21 13:41:16,21.25,186,186,100.0,36.31,21,0.235,0,5.69,62.68,0,8.55,99.36
T00754,LOAD,LOD001,LOADER,OP005,2026-01-16 07:15:00,2026-01-16 08:35:00,2026-01-16 07:01:06,2026-01-16 07:23:15,22.14,169,169,100.0,36.42,20,0.2,0,1.44,76.28,0,10.0,93.5
T00755,LOAD,LOD001,LOADER,OP003,2026-01-20 10:30:00,2026-01-20 11:50:00,2026-01-20 10:32:22,2026-01-20 10:54:40,22.29,259,259,100.0,36.2,29,0.141,0,5.29,69.04,0,4.8,120.22
T00756,DIG,EXC001,EXCAVATOR,OP003,2026-01-22 13:30:00,2026-01-22 14:45:00,2026-01-22 13:49:02,2026-01-22 14:09:15,20.21,259,259,100.0,31.74,27,0.351,0,9.58,68.28,0,5.93,93.16
T00757,LIFT,EXC002,EXCAVATOR,OP003,2026-01-26 14:00:00,2026-01-26 15:40:00,2026-01-26 13:56:46,2026-01-26 14:22:09,25.37,107,48,44.9,77.94,12,0.37,0,7.87,59.2,0,10.78,116.57
T00758,LIFT,EXC001,EXCAVATOR,OP008,2026-01-25 12:45:00,2026-01-25 14:25:00,2026-01-25 12:32:48,2026-01-25 12:51:37,18.82,80,72,90.0,78.69,9,0.362,0,1.82,75.48,0,6.18,107.12
T00759,LIFT,EXC001,EXCAVATOR,OP006,2026-01-02 16:30:00,2026-01-02 18:10:00,2026-01-02 16:34:37,2026-01-02 16:46:06,11.48,49,49,100.0,84.63,6,0.64,0,0.05,79.99,0,3.01,69.34
T00760,GRADE,DOZ001,DOZER,OP008,2026-01-10 13:15:00,2026-01-10 15:15:00,2026-01-10 13:02:31,2026-01-10 14:56:13,113.69,927,788,85.0,61.0,111,0.558,0,3.62,67.3,0,10.03,622.07
T00761,GRADE,DOZ001,DOZER,OP005,2026-01-05 14:45:00,2026-01-05 16:45:00,2026-01-05 14:30:58,2026-01-05 15:03:19,32.34,174,174,100.0,47.33,20,0.245,0,1.65,51.85,0,16.57,99.77
T00762,GRADE,DOZ001,DOZER,OP006,2026-01-17 16:00:00,2026-01-17 18:00:00,2026-01-17 16:08:13,2026-01-17 16:55:17,47.06,349,192,55.0,64.98,43,0.636,0,8.24,55.69,0,6.13,259.65
T00763,LOAD,LOD001,LOADER,OP005,2026-01-11 10:30:00,2026-01-11 11:50:00,2026-01-11 10:36:22,2026-01-11 11:00:48,24.44,245,245,100.0,35.64,26,0.239,0,2.77,60.99,0,8.99,111.61
T00764,GRADE,DOZ001,DOZER,OP004,2026-01-24 16:15:00,2026-01-24 18:15:00,2026-01-24 16:35:33,2026-01-24 18:33:12,117.65,841,757,90.0,68.0,91,0.346,1,6.8,56.8,0,14.42,572.21
T00765,LIFT,EXC002,EXCAVATOR,OP001,2026-01-22 06:00:00,2026-01-22 07:40:00,2026-01-22 06:15:01,2026-01-22 06:26:17,11.27,23,23,100.0,86.96,3,0.362,0,3.06,70.82,1,6.92,36.64
T00766,DIG,EXC002,EXCAVATOR,OP006,2026-01-08 17:30:00,2026-01-08 18:45:00,2026-01-08 17:21:25,2026-01-08 18:01:12,39.78,337,337,100.0,41.98,39,0.489,1,4.21,84.13,0,12.49,191.05
T00767,DIG,EXC001,EXCAVATOR,OP001,2026-01-20 16:15:00,2026-01-20 17:30:00,2026-01-20 16:12:45,2026-01-20 16:38:13,25.46,204,173,84.8,36.65,24,0.326,0,5.11,77.68,0,9.92,104.04
T00768,DIG,EXC001,EXCAVATOR,OP003,2026-01-13 16:15:00,2026-01-13 17:30:00,2026-01-13 16:18:11,2026-01-13 16:39:32,21.36,193,164,85.0,30.29,22,0.348,0,4.63,65.34,0,9.43,74.97
T00769,LOAD,LOD001,LOADER,OP008,2026-01-22 07:45:00,2026-01-22 09:05:00,2026-01-22 07:38:11,2026-01-22 07:48:58,10.78,110,82,74.5,41.36,12,0.195,0,4.67,73.24,0,3.89,57.28
T00770,LOAD,LOD001,LOADER,OP003,2026-01-25 07:30:00,2026-01-25 08:50:00,2026-01-25 07:18:28,2026-01-25 07:57:55,39.45,238,238,100.0,60.0,31,0.8,0,5.74,83.75,0,8.45,231.84
T00771,GRADE,DOZ001,DOZER,OP001,2026-01-09 10:15:00,2026-01-09 12:15:00,2026-01-09 10:14:08,2026-01-09 12:46:07,151.99,1052,1052,100.0,64.82,125,0.461,1,6.32,64.26,0,16.94,804.72
T00772,LIFT,EXC002,EXCAVATOR,OP003,2026-01-21 13:00:00,2026-01-21 14:40:00,2026-01-21 12:56:15,2026-01-21 13:29:26,33.19,56,53,94.6,104.87,7,0.753,1,2.46,72.39,0,19.9,101.03
T00773,GRADE,DOZ001,DOZER,OP002,2026-01-30 13:30:00,2026-01-30 15:30:00,2026-01-30 13:37:56,2026-01-30 14:43:18,65.36,361,361,100.0,62.77,44,0.684,1,0.0,56.13,0,19.32,269.45
T00774,DIG,EXC002,EXCAVATOR,OP008,2026-01-01 13:15:00,2026-01-01 14:30:00,2026-01-01 13:27:10,2026-01-01 13:36:16,9.09,80,44,55.0,34.08,9,0.152,0,10.08,60.25,0,4.49,32.44
T00775,GRADE,DOZ001,DOZER,OP003,2026-01-23 11:45:00,2026-01-23 13:45:00,2026-01-23 12:03:32,2026-01-23 12:25:27,21.93,157,149,94.9,53.33,18,0.354,0,0.82,55.34,0,6.71,95.86
T00776,GRADE,DOZ001,DOZER,OP007,2026-01-13 17:00:00,2026-01-13 19:00:00,2026-01-13 17:02:01,2026-01-13 18:53:23,111.36,612,612,100.0,80.07,73,0.551,1,6.84,42.95,0,13.94,522.12
T00777,GRADE,DOZ001,DOZER,OP006,2026-01-11 16:30:00,2026-01-11 18:30:00,2026-01-11 16:35:24,2026-01-11 18:29:45,114.35,970,970,100.0,57.96,107,0.351,1,1.61,61.38,0,10.99,595.76
T00778,DIG,EXC002,EXCAVATOR,OP006,2026-01-03 13:30:00,2026-01-03 14:45:00,2026-01-03 13:31:52,2026-01-03 13:59:50,27.97,287,287,100.0,38.21,33,0.456,1,7.96,56.96,0,6.96,134.45
T00779,DIG,EXC002,EXCAVATOR,OP004,2026-01-10 17:45:00,2026-01-10 19:00:00,2026-01-10 17:46:53,2026-01-10 18:14:27,27.55,189,170,89.9,44.41,23,0.527,1,3.53,65.87,0,13.1,113.48
T00780,LOAD,LOD001,LOADER,OP002,2026-01-29 16:45:00,2026-01-29 18:05:00,2026-01-29 16:54:14,2026-01-29 17:20:58,26.72,228,228,100.0,40.32,26,0.181,0,3.63,75.59,0,9.25,144.4
T00781,DIG,EXC001,EXCAVATOR,OP001,2026-01-24 15:15:00,2026-01-24 16:30:00,2026-01-24 15:18:20,2026-01-24 16:01:22,43.03,580,580,100.0,29.68,69,0.261,0,3.27,56.61,0,8.9,224.4
T00782,LOAD,LOD001,LOADER,OP008,2026-01-01 06:30:00,2026-01-01 07:50:00,2026-01-01 06:31:04,2026-01-01 06:51:54,20.83,54,54,100.0,58.61,7,0.475,1,2.61,70.97,1,13.99,53.96
T00783,DIG,EXC002,EXCAVATOR,OP002,2026-01-07 16:45:00,2026-01-07 18:00:00,2026-01-07 16:46:29,2026-01-07 17:43:07,56.62,629,629,100.0,36.5,70,0.394,1,11.51,63.16,0,14.03,271.32
T00784,LIFT,EXC001,EXCAVATOR,OP001,2026-01-24 08:45:00,2026-01-24 10:25:00,2026-01-24 08:23:00,2026-01-24 08:32:52,9.87,24,23,95.8,68.97,3,0.252,0,0.0,79.24,0,7.34,30.05
T00785,DIG,EXC001,EXCAVATOR,OP003,2026-01-01 08:00:00,2026-01-01 09:15:00,2026-01-01 08:00:24,2026-01-01 08:59:46,59.36,394,296,75.1,50.0,52,0.782,1,5.13,79.18,0,12.84,293.93
T00786,DIG,EXC002,EXCAVATOR,OP003,2026-01-27 15:00:00,2026-01-27 16:15:00,2026-01-27 14:58:46,2026-01-27 15:22:19,23.55,188,188,100.0,30.24,21,0.131,0,3.85,74.03,0,12.97,76.5
T00787,LIFT,EXC001,EXCAVATOR,OP004,2026-01-14 11:45:00,2026-01-14 13:25:00,2026-01-14 11:44:03,2026-01-14 12:03:51,19.8,103,103,100.0,76.04,11,0.023,0,5.41,63.64,0,5.86,112.33
T00788,LIFT,EXC002,EXCAVATOR,OP004,2026-01-25 06:15:00,2026-01-25 07:55:00,2026-01-25 06:02:00,2026-01-25 06:29:03,27.05,105,105,100.0,99.21,12,0.35,0,10.06,78.39,1,7.21,156.73
T00789,LOAD,LOD001,LOADER,OP007,2026-01-06 17:30:00,2026-01-06 18:50:00,2026-01-06 17:37:10,2026-01-06 18:02:13,25.04,181,181,100.0,46.7,21,0.474,0,3.76,68.65,0,8.7,122.69
T00790,LIFT,EXC001,EXCAVATOR,OP003,2026-01-04 16:45:00,2026-01-04 18:25:00,2026-01-04 16:53:01,2026-01-04 17:21:25,28.39,60,60,100.0,87.83,8,0.451,1,0.0,75.96,0,16.68,101.95
T00791,GRADE,DOZ001,DOZER,OP001,2026-01-01 08:00:00,2026-01-01 10:00:00,2026-01-01 08:11:05,2026-01-01 09:34:24,83.3,731,731,100.0,53.76,80,0.413,0,0.0,57.78,0,11.63,440.43
T00792,GRADE,DOZ001,DOZER,OP004,2026-01-05 16:30:00,2026-01-05 18:30:00,2026-01-05 16:43:56,2026-01-05 18:28:12,104.26,1072,1072,100.0,49.86,116,0.214,0,2.21,68.9,0,7.87,585.26
T00793,LIFT,EXC001,EXCAVATOR,OP003,2026-01-23 13:00:00,2026-01-23 14:40:00,2026-01-23 13:07:34,2026-01-23 13:27:31,19.95,97,97,100.0,74.16,11,0.373,0,0.0,72.97,0,6.36,105.11
T00794,DIG,EXC001,EXCAVATOR,OP004,2026-01-04 14:00:00,2026-01-04 15:15:00,2026-01-04 13:59:49,2026-01-04 14:40:17,40.46,450,292,64.9,39.05,53,0.451,0,3.61,69.52,0,8.15,226.55
T00795,LIFT,EXC002,EXCAVATOR,OP004,2026-01-09 06:15:00,2026-01-09 07:55:00,2026-01-09 05:59:35,2026-01-09 06:28:17,28.69,48,36,75.0,110.74,6,0.424,1,7.01,77.59,1,15.62,97.97
T00796,GRADE,DOZ001,DOZER,OP003,2026-01-06 16:00:00,2026-01-06 18:00:00,2026-01-06 15:58:52,2026-01-06 16:43:14,44.37,260,234,90.0,61.19,30,0.438,0,4.88,71.9,0,13.12,196.96
T00797,LOAD,LOD001,LOADER,OP007,2026-01-09 11:45:00,2026-01-09 13:05:00,2026-01-09 11:50:20,2026-01-09 12:06:11,15.85,51,51,100.0,43.97,7,0.394,0,3.04,61.48,0,10.72,41.77
T00798,DIG,EXC001,EXCAVATOR,OP003,2026-01-26 06:45:00,2026-01-26 08:00:00,2026-01-26 06:46:06,2026-01-26 07:31:31,45.41,607,607,100.0,31.55,64,0.085,0,1.8,68.15,1,11.75,216.39
T00799,LIFT,EXC002,EXCAVATOR,OP006,2026-01-14 09:30:00,2026-01-14 11:10:00,2026-01-14 09:42:26,2026-01-14 09:58:58,16.53,78,58,74.4,61.11,8,0.076,0,2.67,85.15,0,8.14,78.36
T00800,LOAD,LOD001,LOADER,OP002,2026-01-08 17:45:00,2026-01-08 19:05:00,2026-01-08 17:43:11,2026-01-08 17:59:01,15.83,91,91,100.0,38.48,10,0.224,0,4.67,81.89,0,9.42,56.89
T00801,LIFT,EXC001,EXCAVATOR,OP008,2026-01-19 13:00:00,2026-01-19 14:40:00,2026-01-19 12:44:16,2026-01-19 13:24:24,40.14,131,131,100.0,86.54,16,0.495,1,3.24,55.98,0,17.06,171.46
T00802,GRADE,DOZ001,DOZER,OP007,2026-01-12 08:45:00,2026-01-12 10:45:00,2026-01-12 08:46:28,2026-01-12 09:48:17,61.83,547,492,89.9,63.82,60,0.543,0,0.23,66.94,0,3.29,381.32
T00803,LOAD,LOD001,LOADER,OP006,2026-01-05 06:00:00,2026-01-05 07:20:00,2026-01-05 05:50:26,2026-01-05 06:11:45,21.32,111,111,100.0,54.65,14,0.592,1,1.85,78.46,1,8.57,105.99
T00804,GRADE,DOZ001,DOZER,OP007,2026-01-06 11:15:00,2026-01-06 13:15:00,2026-01-06 11:26:23,2026-01-06 12:33:39,67.26,754,679,90.1,52.71,78,0.097,0,2.92,69.61,0,5.55,463.2
T00805,LIFT,EXC001,EXCAVATOR,OP002,2026-01-14 14:45:00,2026-01-14 16:25:00,2026-01-14 14:55:41,2026-01-14 15:14:06,18.43,75,68,90.7,77.22,8,0.176,0,5.23,62.78,0,9.65,78.4
T00806,GRADE,DOZ001,DOZER,OP001,2026-01-24 12:15:00,2026-01-24 14:15:00,2026-01-24 12:27:32,2026-01-24 14:12:12,104.67,657,657,100.0,63.29,82,0.584,1,0.0,60.18,0,18.18,504.52
T00807,LIFT,EXC001,EXCAVATOR,OP001,2026-01-14 06:00:00,2026-01-14 07:40:00,2026-01-14 05:57:28,2026-01-14 06:30:13,32.75,140,119,85.0,88.59,15,0.442,0,0.0,77.14,1,10.42,194.06
T00808,DIG,EXC002,EXCAVATOR,OP007,2026-01-16 17:00:00,2026-01-16 18:15:00,2026-01-16 16:59:25,2026-01-16 17:45:41,46.27,543,516,95.0,42.33,64,0.487,0,5.92,67.6,0,3.45,293.96
T00809,DIG,EXC001,EXCAVATOR,OP007,2026-01-07 08:30:00,2026-01-07 09:45:00,2026-01-07 08:18:08,2026-01-07 08:51:34,33.44,382,382,100.0,35.4,42,0.345,0,2.85,71.26,0,8.66,171.55
T00810,DIG,EXC001,EXCAVATOR,OP008,2026-01-22 10:15:00,2026-01-22 11:30:00,2026-01-22 10:06:02,2026-01-22 10:38:27,32.41,550,358,65.1,29.61,60,0.131,0,4.15,58.48,0,6.92,188.36
T00811,DIG,EXC002,EXCAVATOR,OP008,2026-01-25 08:45:00,2026-01-25 10:00:00,2026-01-25 08:58:16,2026-01-25 09:25:14,26.96,269,202,75.1,35.76,33,0.675,0,3.11,58.47,0,6.81,129.0
T00812,LOAD,LOD001,LOADER,OP001,2026-01-28 16:00:00,2026-01-28 17:20:00,2026-01-28 16:15:35,2026-01-28 16:29:43,14.13,138,76,55.1,37.82,16,0.269,0,2.78,55.95,0,4.19,66.75
T00813,LOAD,LOD001,LOADER,OP005,2026-01-14 10:15:00,2026-01-14 11:35:00,2026-01-14 10:20:54,2026-01-14 10:51:19,30.42,241,205,85.1,46.08,28,0.45,0,8.82,85.34,0,9.79,174.85
T00814,LOAD,LOD001,LOADER,OP006,2026-01-29 06:00:00,2026-01-29 07:20:00,2026-01-29 06:01:44,2026-01-29 06:14:38,12.89,138,138,100.0,43.41,15,0.159,0,4.28,90.31,1,2.04,84.74
T00815,DIG,EXC002,EXCAVATOR,OP006,2026-01-06 16:00:00,2026-01-06 17:15:00,2026-01-06 16:12:30,2026-01-06 16:38:21,25.86,289,289,100.0,32.19,30,0.196,1,7.67,68.31,0,9.77,111.24
T00816,LOAD,LOD001,LOADER,OP002,2026-01-21 13:15:00,2026-01-21 14:35:00,2026-01-21 13:25:50,2026-01-21 13:48:03,22.22,232,197,84.9,33.32,25,0.17,0,1.22,58.06,0,9.95,99.41
T00817,LIFT,EXC002,EXCAVATOR,OP006,2026-01-29 10:45:00,2026-01-29 12:25:00,2026-01-29 10:39:44,2026-01-29 10:57:46,18.03,90,90,100.0,66.34,11,0.203,0,0.37,65.64,0,5.87,97.4
T00818,LOAD,LOD001,LOADER,OP008,2026-01-16 14:00:00,2026-01-16 15:20:00,2026-01-16 13:35:05,2026-01-16 13:59:36,24.51,160,136,85.0,49.97,19,0.529,0,10.69,72.83,0,8.05,110.84
T00819,LOAD,LOD001,LOADER,OP006,2026-01-26 16:00:00,2026-01-26 17:20:00,2026-01-26 15:45:28,2026-01-26 16:05:38,20.17,88,48,54.5,47.75,11,0.778,1,1.31,64.82,0,9.96,65.44
T00820,GRADE,DOZ001,DOZER,OP002,2026-01-13 08:30:00,2026-01-13 10:30:00,2026-01-13 08:29:04,2026-01-13 09:13:51,44.78,307,307,100.0,57.29,38,0.653,0,0.95,63.99,0,8.5,212.76
T00821,LOAD,LOD001,LOADER,OP003,2026-01-16 08:15:00,2026-01-16 09:35:00,2026-01-16 08:28:36,2026-01-16 08:54:28,25.86,173,78,45.1,42.98,21,0.476,0,7.83,65.35,0,9.08,101.41
T00822,DIG,EXC002,EXCAVATOR,OP007,2026-01-22 14:15:00,2026-01-22 15:30:00,2026-01-22 14:20:22,2026-01-22 15:07:32,47.17,565,565,100.0,35.81,65,0.496,0,1.53,60.1,0,8.38,238.64
T00823,GRADE,DOZ001,DOZER,OP005,2026-01-07 07:00:00,2026-01-07 09:00:00,2026-01-07 06:45:49,2026-01-07 07:55:02,69.21,625,406,65.0,53.43,68,0.263,0,3.14,48.91,0,14.11,375.05
T00824,LOAD,LOD001,LOADER,OP006,2026-01-21 16:30:00,2026-01-21 17:50:00,2026-01-21 16:27:49,2026-01-21 16:54:38,26.81,164,148,90.2,43.84,19,0.484,1,1.17,65.15,0,12.84,103.22
T00825,GRADE,DOZ001,DOZER,OP005,2026-01-19 08:30:00,2026-01-19 10:30:00,2026-01-19 08:47:12,2026-01-19 09:36:46,49.57,501,376,75.0,47.36,57,0.302,0,3.89,62.35,0,10.15,286.26
T00826,LIFT,EXC002,EXCAVATOR,OP006,2026-01-10 06:15:00,2026-01-10 07:55:00,2026-01-10 06:44:08,2026-01-10 07:15:49,31.68,110,110,100.0,112.5,13,0.498,1,5.8,90.04,1,7.31,199.42
T00827,LIFT,EXC001,EXCAVATOR,OP005,2026-01-06 08:15:00,2026-01-06 09:55:00,2026-01-06 08:12:50,2026-01-06 08:38:47,25.95,61,61,100.0,89.17,7,0.38,1,5.01,87.21,0,15.54,88.8
T00828,DIG,EXC002,EXCAVATOR,OP003,2026-01-15 10:30:00,2026-01-15 11:45:00,2026-01-15 10:17:04,2026-01-15 10:41:30,24.43,268,268,100.0,34.0,31,0.497,0,0.0,72.88,0,6.86,121.61
T00829,DIG,EXC002,EXCAVATOR,OP006,2026-01-05 11:45:00,2026-01-05 13:00:00,2026-01-05 11:36:09,2026-01-05 12:12:26,36.29,632,284,44.9,32.98,69,0.312,0,8.3,69.67,0,2.47,242.21
T00830,LOAD,LOD001,LOADER,OP001,2026-01-13 13:15:00,2026-01-13 14:35:00,2026-01-13 12:51:15,2026-01-13 13:15:22,24.12,157,86,54.8,42.66,18,0.222,0,10.42,69.55,0,10.48,95.29
T00831,LIFT,EXC001,EXCAVATOR,OP006,2026-01-21 17:30:00,2026-01-21 19:10:00,2026-01-21 17:23:46,2026-01-21 17:57:23,33.6,141,78,55.3,81.21,18,0.509,1,3.28,61.22,0,7.1,188.41
T00832,LIFT,EXC002,EXCAVATOR,OP006,2026-01-23 07:45:00,2026-01-23 09:25:00,2026-01-23 07:40:17,2026-01-23 07:48:17,8.0,30,30,100.0,78.61,4,0.279,0,4.48,65.24,0,2.62,39.93
T00833,DIG,EXC002,EXCAVATOR,OP001,2026-01-13 15:15:00,2026-01-13 16:30:00,2026-01-13 15:30:03,2026-01-13 16:27:24,57.35,536,536,100.0,43.94,65,0.669,1,0.0,66.4,0,9.74,293.49
T00834,LOAD,LOD001,LOADER,OP004,2026-01-19 14:15:00,2026-01-19 15:35:00,2026-01-19 14:31:11,2026-01-19 15:10:33,39.37,240,132,55.0,52.68,28,0.559,0,8.98,41.81,0,14.68,164.06
T00835,LOAD,LOD001,LOADER,OP001,2026-01-03 14:45:00,2026-01-03 16:05:00,2026-01-03 14:57:41,2026-01-03 15:37:16,39.58,213,192,90.1,53.23,28,0.746,1,5.59,72.75,0,14.05,192.45
T00836,DIG,EXC002,EXCAVATOR,OP004,2026-01-16 11:00:00,2026-01-16 12:15:00,2026-01-16 11:11:46,2026-01-16 11:59:45,47.97,449,449,100.0,38.34,51,0.34,1,3.64,65.41,0,15.38,212.07
T00837,GRADE,DOZ001,DOZER,OP007,2026-01-12 06:30:00,2026-01-12 08:30:00,2026-01-12 06:35:08,2026-01-12 08:32:06,116.96,856,856,100.0,67.28,97,0.408,0,2.91,65.13,1,8.18,637.55
T00838,GRADE,DOZ001,DOZER,OP004,2026-01-24 13:45:00,2026-01-24 15:45:00,2026-01-24 13:49:27,2026-01-24 15:53:12,123.74,1056,1056,100.0,56.67,117,0.381,1,5.1,70.0,0,13.24,641.52
T00839,GRADE,DOZ001,DOZER,OP003,2026-01-27 15:00:00,2026-01-27 17:00:00,2026-01-27 14:53:47,2026-01-27 16:03:12,69.42,444,444,100.0,61.99,50,0.287,1,8.52,62.85,0,17.76,310.7
T00840,GRADE,DOZ001,DOZER,OP002,2026-01-30 15:45:00,2026-01-30 17:45:00,2026-01-30 15:48:13,2026-01-30 16:36:00,47.78,331,331,100.0,55.23,39,0.588,0,1.35,51.71,0,11.88,200.11
T00841,LOAD,LOD001,LOADER,OP003,2026-01-18 13:15:00,2026-01-18 14:35:00,2026-01-18 13:14:51,2026-01-18 13:38:37,23.78,91,91,100.0,49.83,12,0.515,1,2.57,66.03,0,13.82,77.53
T00842,GRADE,DOZ001,DOZER,OP008,2026-01-02 10:30:00,2026-01-02 12:30:00,2026-01-02 10:37:47,2026-01-02 13:13:26,155.65,1161,1103,95.0,60.07,136,0.378,0,4.44,62.91,0,11.25,806.41
T00843,GRADE,DOZ001,DOZER,OP001,2026-01-26 06:15:00,2026-01-26 08:15:00,2026-01-26 06:04:56,2026-01-26 07:58:04,113.12,687,687,100.0,71.6,81,0.627,1,1.78,51.05,1,16.47,537.91
T00844,GRADE,DOZ001,DOZER,OP005,2026-01-14 08:45:00,2026-01-14 10:45:00,2026-01-14 08:36:44,2026-01-14 09:48:37,71.87,651,651,100.0,54.73,70,0.16,0,5.44,68.37,0,8.03,368.87
T00845,LOAD,LOD001,LOADER,OP002,2026-01-20 17:30:00,2026-01-20 18:50:00,2026-01-20 17:48:38,2026-01-20 18:13:46,25.14,188,179,95.2,35.44,22,0.255,0,5.43,59.91,0,14.47,94.26
T00846,GRADE,DOZ001,DOZER,OP008,2026-01-23 07:30:00,2026-01-23 09:30:00,2026-01-23 07:26:53,2026-01-23 09:40:53,134.01,1199,1019,85.0,56.38,129,0.143,0,4.45,49.76,0,6.87,720.3
T00847,DIG,EXC002,EXCAVATOR,OP003,2026-01-19 06:15:00,2026-01-19 07:30:00,2026-01-19 06:15:49,2026-01-19 06:48:07,32.3,407,387,95.1,35.02,45,0.477,0,5.62,60.61,1,8.21,166.15
T00848,LIFT,EXC002,EXCAVATOR,OP003,2026-01-02 10:30:00,2026-01-02 12:10:00,2026-01-02 10:42:18,2026-01-02 11:15:00,32.7,127,114,89.8,87.63,15,0.644,0,1.57,85.18,0,11.73,184.29
T00849,LOAD,LOD001,LOADER,OP005,2026-01-10 14:00:00,2026-01-10 15:20:00,2026-01-10 14:03:28,2026-01-10 14:31:51,28.39,171,171,100.0,43.19,20,0.42,0,8.17,60.29,0,13.99,102.5
T00850,LIFT,EXC001,EXCAVATOR,OP003,2026-01-18 11:30:00,2026-01-18 13:10:00,2026-01-18 11:22:56,2026-01-18 11:49:20,26.4,97,97,100.0,82.84,11,0.203,0,6.62,76.92,0,11.21,131.89
T00851,LOAD,LOD001,LOADER,OP006,2026-01-27 08:00:00,2026-01-27 09:20:00,2026-01-27 08:03:26,2026-01-27 08:15:29,12.03,75,71,94.7,39.34,9,0.448,0,6.08,67.65,0,5.66,46.07
T00852,LOAD,LOD001,LOADER,OP007,2026-01-11 08:00:00,2026-01-11 09:20:00,2026-01-11 08:09:03,2026-01-11 08:30:24,21.35,95,95,100.0,50.49,11,0.512,1,3.32,54.48,0,12.09,69.69
T00853,LIFT,EXC001,EXCAVATOR,OP002,2026-01-14 13:00:00,2026-01-14 14:40:00,2026-01-14 12:57:54,2026-01-14 13:31:03,33.16,49,37,75.5,96.21,6,0.631,1,5.08,74.71,0,22.55,87.48
T00854,DIG,EXC002,EXCAVATOR,OP006,2026-01-10 17:30:00,2026-01-10 18:45:00,2026-01-10 17:14:47,2026-01-10 17:35:56,21.15,222,166,74.8,33.27,25,0.359,0,2.09,53.57,0,6.51,86.9
T00855,LOAD,LOD001,LOADER,OP005,2026-01-01 17:00:00,2026-01-01 18:20:00,2026-01-01 17:09:41,2026-01-01 17:27:15,17.58,96,96,100.0,37.36,11,0.308,0,4.18,76.33,0,10.73,52.86
T00856,LIFT,EXC001,EXCAVATOR,OP005,2026-01-05 09:15:00,2026-01-05 10:55:00,2026-01-05 09:19:13,2026-01-05 09:44:23,25.18,40,38,95.0,83.42,5,0.354,1,2.85,90.71,0,18.73,67.77
T00857,DIG,EXC001,EXCAVATOR,OP001,2026-01-25 13:45:00,2026-01-25 15:00:00,2026-01-25 14:00:15,2026-01-25 14:24:12,23.95,123,123,100.0,34.68,15,0.364,1,5.36,64.61,0,15.28,58.18
T00858,DIG,EXC001,EXCAVATOR,OP008,2026-01-04 10:00:00,2026-01-04 11:15:00,2026-01-04 09:47:18,2026-01-04 10:01:06,13.8,147,147,100.0,31.79,18,0.232,0,0.23,74.59,0,4.27,63.56
T00859,DIG,EXC001,EXCAVATOR,OP002,2026-01-30 15:15:00,2026-01-30 16:30:00,2026-01-30 15:20:53,2026-01-30 15:47:43,26.84,284,284,100.0,31.61,31,0.08,0,4.42,80.07,0,10.51,118.03
T00860,LOAD,LOD001,LOADER,OP002,2026-01-05 17:30:00,2026-01-05 18:50:00,2026-01-05 17:07:30,2026-01-05 17:35:17,27.78,188,188,100.0,39.15,22,0.272,0,2.78,66.96,0,13.43,110.13
T00861,LIFT,EXC001,EXCAVATOR,OP002,2026-01-04 15:00:00,2026-01-04 16:40:00,2026-01-04 15:05:51,2026-01-04 15:53:15,47.41,155,155,100.0,96.05,19,0.624,1,2.12,85.66,0,16.99,269.15
T00862,LIFT,EXC002,EXCAVATOR,OP003,2026-01-29 14:00:00,2026-01-29 15:40:00,2026-01-29 13:48:29,2026-01-29 14:13:03,24.57,45,25,55.6,99.7,6,0.515,1,2.54,85.76,0,14.89,95.06
T00863,GRADE,DOZ001,DOZER,OP003,2026-01-15 16:00:00,2026-01-15 18:00:00,2026-01-15 15:36:34,2026-01-15 16:40:51,64.28,520,338,65.0,55.66,58,0.144,0,4.02,73.75,0,9.75,320.04
T00864,GRADE,DOZ001,DOZER,OP004,2026-01-17 09:45:00,2026-01-17 11:45:00,2026-01-17 09:36:09,2026-01-17 11:03:23,87.23,381,286,75.1,84.0,48,0.809,1,0.0,68.65,0,18.99,369.03
T00865,LOAD,LOD001,LOADER,OP008,2026-01-04 14:15:00,2026-01-04 15:35:00,2026-01-04 14:11:38,2026-01-04 14:38:23,26.75,166,124,74.7,48.91,19,0.37,1,5.44,82.23,0,11.82,113.47
T00866,LOAD,LOD001,LOADER,OP002,2026-01-11 13:00:00,2026-01-11 14:20:00,2026-01-11 12:55:50,2026-01-11 13:24:29,28.65,138,138,100.0,46.69,17,0.466,1,3.47,79.66,0,15.42,104.92
T00867,LOAD,LOD001,LOADER,OP004,2026-01-18 12:30:00,2026-01-18 13:50:00,2026-01-18 12:22:55,2026-01-18 13:05:06,42.18,258,245,95.0,60.0,33,0.829,1,0.0,65.35,0,14.18,241.34
T00868,DIG,EXC002,EXCAVATOR,OP006,2026-01-06 06:45:00,2026-01-06 08:00:00,2026-01-06 06:44:05,2026-01-06 07:01:47,17.71,187,187,100.0,39.55,21,0.242,0,5.89,72.95,1,3.87,96.2
T00869,DIG,EXC001,EXCAVATOR,OP003,2026-01-13 12:00:00,2026-01-13 13:15:00,2026-01-13 12:02:10,2026-01-13 12:26:35,24.42,252,252,100.0,30.36,26,0.094,0,5.29,80.84,0,11.26,94.29
T00870,LIFT,EXC002,EXCAVATOR,OP004,2026-01-20 12:00:00,2026-01-20 13:40:00,2026-01-20 11:57:04,2026-01-20 12:20:48,23.74,79,51,64.6,89.77,9,0.129,0,8.79,72.05,0,9.28,115.95
T00871,GRADE,DOZ001,DOZER,OP005,2026-01-25 16:45:00,2026-01-25 18:45:00,2026-01-25 16:32:14,2026-01-25 18:00:03,87.81,879,835,95.0,50.03,95,0.278,0,3.78,51.41,0,11.83,438.94
T00872,GRADE,DOZ001,DOZER,OP005,2026-01-05 13:00:00,2026-01-05 15:00:00,2026-01-05 12:51:22,2026-01-05 13:42:24,51.03,400,400,100.0,57.66,43,0.298,0,7.12,61.64,0,9.71,267.57
T00873,GRADE,DOZ001,DOZER,OP003,2026-01-01 07:00:00,2026-01-01 09:00:00,2026-01-01 07:04:51,2026-01-01 07:43:12,38.36,289,275,95.2,56.49,33,0.367,0,6.13,51.92,0,8.26,170.96
T00874,DIG,EXC001,EXCAVATOR,OP007,2026-01-20 16:30:00,2026-01-20 17:45:00,2026-01-20 16:27:24,2026-01-20 16:53:26,26.02,236,236,100.0,38.39,26,0.301,0,2.3,87.49,0,9.38,130.19
T00875,DIG,EXC001,EXCAVATOR,OP008,2026-01-26 13:15:00,2026-01-26 14:30:00,2026-01-26 13:09:18,2026-01-26 14:00:16,50.96,380,342,90.0,44.15,48,0.677,1,3.18,60.12,0,18.07,208.64
T00876,GRADE,DOZ001,DOZER,OP006,2026-01-26 14:00:00,2026-01-26 16:00:00,2026-01-26 14:03:36,2026-01-26 14:30:24,26.79,214,96,44.9,54.92,25,0.406,1,0.9,56.87,0,6.92,132.69
T00877,DIG,EXC002,EXCAVATOR,OP008,2026-01-11 12:45:00,2026-01-11 14:00:00,2026-01-11 12:48:52,2026-01-11 13:36:10,47.31,550,550,100.0,34.16,59,0.233,0,5.64,71.81,0,13.71,228.51
T00878,LIFT,EXC002,EXCAVATOR,OP003,2026-01-16 12:15:00,2026-01-16 13:55:00,2026-01-16 12:17:45,2026-01-16 12:38:18,20.56,99,84,84.8,69.92,11,0.093,0,2.27,71.42,0,9.04,109.87
T00879,GRADE,DOZ001,DOZER,OP008,2026-01-22 14:45:00,2026-01-22 16:45:00,2026-01-22 14:50:25,2026-01-22 16:33:30,103.09,1124,1012,90.0,52.5,121,0.156,0,4.64,53.1,0,10.21,630.49
T00880,LIFT,EXC001,EXCAVATOR,OP007,2026-01-09 13:45:00,2026-01-09 15:25:00,2026-01-09 13:54:05,2026-01-09 14:38:26,44.35,110,82,74.5,116.0,15,0.998,1,8.39,83.61,0,17.39,254.4
T00881,LOAD,LOD001,LOADER,OP001,2026-01-01 15:00:00,2026-01-01 16:20:00,2026-01-01 14:38:26,2026-01-01 14:58:10,19.73,72,47,65.3,44.95,9,0.597,0,4.77,69.73,0,14.07,52.84
T00882,LOAD,LOD001,LOADER,OP006,2026-01-13 07:45:00,2026-01-13 09:05:00,2026-01-13 07:48:55,2026-01-13 08:03:18,14.38,128,58,45.3,42.51,15,0.395,0,13.0,69.63,0,5.02,79.05
T00883,GRADE,DOZ001,DOZER,OP001,2026-01-22 09:15:00,2026-01-22 11:15:00,2026-01-22 09:15:25,2026-01-22 10:40:58,85.55,630,567,90.0,64.41,70,0.397,1,3.72,56.95,0,16.61,434.03
T00884,DIG,EXC001,EXCAVATOR,OP005,2026-01-04 11:15:00,2026-01-04 12:30:00,2026-01-04 11:07:17,2026-01-04 11:21:46,14.48,100,95,95.0,29.91,11,0.225,0,2.71,57.2,0,9.46,39.88
T00885,DIG,EXC002,EXCAVATOR,OP007,2026-01-19 14:45:00,2026-01-19 16:00:00,2026-01-19 14:40:53,2026-01-19 15:08:18,27.42,353,353,100.0,33.7,38,0.076,0,4.57,73.91,0,6.07,142.12
T00886,GRADE,DOZ001,DOZER,OP006,2026-01-13 15:45:00,2026-01-13 17:45:00,2026-01-13 16:00:55,2026-01-13 17:16:59,76.06,810,729,90.0,48.24,88,0.179,0,8.49,56.7,0,2.02,380.19
T00887,GRADE,DOZ001,DOZER,OP004,2026-01-11 13:30:00,2026-01-11 15:30:00,2026-01-11 13:34:25,2026-01-11 14:34:19,59.89,491,442,90.0,59.08,58,0.412,0,5.98,56.26,0,5.05,334.07
T00888,LOAD,LOD001,LOADER,OP004,2026-01-16 16:00:00,2026-01-16 17:20:00,2026-01-16 15:51:22,2026-01-16 16:20:29,29.11,255,166,65.1,44.3,28,0.208,1,6.82,67.47,0,8.09,149.35
T00889,LIFT,EXC002,EXCAVATOR,OP005,2026-01-02 10:45:00,2026-01-02 12:25:00,2026-01-02 10:40:30,2026-01-02 11:00:35,20.08,77,69,89.6,73.09,9,0.189,0,3.2,90.24,0,9.44,93.82
T00890,DIG,EXC001,EXCAVATOR,OP006,2026-01-09 07:45:00,2026-01-09 09:00:00,2026-01-09 08:00:34,2026-01-09 08:35:40,35.11,517,517,100.0,30.89,59,0.254,0,2.87,71.51,0,4.73,201.89
T00891,DIG,EXC002,EXCAVATOR,OP005,2026-01-14 16:30:00,2026-01-14 17:45:00,2026-01-14 16:52:21,2026-01-14 17:22:49,30.47,284,284,100.0,32.89,33,0.527,0,3.51,65.88,0,12.38,122.75
T00892,LOAD,LOD001,LOADER,OP003,2026-01-29 06:15:00,2026-01-29 07:35:00,2026-01-29 05:57:34,2026-01-29 06:23:39,26.09,187,178,95.2,49.83,21,0.295,0,7.05,68.8,1,7.22,121.1
T00893,GRADE,DOZ001,DOZER,OP007,2026-01-30 15:00:00,2026-01-30 17:00:00,2026-01-30 14:52:57,2026-01-30 15:57:11,64.22,560,560,100.0,56.13,61,0.221,0,2.2,63.36,0,7.15,329.0
T00894,LIFT,EXC001,EXCAVATOR,OP003,2026-01-24 16:30:00,2026-01-24 18:10:00,2026-01-24 16:34:57,2026-01-24 17:05:25,30.46,131,131,100.0,77.25,14,0.136,0,8.41,82.26,0,12.43,162.51
T00895,DIG,EXC001,EXCAVATOR,OP007,2026-01-09 10:15:00,2026-01-09 11:30:00,2026-01-09 10:16:25,2026-01-09 10:43:22,26.96,342,291,85.1,36.44,35,0.101,0,8.01,67.1,0,6.06,141.16
T00896,LIFT,EXC002,EXCAVATOR,OP004,2026-01-04 08:15:00,2026-01-04 09:55:00,2026-01-04 08:15:15,2026-01-04 08:32:03,16.8,27,27,100.0,74.78,3,0.071,0,6.52,70.64,0,13.06,34.66
T00897,LOAD,LOD001,LOADER,OP008,2026-01-18 12:45:00,2026-01-18 14:05:00,2026-01-18 12:30:00,2026-01-18 12:47:36,17.6,205,113,55.1,39.72,22,0.205,0,7.57,67.72,0,4.85,107.54
T00898,LIFT,EXC001,EXCAVATOR,OP005,2026-01-05 06:30:00,2026-01-05 08:10:00,2026-01-05 06:31:13,2026-01-05 06:52:05,20.87,91,82,90.1,73.77,10,0.108,0,8.13,59.63,1,9.87,91.74
T00899,LIFT,EXC001,EXCAVATOR,OP008,2026-01-26 06:00:00,2026-01-26 07:40:00,2026-01-26 06:05:43,2026-01-26 06:25:49,20.1,41,41,100.0,98.12,5,0.366,0,5.36,74.17,1,11.92,70.79
T00900,LOAD,LOD001,LOADER,OP007,2026-01-29 11:00:00,2026-01-29 12:20:00,2026-01-29 10:43:03,2026-01-29 10:53:56,10.88,141,63,44.7,35.41,16,0.133,0,3.68,62.37,0,2.64,66.55
T00901,LIFT,EXC001,EXCAVATOR,OP002,2026-01-19 17:00:00,2026-01-19 18:40:00,2026-01-19 17:13:09,2026-01-19 17:44:52,31.71,153,138,90.2,80.41,18,0.38,0,6.56,83.19,0,10.35,204.96
T00902,LOAD,LOD001,LOADER,OP002,2026-01-08 15:00:00,2026-01-08 16:20:00,2026-01-08 15:16:18,2026-01-08 15:58:47,42.47,237,178,75.1,53.78,29,0.659,1,0.42,93.04,0,17.74,215.3
T00903,LOAD,LOD001,LOADER,OP004,2026-01-30 12:15:00,2026-01-30 13:35:00,2026-01-30 11:54:47,2026-01-30 12:19:47,24.99,76,76,100.0,42.77,9,0.23,1,3.24,54.41,0,18.58,50.57
T00904,LIFT,EXC002,EXCAVATOR,OP008,2026-01-14 10:00:00,2026-01-14 11:40:00,2026-01-14 09:57:23,2026-01-14 10:22:56,25.54,145,138,95.2,62.55,16,0.097,0,0.0,78.79,0,8.71,134.05
T00905,DIG,EXC002,EXCAVATOR,OP007,2026-01-16 16:15:00,2026-01-16 17:30:00,2026-01-16 15:57:31,2026-01-16 16:30:59,33.47,364,237,65.1,43.55,44,0.574,0,8.16,82.84,0,3.22,224.74
T00906,LIFT,EXC002,EXCAVATOR,OP008,2026-01-23 11:30:00,2026-01-23 13:10:00,2026-01-23 11:39:50,2026-01-23 11:53:26,13.61,25,22,88.0,90.2,3,0.35,0,7.7,72.57,0,9.36,37.8
T00907,DIG,EXC001,EXCAVATOR,OP004,2026-01-09 14:45:00,2026-01-09 16:00:00,2026-01-09 14:36:39,2026-01-09 15:06:38,29.99,396,356,89.9,34.99,44,0.509,0,0.0,59.54,0,5.48,169.5
T00908,LOAD,LOD001,LOADER,OP004,2026-01-28 13:45:00,2026-01-28 15:05:00,2026-01-28 13:47:48,2026-01-28 13:58:31,10.71,42,23,54.8,39.65,5,0.272,0,5.49,58.63,0,6.72,26.34
T00909,GRADE,DOZ001,DOZER,OP005,2026-01-03 09:30:00,2026-01-03 11:30:00,2026-01-03 09:10:07,2026-01-03 10:33:24,83.28,580,377,65.0,62.29,70,0.584,0,4.88,58.91,0,12.2,432.09
T00910,LIFT,EXC002,EXCAVATOR,OP006,2026-01-29 16:45:00,2026-01-29 18:25:00,2026-01-29 16:44:09,2026-01-29 16:55:24,11.25,28,28,100.0,77.8,3,0.277,0,8.28,68.21,0,7.36,37.89
T00911,DIG,EXC002,EXCAVATOR,OP008,2026-01-24 12:30:00,2026-01-24 13:45:00,2026-01-24 12:26:58,2026-01-24 13:16:15,49.28,512,333,65.0,36.73,62,0.584,0,3.98,62.46,0,12.48,239.17
T00912,DIG,EXC001,EXCAVATOR,OP005,2026-01-17 07:30:00,2026-01-17 08:45:00,2026-01-17 07:43:29,2026-01-17 08:29:02,45.56,510,459,90.0,34.29,61,0.505,0,0.0,72.06,0,8.21,234.84
T00913,LOAD,LOD001,LOADER,OP001,2026-01-25 06:15:00,2026-01-25 07:35:00,2026-01-25 06:35:03,2026-01-25 07:08:42,33.66,201,191,95.0,60.0,27,0.851,1,3.49,86.58,1,10.89,213.17
T00914,LIFT,EXC001,EXCAVATOR,OP007,2026-01-07 16:30:00,2026-01-07 18:10:00,2026-01-07 16:37:56,2026-01-07 17:07:31,29.58,100,90,90.0,100.15,12,0.515,0,6.93,73.16,0,8.11,163.71
T00915,DIG,EXC001,EXCAVATOR,OP004,2026-01-17 17:15:00,2026-01-17 18:30:00,2026-01-17 17:20:11,2026-01-17 18:07:33,47.37,500,375,75.0,42.18,56,0.504,1,1.37,76.22,0,11.91,269.03
T00916,LOAD,LOD001,LOADER,OP008,2026-01-28 17:15:00,2026-01-28 18:35:00,2026-01-28 17:13:41,2026-01-28 17:31:10,17.48,106,106,100.0,33.36,11,0.061,0,4.24,62.91,0,11.36,47.48
T00917,LOAD,LOD001,LOADER,OP004,2026-01-03 12:30:00,2026-01-03 13:50:00,2026-01-03 12:25:17,2026-01-03 12:47:22,22.08,86,86,100.0,56.0,11,0.668,0,5.04,79.35,0,11.82,81.78
T00918,GRADE,DOZ001,DOZER,OP001,2026-01-01 14:15:00,2026-01-01 16:15:00,2026-01-01 14:12:40,2026-01-01 15:13:07,60.45,332,149,44.9,64.08,40,0.352,1,6.98,59.33,0,14.41,272.44
T00919,LIFT,EXC002,EXCAVATOR,OP003,2026-01-02 12:45:00,2026-01-02 14:25:00,2026-01-02 12:51:39,2026-01-02 13:23:57,32.31,86,86,100.0,98.68,11,0.609,1,3.95,72.95,0,14.22,148.11
T00920,LOAD,LOD001,LOADER,OP002,2026-01-01 17:45:00,2026-01-01 19:05:00,2026-01-01 17:42:02,2026-01-01 18:09:50,27.81,237,130,54.9,35.95,26,0.127,0,6.63,70.19,0,15.19,116.51
T00921,GRADE,DOZ001,DOZER,OP002,2026-01-08 17:15:00,2026-01-08 19:15:00,2026-01-08 17:06:43,2026-01-08 18:22:46,76.05,540,243,45.0,64.28,62,0.416,1,0.0,50.23,0,19.48,350.56
T00922,LOAD,LOD001,LOADER,OP008,2026-01-13 08:45:00,2026-01-13 10:05:00,2026-01-13 08:56:43,2026-01-13 09:37:13,40.49,259,259,100.0,46.55,29,0.358,1,5.0,60.96,0,17.99,165.27
T00923,LIFT,EXC002,EXCAVATOR,OP004,2026-01-14 08:45:00,2026-01-14 10:25:00,2026-01-14 08:33:40,2026-01-14 08:51:16,17.6,57,57,100.0,91.82,7,0.33,0,2.79,67.68,0,6.89,89.23
T00924,LOAD,LOD001,LOADER,OP008,2026-01-30 09:30:00,2026-01-30 10:50:00,2026-01-30 09:30:31,2026-01-30 09:55:36,25.09,189,161,85.2,46.38,21,0.24,0,9.14,81.85,0,10.97,138.4
T00925,GRADE,DOZ001,DOZER,OP001,2026-01-16 08:30:00,2026-01-16 10:30:00,2026-01-16 08:33:31,2026-01-16 10:37:34,124.05,964,819,85.0,60.77,123,0.626,0,0.0,74.63,0,11.17,745.47
T00926,GRADE,DOZ001,DOZER,OP005,2026-01-03 07:00:00,2026-01-03 09:00:00,2026-01-03 07:21:38,2026-01-03 07:57:20,35.71,256,256,100.0,51.12,28,0.251,0,4.61,51.75,0,11.85,134.3
T00927,LIFT,EXC002,EXCAVATOR,OP006,2026-01-20 16:00:00,2026-01-20 17:40:00,2026-01-20 15:44:02,2026-01-20 16:03:58,19.92,21,21,100.0,70.04,3,0.227,1,2.25,67.79,0,16.42,35.46
T00928,GRADE,DOZ001,DOZER,OP007,2026-01-22 11:15:00,2026-01-22 13:15:00,2026-01-22 10:57:35,2026-01-22 11:39:22,41.78,234,211,90.2,69.22,26,0.268,1,3.28,60.77,0,16.45,179.25
T00929,LOAD,LOD001,LOADER,OP008,2026-01-30 11:45:00,2026-01-30 13:05:00,2026-01-30 11:26:12,2026-01-30 11:51:18,25.1,73,73,100.0,49.79,9,0.54,1,4.3,80.38,0,17.63,59.39
T00930,GRADE,DOZ001,DOZER,OP005,2026-01-04 11:00:00,2026-01-04 13:00:00,2026-01-04 11:03:13,2026-01-04 11:55:35,52.36,411,390,94.9,52.54,45,0.311,0,0.55,60.79,0,12.24,231.3
T00931,LOAD,LOD001,LOADER,OP007,2026-01-10 10:30:00,2026-01-10 11:50:00,2026-01-10 10:25:22,2026-01-10 10:51:03,25.69,172,172,100.0,57.85,22,0.703,0,7.16,70.76,0,4.48,139.25
T00932,LIFT,EXC002,EXCAVATOR,OP008,2026-01-25 08:45:00,2026-01-25 10:25:00,2026-01-25 08:51:11,2026-01-25 09:06:29,15.3,33,33,100.0,74.53,4,0.077,0,4.23,84.1,0,10.33,46.83
T00933,DIG,EXC001,EXCAVATOR,OP003,2026-01-02 13:30:00,2026-01-02 14:45:00,2026-01-02 13:36:00,2026-01-02 14:07:09,31.15,247,210,85.0,42.43,29,0.509,1,2.65,52.47,0,10.62,121.95
T00934,GRADE,DOZ001,DOZER,OP008,2026-01-02 13:30:00,2026-01-02 15:30:00,2026-01-02 13:50:07,2026-01-02 16:39:31,169.41,1143,1086,95.0,64.84,140,0.553,0,5.32,44.97,0,7.41,832.67
T00935,DIG,EXC001,EXCAVATOR,OP002,2026-01-12 07:15:00,2026-01-12 08:30:00,2026-01-12 06:59:16,2026-01-12 07:36:13,36.95,370,370,100.0,30.55,44,0.47,0,0.0,52.96,0,14.55,142.82
T00936,LIFT,EXC002,EXCAVATOR,OP004,2026-01-19 06:15:00,2026-01-19 07:55:00,2026-01-19 06:13:37,2026-01-19 06:45:52,32.24,126,69,54.8,106.21,15,0.361,0,5.96,90.18,1,8.98,229.22
T00937,LIFT,EXC002,EXCAVATOR,OP002,2026-01-29 11:00:00,2026-01-29 12:40:00,2026-01-29 11:08:37,2026-01-29 11:34:20,25.71,92,78,84.8,73.05,11,0.276,0,1.23,77.11,0,14.55,113.55
T00938,DIG,EXC002,EXCAVATOR,OP006,2026-01-19 07:30:00,2026-01-19 08:45:00,2026-01-19 07:17:29,2026-01-19 07:37:15,19.77,237,237,100.0,29.95,28,0.301,0,2.97,76.52,0,5.8,101.43
T00939,GRADE,DOZ001,DOZER,OP008,2026-01-21 10:00:00,2026-01-21 12:00:00,2026-01-21 10:05:26,2026-01-21 11:46:28,101.02,824,371,45.0,58.13,94,0.295,0,1.98,70.89,0,8.13,550.28
T00940,GRADE,DOZ001,DOZER,OP003,2026-01-07 06:30:00,2026-01-07 08:30:00,2026-01-07 06:32:49,2026-01-07 08:37:19,124.51,811,608,75.0,75.86,98,0.643,0,6.46,50.5,1,8.96,696.41
T00941,DIG,EXC002,EXCAVATOR,OP002,2026-01-13 10:15:00,2026-01-13 11:30:00,2026-01-13 09:53:04,2026-01-13 10:30:16,37.2,325,146,44.9,33.99,39,0.385,0,9.28,68.51,0,16.12,145.62
T00942,GRADE,DOZ001,DOZER,OP001,2026-01-28 09:15:00,2026-01-28 11:15:00,2026-01-28 09:18:15,2026-01-28 11:35:40,137.42,945,709,75.0,62.58,115,0.666,0,4.51,47.42,0,11.48,680.79
T00943,LOAD,LOD001,LOADER,OP002,2026-01-10 13:45:00,2026-01-10 15:05:00,2026-01-10 13:29:16,2026-01-10 13:59:10,29.89,228,171,75.0,40.4,27,0.446,0,2.66,73.74,0,14.43,148.48
T00944,LOAD,LOD001,LOADER,OP006,2026-01-22 07:30:00,2026-01-22 08:50:00,2026-01-22 07:44:46,2026-01-22 08:07:49,23.06,171,171,100.0,39.93,20,0.3,0,7.2,69.76,0,9.75,91.22
T00945,GRADE,DOZ001,DOZER,OP008,2026-01-09 15:45:00,2026-01-09 17:45:00,2026-01-09 15:28:42,2026-01-09 16:39:35,70.9,334,284,85.0,79.38,42,0.77,1,4.65,61.27,0,18.61,340.56
T00946,LOAD,LOD001,LOADER,OP007,2026-01-21 12:00:00,2026-01-21 13:20:00,2026-01-21 12:22:04,2026-01-21 12:34:50,12.77,50,48,96.0,42.95,6,0.279,0,5.11,65.59,0,7.99,33.97
T00947,GRADE,DOZ001,DOZER,OP003,2026-01-30 13:00:00,2026-01-30 15:00:00,2026-01-30 13:10:18,2026-01-30 14:40:10,89.87,745,708,95.0,66.51,82,0.305,1,3.7,65.32,0,10.12,589.03
T00948,DIG,EXC002,EXCAVATOR,OP005,2026-01-05 08:30:00,2026-01-05 09:45:00,2026-01-05 08:31:45,2026-01-05 09:12:31,40.77,334,317,94.9,39.45,41,0.638,0,6.5,48.53,0,11.53,151.98
T00949,LOAD,LOD001,LOADER,OP002,2026-01-30 06:00:00,2026-01-30 07:20:00,2026-01-30 05:46:00,2026-01-30 06:07:07,21.12,170,162,95.3,37.78,18,0.181,0,2.01,67.41,1,11.79,85.97
T00950,DIG,EXC002,EXCAVATOR,OP005,2026-01-12 10:00:00,2026-01-12 11:15:00,2026-01-12 09:57:07,2026-01-12 10:50:35,53.47,595,595,100.0,36.84,74,0.584,0,6.65,70.46,0,8.03,287.68
T00951,GRADE,DOZ001,DOZER,OP003,2026-01-27 12:00:00,2026-01-27 14:00:00,2026-01-27 11:52:20,2026-01-27 12:37:47,45.45,320,320,100.0,58.02,37,0.362,0,3.54,53.64,0,9.67,205.61
T00952,LOAD,LOD001,LOADER,OP008,2026-01-25 16:45:00,2026-01-25 18:05:00,2026-01-25 16:50:00,2026-01-25 17:12:21,22.35,199,149,74.9,44.78,23,0.375,0,7.42,88.35,0,6.56,146.97
T00953,LOAD,LOD001,LOADER,OP004,2026-01-06 07:30:00,2026-01-06 08:50:00,2026-01-06 07:25:36,2026-01-06 07:56:24,30.8,212,212,100.0,46.19,26,0.538,0,7.26,56.02,0,10.78,138.12
T00954,DIG,EXC001,EXCAVATOR,OP007,2026-01-04 06:15:00,2026-01-04 07:30:00,2026-01-04 06:06:17,2026-01-04 06:52:00,45.71,568,540,95.1,41.1,66,0.343,0,9.03,58.08,1,6.43,287.05
T00955,GRADE,DOZ001,DOZER,OP005,2026-01-20 15:30:00,2026-01-20 17:30:00,2026-01-20 15:24:02,2026-01-20 17:25:28,121.43,958,718,74.9,55.99,116,0.577,0,2.66,46.44,0,8.11,586.76
T00956,DIG,EXC001,EXCAVATOR,OP003,2026-01-01 09:00:00,2026-01-01 10:15:00,2026-01-01 09:08:02,2026-01-01 09:30:44,22.71,96,82,85.4,40.48,12,0.512,1,2.93,75.5,0,17.65,63.57
T00957,LIFT,EXC001,EXCAVATOR,OP004,2026-01-16 16:15:00,2026-01-16 17:55:00,2026-01-16 16:12:14,2026-01-16 16:34:48,22.56,81,77,95.1,86.82,9,0.397,0,3.85,71.49,0,10.99,114.21
T00958,LIFT,EXC001,EXCAVATOR,OP005,2026-01-25 13:15:00,2026-01-25 14:55:00,2026-01-25 13:07:10,2026-01-25 13:46:01,38.84,141,134,95.0,73.77,16,0.367,1,0.56,67.98,0,20.77,161.71
T00959,DIG,EXC001,EXCAVATOR,OP003,2026-01-24 17:45:00,2026-01-24 19:00:00,2026-01-24 18:04:04,2026-01-24 18:46:23,42.31,576,547,95.0,31.33,65,0.12,0,3.94,74.83,0,9.88,221.67
T00960,GRADE,DOZ001,DOZER,OP004,2026-01-10 15:45:00,2026-01-10 17:45:00,2026-01-10 15:55:22,2026-01-10 16:35:08,39.77,254,254,100.0,60.67,29,0.245,0,10.25,59.49,0,10.45,166.92
T00961,DIG,EXC002,EXCAVATOR,OP007,2026-01-28 13:30:00,2026-01-28 14:45:00,2026-01-28 13:32:45,2026-01-28 13:55:31,22.75,117,111,94.9,47.63,15,0.449,1,8.28,83.38,0,9.57,85.48
T00962,GRADE,DOZ001,DOZER,OP004,2026-01-23 06:00:00,2026-01-23 08:00:00,2026-01-23 05:57:40,2026-01-23 08:37:05,159.42,1014,913,90.0,71.07,123,0.589,0,6.82,44.21,1,7.64,741.97
T00963,DIG,EXC002,EXCAVATOR,OP007,2026-01-29 13:00:00,2026-01-29 14:15:00,2026-01-29 12:56:31,2026-01-29 13:41:07,44.6,586,527,89.9,36.0,67,0.226,0,0.0,67.52,0,2.51,256.39
T00964,LOAD,LOD001,LOADER,OP007,2026-01-01 08:30:00,2026-01-01 09:50:00,2026-01-01 08:25:08,2026-01-01 08:51:14,26.11,225,225,100.0,46.12,25,0.377,0,2.92,83.69,0,6.9,148.31
T00965,LOAD,LOD001,LOADER,OP004,2026-01-17 09:30:00,2026-01-17 10:50:00,2026-01-17 09:32:10,2026-01-17 10:04:48,32.62,194,126,64.9,47.32,24,0.672,0,3.29,53.7,0,11.61,130.64
T00966,GRADE,DOZ001,DOZER,OP005,2026-01-24 17:45:00,2026-01-24 19:45:00,2026-01-24 17:33:14,2026-01-24 19:33:12,119.96,1003,652,65.0,56.89,118,0.622,0,0.48,69.19,0,6.6,665.53
T00967,LOAD,LOD001,LOADER,OP003,2026-01-20 09:30:00,2026-01-20 10:50:00,2026-01-20 09:35:49,2026-01-20 10:04:57,29.12,216,184,85.2,44.86,26,0.42,1,0.23,77.52,0,13.39,155.2
T00968,GRADE,DOZ001,DOZER,OP003,2026-01-07 08:45:00,2026-01-07 10:45:00,2026-01-07 08:45:00,2026-01-07 09:42:16,57.26,356,267,75.0,71.81,48,0.852,0,4.59,66.4,0,7.07,365.91
T00969,GRADE,DOZ001,DOZER,OP004,2026-01-07 14:00:00,2026-01-07 16:00:00,2026-01-07 13:55:43,2026-01-07 14:21:18,25.58,187,187,100.0,47.65,21,0.075,0,1.36,52.67,0,8.9,96.6
T00970,LOAD,LOD001,LOADER,OP003,2026-01-06 14:00:00,2026-01-06 15:20:00,2026-01-06 13:59:30,2026-01-06 14:31:37,32.12,246,246,100.0,42.67,29,0.281,0,4.97,77.08,0,11.49,156.06
T00971,GRADE,DOZ001,DOZER,OP004,2026-01-04 14:15:00,2026-01-04 16:15:00,2026-01-04 14:22:29,2026-01-04 16:25:23,122.91,1146,1146,100.0,53.14,128,0.191,0,3.33,59.17,0,9.53,653.47
T00972,LOAD,LOD001,LOADER,OP001,2026-01-25 14:30:00,2026-01-25 15:50:00,2026-01-25 14:49:21,2026-01-25 14:58:59,9.64,78,51,65.4,32.89,9,0.087,0,0.0,87.59,0,4.32,40.08
T00973,DIG,EXC001,EXCAVATOR,OP008,2026-01-26 13:00:00,2026-01-26 14:15:00,2026-01-26 13:22:52,2026-01-26 13:39:37,16.76,188,141,75.0,29.43,20,0.211,0,6.91,55.92,0,6.05,61.24
T00974,DIG,EXC001,EXCAVATOR,OP002,2026-01-06 16:00:00,2026-01-06 17:15:00,2026-01-06 15:58:50,2026-01-06 16:34:17,35.46,290,160,55.2,38.91,31,0.399,1,4.16,71.87,0,15.3,140.48
T00975,LIFT,EXC002,EXCAVATOR,OP008,2026-01-25 14:45:00,2026-01-25 16:25:00,2026-01-25 14:39:19,2026-01-25 14:54:59,15.67,45,45,100.0,87.29,6,0.42,0,5.62,78.42,0,6.94,74.14
T00976,LOAD,LOD001,LOADER,OP003,2026-01-04 09:45:00,2026-01-04 11:05:00,2026-01-04 09:55:15,2026-01-04 10:13:25,18.17,146,110,75.3,39.67,17,0.283,0,0.49,91.29,0,7.28,95.82
T00977,DIG,EXC001,EXCAVATOR,OP008,2026-01-11 10:15:00,2026-01-11 11:30:00,2026-01-11 10:31:18,2026-01-11 10:54:42,23.4,167,167,100.0,40.45,21,0.459,0,8.76,63.01,0,9.24,97.53
T00978,GRADE,DOZ001,DOZER,OP004,2026-01-05 14:45:00,2026-01-05 16:45:00,2026-01-05 14:44:20,2026-01-05 15:55:16,70.94,617,617,100.0,55.9,65,0.114,0,1.28,82.91,0,10.38,392.71
T00979,GRADE,DOZ001,DOZER,OP007,2026-01-29 13:30:00,2026-01-29 15:30:00,2026-01-29 13:10:58,2026-01-29 13:45:46,34.81,210,200,95.2,68.57,24,0.391,1,5.91,43.78,0,11.51,150.87
T00980,DIG,EXC001,EXCAVATOR,OP002,2026-01-11 11:45:00,2026-01-11 13:00:00,2026-01-11 11:49:52,2026-01-11 12:21:51,32.0,248,236,95.2,37.76,28,0.353,0,7.84,67.3,0,12.68,118.2
T00981,GRADE,DOZ001,DOZER,OP003,2026-01-29 15:00:00,2026-01-29 17:00:00,2026-01-29 14:57:47,2026-01-29 17:06:57,129.16,755,755,100.0,71.77,95,0.737,1,3.57,39.72,0,15.52,573.9
T00982,LOAD,LOD001,LOADER,OP006,2026-01-01 10:15:00,2026-01-01 11:35:00,2026-01-01 10:10:25,2026-01-01 10:44:25,34.01,219,219,100.0,47.41,25,0.468,1,3.07,98.0,0,14.26,177.88
T00983,LIFT,EXC002,EXCAVATOR,OP006,2026-01-29 16:45:00,2026-01-29 18:25:00,2026-01-29 17:05:55,2026-01-29 17:19:05,13.16,70,46,65.7,69.01,8,0.198,0,1.74,75.75,0,4.63,82.44
T00984,DIG,EXC001,EXCAVATOR,OP006,2026-01-13 17:15:00,2026-01-13 18:30:00,2026-01-13 17:14:36,2026-01-13 18:22:52,68.27,612,275,44.9,49.17,74,0.794,1,5.04,54.08,0,9.36,339.96
T00985,LOAD,LOD001,LOADER,OP002,2026-01-17 14:30:00,2026-01-17 15:50:00,2026-01-17 14:40:26,2026-01-17 15:05:03,24.62,173,173,100.0,35.18,19,0.35,0,3.3,57.67,0,13.48,80.62
T00986,LIFT,EXC001,EXCAVATOR,OP001,2026-01-29 14:30:00,2026-01-29 16:10:00,2026-01-29 14:27:04,2026-01-29 14:51:42,24.64,81,53,65.4,85.29,10,0.256,0,7.75,89.62,0,10.73,129.92
T00987,LOAD,LOD001,LOADER,OP002,2026-01-24 06:30:00,2026-01-24 07:50:00,2026-01-24 06:28:57,2026-01-24 06:59:17,30.34,106,95,89.6,49.71,13,0.485,1,6.48,70.46,1,22.93,78.29
T00988,LOAD,LOD001,LOADER,OP001,2026-01-25 16:00:00,2026-01-25 17:20:00,2026-01-25 15:48:16,2026-01-25 16:13:08,24.85,154,154,100.0,46.28,20,0.689,0,5.53,75.13,0,9.43,117.39
T00989,DIG,EXC002,EXCAVATOR,OP006,2026-01-08 17:15:00,2026-01-08 18:30:00,2026-01-08 17:34:17,2026-01-08 18:09:44,35.46,438,438,100.0,33.52,50,0.61,0,4.88,68.08,0,7.53,166.7
T00990,LIFT,EXC002,EXCAVATOR,OP004,2026-01-04 11:15:00,2026-01-04 12:55:00,2026-01-04 11:21:38,2026-01-04 12:11:24,49.76,112,106,94.6,116.0,15,0.833,1,3.91,72.79,0,20.77,236.64
T00991,LIFT,EXC002,EXCAVATOR,OP007,2026-01-03 07:00:00,2026-01-03 08:40:00,2026-01-03 07:01:33,2026-01-03 07:25:54,24.36,128,83,64.8,86.9,14,0.119,0,6.67,78.74,0,6.13,159.72
T00992,GRADE,DOZ001,DOZER,OP008,2026-01-03 11:45:00,2026-01-03 13:45:00,2026-01-03 11:48:22,2026-01-03 13:17:10,88.79,958,623,65.0,49.49,104,0.082,0,5.89,49.21,0,8.15,483.36
T00993,GRADE,DOZ001,DOZER,OP008,2026-01-23 13:45:00,2026-01-23 15:45:00,2026-01-23 13:23:15,2026-01-23 14:30:55,67.67,483,483,100.0,60.4,58,0.419,0,9.51,72.0,0,9.28,348.82
T00994,LIFT,EXC002,EXCAVATOR,OP008,2026-01-05 17:00:00,2026-01-05 18:40:00,2026-01-05 17:03:55,2026-01-05 17:28:57,25.04,74,70,94.6,99.77,9,0.562,1,9.09,70.97,0,13.45,125.26
T00995,DIG,EXC001,EXCAVATOR,OP006,2026-01-30 07:45:00,2026-01-30 09:00:00,2026-01-30 07:55:07,2026-01-30 08:08:30,13.38,192,192,100.0,32.67,21,0.227,0,6.56,67.39,0,1.95,76.39
T00996,LOAD,LOD001,LOADER,OP003,2026-01-04 11:30:00,2026-01-04 12:50:00,2026-01-04 11:25:49,2026-01-04 11:49:04,23.26,135,135,100.0,52.25,18,0.697,0,4.55,77.83,0,7.58,124.72
T00997,GRADE,DOZ001,DOZER,OP003,2026-01-05 15:45:00,2026-01-05 17:45:00,2026-01-05 15:40:15,2026-01-05 16:13:23,33.15,249,137,55.0,51.36,29,0.31,0,1.31,61.24,0,12.1,148.39
T00998,LOAD,LOD001,LOADER,OP004,2026-01-06 17:45:00,2026-01-06 19:05:00,2026-01-06 17:14:03,2026-01-06 17:22:05,8.03,40,40,100.0,43.57,5,0.064,0,11.3,60.27,0,4.4,26.17
T00999,LOAD,LOD001,LOADER,OP001,2026-01-14 13:30:00,2026-01-14 14:50:00,2026-01-14 13:26:27,2026-01-14 13:48:15,21.8,184,175,95.1,43.17,21,0.401,0,3.59,85.74,0,7.15,121.33
T01000,LOAD,LOD001,LOADER,OP008,2026-01-27 17:15:00,2026-01-27 18:35:00,2026-01-27 17:05:11,2026-01-27 17:35:17,30.09,235,235,100.0,41.24,26,0.325,0,6.52,72.93,0,12.22,130.53
